age,tenure,monthly_charges,total_charges,support_tickets,gender_Female,gender_Male,contract_Month-to-month,contract_One year,contract_Two year,payment_method_Bank transfer,payment_method_Credit card,payment_method_Electronic check,payment_method_Mailed check,churn
0.5985274833680794,-1.2352100308854295,0.7707815181524268,-0.8172262531882226,0.4367917517450844,0.0,1.0,1.0,0.0,0.0,0.0,1.0,0.0,0.0,1
1.3941812468441335,-1.6268490964652356,1.3202145839872244,-1.1937449554534383,-0.40904820128567554,0.0,1.0,0.0,0.0,1.0,0.0,0.0,1.0,0.0,0
-0.013513873151962338,-1.333119797280381,-1.5411276417393327,-1.2361572974638293,-0.40904820128567554,1.0,0.0,0.0,1.0,0.0,0.0,0.0,1.0,0.0,1
-0.8703717722800207,1.163579245790883,-0.19730016837513095,0.6953112377139836,1.2826317047758444,1.0,0.0,0.0,1.0,0.0,0.0,0.0,0.0,1.0,0
0.843344025976096,-1.0883453812930022,-1.046361090011524,-1.0640043679882312,-1.2548881543164354,0.0,1.0,1.0,0.0,0.0,1.0,0.0,0.0,0.0,0
-1.2988007218440498,-0.8925258485030991,0.2054328849193929,-0.6306500575228935,-0.40904820128567554,1.0,0.0,0.0,1.0,0.0,0.0,0.0,0.0,1.0,1
-0.5031469583679957,-0.6477514325157203,0.49260507927889,-0.3270257486393208,-0.40904820128567554,1.0,0.0,0.0,1.0,0.0,0.0,0.0,0.0,1.0,1
0.5985274833680794,0.527165764223698,-0.7076362969055631,-0.11770578239884508,-0.40904820128567554,1.0,0.0,0.0,1.0,0.0,0.0,1.0,0.0,0.0,0
-0.625555229672004,1.6041731945681648,-0.16304709940935977,1.043459772354627,-0.40904820128567554,0.0,1.0,1.0,0.0,0.0,1.0,0.0,0.0,0.0,0
-0.38073868706398734,0.527165764223698,-0.7882521056835905,-0.16729535338291512,-0.40904820128567554,1.0,0.0,1.0,0.0,0.0,0.0,1.0,0.0,0.0,1
-1.1151883148880375,-0.30506725013339,-0.47651457903550987,-0.45266430627075105,0.4367917517450844,0.0,1.0,0.0,0.0,1.0,0.0,0.0,1.0,0.0,1
-1.1151883148880375,-0.5498416661207688,-1.2027488392289851,-0.8865743756167942,0.4367917517450844,1.0,0.0,0.0,1.0,0.0,0.0,0.0,1.0,0.0,0
-0.31953455141198317,-0.4029770165283415,1.3094888755231948,0.24634274917168938,2.128471657806604,0.0,1.0,0.0,1.0,0.0,0.0,0.0,0.0,1.0,1
1.4553853824961378,-0.5498416661207688,-1.7200047796716942,-1.0783747047607524,0.4367917517450844,0.0,1.0,0.0,1.0,0.0,0.0,0.0,1.0,0.0,0
0.4149150764120669,1.0656694793959314,1.2984171764635513,1.9575984440472038,0.4367917517450844,0.0,1.0,1.0,0.0,0.0,0.0,0.0,1.0,0.0,0
0.6597316190200835,0.2334364650388434,0.22342439589131308,0.32262991819649456,-0.40904820128567554,1.0,0.0,0.0,1.0,0.0,0.0,0.0,1.0,0.0,0
-0.31953455141198317,-0.5498416661207688,-0.606953033581932,-0.664736602206148,1.2826317047758444,0.0,1.0,1.0,0.0,0.0,0.0,0.0,0.0,1.0,1
-1.6048214001040708,0.5761206474211737,0.7472541576506851,0.9896040903434293,-1.2548881543164354,1.0,0.0,0.0,1.0,0.0,1.0,0.0,0.0,0.0,0
-0.4419428227159915,-1.2841649140829052,0.0023364052940615674,-0.9836945632554642,-1.2548881543164354,1.0,0.0,0.0,0.0,1.0,1.0,0.0,0.0,0.0,1
1.4553853824961378,-1.2352100308854295,-0.027764776524343723,-0.9413933730212143,-0.40904820128567554,0.0,1.0,0.0,1.0,0.0,0.0,0.0,1.0,0.0,0
-1.666025535756075,-0.7456611989106718,-1.3736681934622281,-1.0224336037114796,1.2826317047758444,1.0,0.0,1.0,0.0,0.0,0.0,0.0,0.0,1.0,1
-0.31953455141198317,0.42925599782874646,-0.4069704693171254,0.03054951520642774,-0.40904820128567554,0.0,1.0,1.0,0.0,0.0,0.0,0.0,1.0,0.0,1
0.9045481616281003,-1.4310295636753325,-0.920420513208082,-1.191140828126705,-0.40904820128567554,1.0,0.0,0.0,1.0,0.0,0.0,0.0,0.0,1.0,1
0.04769026250004183,1.359398778580786,-1.7002833157217045,-0.6382877724262997,-1.2548881543164354,0.0,1.0,0.0,0.0,1.0,0.0,0.0,0.0,1.0,0
0.5373233477160752,1.359398778580786,-0.508691704427598,0.5394076393218626,0.4367917517450844,1.0,0.0,0.0,1.0,0.0,0.0,0.0,0.0,1.0,0
-1.666025535756075,-1.6758039796627113,-1.4439042843718402,-1.3242477265264696,-0.40904820128567554,1.0,0.0,1.0,0.0,0.0,0.0,1.0,0.0,0.0,0
-0.5031469583679957,0.2823913482363192,-0.8660999896967072,-0.34368792917703594,-0.40904820128567554,1.0,0.0,1.0,0.0,0.0,0.0,1.0,0.0,0.0,0
0.23130266945605435,0.8698499466060283,-1.4345625382902663,-0.5239337665440463,-0.40904820128567554,1.0,0.0,0.0,1.0,0.0,1.0,0.0,0.0,0.0,0
-1.0539841792360332,-0.9904356148980507,-1.4054993282587025,-1.1042360180095694,1.2826317047758444,1.0,0.0,0.0,1.0,0.0,0.0,1.0,0.0,0.0,0
-0.4419428227159915,-0.8925258485030991,-1.0660825539615137,-0.9766126072327631,1.2826317047758444,1.0,0.0,0.0,0.0,1.0,1.0,0.0,0.0,0.0,1
0.9045481616281003,1.1146243625934071,1.704610135714214,2.3887032542811153,-0.40904820128567554,1.0,0.0,1.0,0.0,0.0,0.0,1.0,0.0,0.0,1
-0.258330415759979,-0.9904356148980507,-1.7469920461295747,-1.1963861333722186,0.4367917517450844,1.0,0.0,0.0,1.0,0.0,0.0,0.0,0.0,1.0,1
1.2105688398881211,-1.4799844468728083,0.4552380949525941,-1.085170841930519,1.2826317047758444,0.0,1.0,1.0,0.0,0.0,0.0,0.0,0.0,1.0,1
-0.13592214445597067,1.0167145961984556,-1.2660651182263203,-0.33151945616045175,1.2826317047758444,1.0,0.0,0.0,1.0,0.0,1.0,0.0,0.0,0.0,0
0.7821398903240918,0.527165764223698,1.430585583988043,1.4292570014567598,-0.40904820128567554,1.0,0.0,0.0,0.0,1.0,0.0,0.0,1.0,0.0,0
-0.0747180088039665,0.5761206474211737,-1.4307566417385138,-0.6114949014345864,-0.40904820128567554,1.0,0.0,1.0,0.0,0.0,1.0,0.0,0.0,0.0,0
-0.8091676366280165,0.2823913482363192,1.549952339474822,1.212765099184326,2.128471657806604,0.0,1.0,1.0,0.0,0.0,0.0,1.0,0.0,0.0,1
-0.8703717722800207,1.163579245790883,0.35905270937194317,1.219614165771303,2.128471657806604,1.0,0.0,0.0,1.0,0.0,1.0,0.0,0.0,0.0,0
1.0881605685841127,-1.5778942132677598,-1.7501059614900996,-1.3178644388109408,0.4367917517450844,0.0,1.0,0.0,1.0,0.0,0.0,0.0,1.0,0.0,0
1.3329771111921294,-1.6758039796627113,1.3385520855547586,-1.2450176819047871,-0.40904820128567554,1.0,0.0,1.0,0.0,0.0,0.0,0.0,0.0,1.0,1
0.9045481616281003,1.1146243625934071,0.05042909808438703,0.8947334029361852,2.128471657806604,0.0,1.0,1.0,0.0,0.0,0.0,1.0,0.0,0.0,1
1.577793653800146,-0.45193189972581727,-0.8456865445554899,-0.6941177216994314,-0.40904820128567554,1.0,0.0,0.0,1.0,0.0,0.0,1.0,0.0,0.0,0
1.3941812468441335,-0.45193189972581727,0.9001820009120078,0.015289964224778307,0.4367917517450844,1.0,0.0,0.0,0.0,1.0,0.0,0.0,0.0,1.0,0
1.7002019251041545,-1.4310295636753325,1.451691010320488,-0.9403241987935718,0.4367917517450844,0.0,1.0,1.0,0.0,0.0,0.0,1.0,0.0,0.0,1
-1.6048214001040708,1.3104438953833102,-0.08104732824887667,0.9139626602085863,-0.40904820128567554,1.0,0.0,0.0,0.0,1.0,0.0,1.0,0.0,0.0,0
0.47611921206407104,0.4782108810262222,-0.6626575194757621,-0.09602589310961987,0.4367917517450844,0.0,1.0,1.0,0.0,0.0,0.0,0.0,1.0,0.0,1
1.3329771111921294,1.3104438953833102,0.9749159695645998,1.9383003785324295,0.4367917517450844,1.0,0.0,1.0,0.0,0.0,0.0,1.0,0.0,0.0,1
-1.3600048574960542,-1.1862551476879537,0.6043600416621644,-0.8033058164619867,0.4367917517450844,1.0,0.0,1.0,0.0,0.0,0.0,0.0,1.0,0.0,1
-0.5031469583679957,-1.137300264490478,1.320560574582838,-0.6097270588997716,-0.40904820128567554,1.0,0.0,0.0,0.0,1.0,0.0,0.0,0.0,1.0,1
-1.2375965861920457,0.33134623143379494,0.6413810353928463,0.6701644715975021,-0.40904820128567554,1.0,0.0,1.0,0.0,0.0,0.0,0.0,0.0,1.0,0
0.5985274833680794,-0.9414807317005749,-0.9121167389133495,-0.9629674034760195,-1.2548881543164354,1.0,0.0,0.0,1.0,0.0,1.0,0.0,0.0,0.0,0
-0.6867593653240082,1.3104438953833102,1.4689905401011807,2.402957146335775,0.4367917517450844,0.0,1.0,1.0,0.0,0.0,1.0,0.0,0.0,0.0,1
-1.5436172644520665,-0.011337950948535399,-1.3920056950297623,-0.7858179370157954,1.2826317047758444,0.0,1.0,0.0,0.0,1.0,0.0,0.0,0.0,1.0,0
-0.258330415759979,-1.3820746804778568,-0.8276950335835697,-1.1637974911960076,2.128471657806604,1.0,0.0,0.0,0.0,1.0,0.0,1.0,0.0,0.0,1
-0.9315759079320248,1.6041731945681648,0.04523923915017905,1.2601475134707383,-1.2548881543164354,1.0,0.0,0.0,1.0,0.0,0.0,1.0,0.0,0.0,0
1.2717729755401253,-0.011337950948535399,0.20266496015448165,0.09472114063185907,-0.40904820128567554,1.0,0.0,0.0,0.0,1.0,1.0,0.0,0.0,0.0,1
-1.2375965861920457,-0.4029770165283415,-1.70166727810416,-1.044748646007225,-0.40904820128567554,1.0,0.0,0.0,1.0,0.0,0.0,0.0,0.0,1.0,0
-0.19712628010797484,0.527165764223698,0.9461987501286501,1.0741164908026721,-0.40904820128567554,0.0,1.0,0.0,0.0,1.0,0.0,0.0,1.0,0.0,0
1.4553853824961378,-0.30506725013339,-0.5035018454933904,-0.46534090169255143,-0.40904820128567554,1.0,0.0,1.0,0.0,0.0,0.0,0.0,0.0,1.0,0
-1.666025535756075,-0.6477514325157203,-0.34849805865838446,-0.6276224948584802,0.4367917517450844,0.0,1.0,1.0,0.0,0.0,0.0,1.0,0.0,0.0,1
-0.5643510940199998,-0.9904356148980507,1.0458440416654393,-0.5058848352754286,1.2826317047758444,1.0,0.0,0.0,1.0,0.0,0.0,0.0,1.0,0.0,0
-0.0747180088039665,-1.0883453812930022,-0.4422615100697384,-0.933782122826413,2.9743116108373644,0.0,1.0,1.0,0.0,0.0,0.0,1.0,0.0,0.0,1
1.0881605685841127,1.7020829609631163,-1.5912962781033413,-0.4328369465838766,2.128471657806604,0.0,1.0,1.0,0.0,0.0,0.0,1.0,0.0,0.0,1
-1.3600048574960542,0.7719401802110768,-1.1442764285702443,-0.3167045122833665,1.2826317047758444,0.0,1.0,1.0,0.0,0.0,1.0,0.0,0.0,0.0,1
0.9045481616281003,0.03761693224894037,1.5527202642397329,0.90347204971756,0.4367917517450844,0.0,1.0,1.0,0.0,0.0,1.0,0.0,0.0,0.0,1
-1.2988007218440498,-0.35402213333086574,-1.5110264599209275,-0.9441562885995776,-0.40904820128567554,1.0,0.0,0.0,1.0,0.0,0.0,0.0,0.0,1.0,0
1.0881605685841127,1.5062634281732132,-0.5266832153995182,0.6025947775871873,-0.40904820128567554,0.0,1.0,1.0,0.0,0.0,1.0,0.0,0.0,0.0,0
0.35371094076006265,-1.0393904980955264,-0.013579162104175905,-0.7995689996069592,-0.40904820128567554,0.0,1.0,0.0,0.0,1.0,0.0,0.0,0.0,1.0,0
-0.9315759079320248,0.527165764223698,-0.047832231069947086,0.3666195568397443,0.4367917517450844,0.0,1.0,0.0,0.0,1.0,0.0,1.0,0.0,0.0,0
-0.7479635009760124,0.4782108810262222,-1.7407642154085254,-0.8619092671969236,-1.2548881543164354,0.0,1.0,0.0,0.0,1.0,1.0,0.0,0.0,0.0,0
0.4149150764120669,0.7719401802110768,-0.020498974016452554,0.5623525416824073,0.4367917517450844,0.0,1.0,1.0,0.0,0.0,1.0,0.0,0.0,0.0,0
1.2717729755401253,-0.8435709653056234,-0.42669193326711496,-0.7771745631853987,0.4367917517450844,0.0,1.0,1.0,0.0,0.0,1.0,0.0,0.0,0.0,1
0.6597316190200835,-0.7456611989106718,1.6087707407291765,-0.05078182727849267,0.4367917517450844,1.0,0.0,0.0,0.0,1.0,0.0,0.0,1.0,0.0,1
-1.5436172644520665,1.359398778580786,-1.2037868110158267,-0.1480396314019089,-1.2548881543164354,1.0,0.0,0.0,0.0,1.0,0.0,0.0,1.0,0.0,0
-1.666025535756075,0.03761693224894037,-0.5291051495688153,-0.2675330836952557,-1.2548881543164354,1.0,0.0,0.0,1.0,0.0,0.0,1.0,0.0,0.0,1
-1.4212089931480583,-0.45193189972581727,-0.30317329063296977,-0.4787479230718501,0.4367917517450844,0.0,1.0,1.0,0.0,0.0,0.0,0.0,1.0,0.0,1
1.516589518148142,0.9188048298035041,-0.40281858216975924,0.35919885254689915,-1.2548881543164354,0.0,1.0,0.0,1.0,0.0,0.0,0.0,0.0,1.0,0
0.7821398903240918,-0.35402213333086574,0.5490015463639478,-0.03320926076476532,-1.2548881543164354,1.0,0.0,0.0,1.0,0.0,0.0,0.0,0.0,1.0,1
-1.5436172644520665,-0.7946160821081476,-1.0089941056852283,-0.9258109525945837,-0.40904820128567554,1.0,0.0,1.0,0.0,0.0,0.0,0.0,1.0,0.0,0
1.516589518148142,-0.5498416661207688,-0.9896186323308525,-0.8083605758055439,-0.40904820128567554,0.0,1.0,0.0,1.0,0.0,0.0,0.0,1.0,0.0,1
-0.013513873151962338,1.6531280777656405,0.7683595839831301,2.077832908181491,-1.2548881543164354,0.0,1.0,0.0,0.0,1.0,0.0,1.0,0.0,0.0,0
-0.6867593653240082,1.3104438953833102,-0.02361288937697734,0.9747891464663442,-1.2548881543164354,0.0,1.0,0.0,1.0,0.0,1.0,0.0,0.0,0.0,0
-0.19712628010797484,-0.011337950948535399,-0.3180508862443654,-0.1842327668901223,1.2826317047758444,0.0,1.0,1.0,0.0,0.0,0.0,0.0,0.0,1.0,1
0.9045481616281003,-1.6758039796627113,-1.1691877514544415,-1.3216594780248996,-1.2548881543164354,0.0,1.0,0.0,1.0,0.0,0.0,1.0,0.0,0.0,1
0.2925068051080585,-0.6967063157131961,-1.1058714724571068,-0.910133259216975,0.4367917517450844,1.0,0.0,0.0,0.0,1.0,0.0,0.0,1.0,0.0,0
-1.1763924505400416,-0.9904356148980507,-1.717928836098011,-1.176426450142319,-0.40904820128567554,1.0,0.0,0.0,1.0,0.0,0.0,0.0,1.0,0.0,0
0.4149150764120669,-0.8925258485030991,-1.4383684348420185,-1.0833394840950525,-1.2548881543164354,1.0,0.0,0.0,1.0,0.0,1.0,0.0,0.0,0.0,0
-0.9315759079320248,1.6041731945681648,0.1718717971448493,1.3998758819634762,1.2826317047758444,1.0,0.0,0.0,1.0,0.0,1.0,0.0,0.0,0.0,0
0.108894398152046,0.8698499466060283,1.3312862830468672,1.7543918254944857,0.4367917517450844,1.0,0.0,0.0,1.0,0.0,0.0,0.0,0.0,1.0,0
1.1493647042361168,-0.30506725013339,-0.7609188486300962,-0.5808434759282625,1.2826317047758444,1.0,0.0,0.0,1.0,0.0,0.0,1.0,0.0,0.0,1
-0.8703717722800207,0.42925599782874646,-0.6207926574064859,-0.10603484590403503,1.2826317047758444,1.0,0.0,1.0,0.0,0.0,0.0,1.0,0.0,0.0,1
-1.2988007218440498,-0.8435709653056234,-1.3546387107034663,-1.046860529753905,0.4367917517450844,0.0,1.0,1.0,0.0,0.0,0.0,0.0,1.0,0.0,1
-0.9315759079320248,-0.10924771734348693,-0.4100843846776502,-0.3054570111262367,-0.40904820128567554,0.0,1.0,1.0,0.0,0.0,0.0,0.0,1.0,0.0,1
-0.38073868706398734,-1.137300264490478,-1.6258953376647265,-1.1915430916975014,1.2826317047758444,0.0,1.0,1.0,0.0,0.0,0.0,1.0,0.0,0.0,1
1.7002019251041545,0.33134623143379494,1.4202058661196275,1.1794036875168488,0.4367917517450844,1.0,0.0,1.0,0.0,0.0,0.0,0.0,1.0,0.0,1
0.6597316190200835,1.2614890121858344,0.5742588598437591,1.5092439367445458,0.4367917517450844,1.0,0.0,1.0,0.0,0.0,0.0,0.0,1.0,0.0,0
-0.5031469583679957,-0.6967063157131961,1.673124991513353,0.02410800513196797,-0.40904820128567554,0.0,1.0,0.0,0.0,1.0,1.0,0.0,0.0,0.0,1
-0.8091676366280165,0.7719401802110768,1.299801138846007,1.6126468462060455,1.2826317047758444,1.0,0.0,1.0,0.0,0.0,0.0,0.0,0.0,1.0,1
0.9657522972801044,0.7719401802110768,-0.1180683219795591,0.48937875417494947,-1.2548881543164354,0.0,1.0,1.0,0.0,0.0,0.0,0.0,0.0,1.0,0
-0.6867593653240082,-0.011337950948535399,0.04350928617210989,0.01000231544549718,-0.40904820128567554,1.0,0.0,1.0,0.0,0.0,0.0,0.0,1.0,0.0,1
1.0881605685841127,-0.8435709653056234,-1.0951457639930773,-0.968980185271078,-0.40904820128567554,0.0,1.0,0.0,1.0,0.0,1.0,0.0,0.0,0.0,0
1.4553853824961378,0.08657181544641612,-0.15612728749708263,-0.03043046636123914,-1.2548881543164354,0.0,1.0,1.0,0.0,0.0,0.0,0.0,0.0,1.0,0
-0.31953455141198317,1.6531280777656405,1.369691239160005,2.7237941016960465,-0.40904820128567554,0.0,1.0,1.0,0.0,0.0,0.0,0.0,1.0,0.0,1
-0.19712628010797484,1.0167145961984556,-1.5784946260656285,-0.6083773587609161,-0.40904820128567554,0.0,1.0,1.0,0.0,0.0,0.0,0.0,1.0,0.0,0
-0.258330415759979,-0.7946160821081476,1.2333709444881473,-0.2352090886050949,1.2826317047758444,0.0,1.0,0.0,0.0,1.0,0.0,0.0,0.0,1.0,1
0.9657522972801044,-1.333119797280381,-0.5751218987854575,-1.1006526964644507,-0.40904820128567554,0.0,1.0,0.0,0.0,1.0,0.0,1.0,0.0,0.0,1
0.7209357546720877,-0.20715748373843845,1.3575815683135202,0.49334316752398005,0.4367917517450844,1.0,0.0,0.0,0.0,1.0,0.0,1.0,0.0,0.0,1
-0.013513873151962338,-1.5778942132677598,1.500821674897655,-1.112757654180383,0.4367917517450844,1.0,0.0,1.0,0.0,0.0,0.0,0.0,1.0,0.0,1
-0.8703717722800207,0.6740304138161253,0.5666470667402544,0.9240615930122585,-0.40904820128567554,0.0,1.0,0.0,1.0,0.0,1.0,0.0,0.0,0.0,0
0.9657522972801044,-1.528939330070284,0.5441576780253539,-1.1320239620448311,0.4367917517450844,1.0,0.0,0.0,1.0,0.0,1.0,0.0,0.0,0.0,1
-1.727229671408079,-0.7946160821081476,-0.18795842229355708,-0.6676688919195832,-0.40904820128567554,1.0,0.0,1.0,0.0,0.0,0.0,1.0,0.0,0.0,1
-0.258330415759979,0.03761693224894037,1.1361475871206548,0.6635377085628072,-1.2548881543164354,0.0,1.0,1.0,0.0,0.0,0.0,0.0,0.0,1.0,0
-1.3600048574960542,-0.6967063157131961,1.5724417281897223,-0.019812825268908422,-1.2548881543164354,0.0,1.0,1.0,0.0,0.0,0.0,0.0,1.0,0.0,1
-1.2375965861920457,1.0656694793959314,0.9271692673698884,1.6317702446440265,1.2826317047758444,0.0,1.0,0.0,1.0,0.0,1.0,0.0,0.0,0.0,0
-0.31953455141198317,1.555218311370689,0.3971116748894667,1.5979007105713334,0.4367917517450844,0.0,1.0,1.0,0.0,0.0,0.0,0.0,1.0,0.0,1
-1.727229671408079,0.3803011146312707,0.3448670949517753,0.5116885035289738,-0.40904820128567554,1.0,0.0,1.0,0.0,0.0,0.0,0.0,1.0,0.0,1
0.9045481616281003,-0.10924771734348693,1.1845862705065942,0.5231053788211757,2.128471657806604,0.0,1.0,1.0,0.0,0.0,1.0,0.0,0.0,0.0,1
-1.2988007218440498,0.2823913482363192,0.11789726422908828,0.29162915853658455,-1.2548881543164354,1.0,0.0,0.0,1.0,0.0,0.0,1.0,0.0,0.0,0
-0.31953455141198317,-1.333119797280381,1.0268145589066775,-0.8823347292982713,0.4367917517450844,1.0,0.0,0.0,0.0,1.0,0.0,0.0,1.0,0.0,1
-1.1151883148880375,-1.4310295636753325,0.006142301845813921,-1.1065172758913213,0.4367917517450844,0.0,1.0,0.0,1.0,0.0,1.0,0.0,0.0,0.0,1
1.3329771111921294,1.555218311370689,-1.5387057075700359,-0.4143698729192999,0.4367917517450844,1.0,0.0,0.0,1.0,0.0,0.0,0.0,1.0,0.0,0
-0.7479635009760124,-0.8435709653056234,-0.4263459426715012,-0.7789053551281665,0.4367917517450844,0.0,1.0,1.0,0.0,0.0,0.0,1.0,0.0,0.0,1
-1.2988007218440498,-0.2561123669359142,-0.21702163232512078,-0.30794469373510763,-1.2548881543164354,1.0,0.0,1.0,0.0,0.0,0.0,0.0,0.0,1.0,1
0.35371094076006265,-0.060292834146011165,-1.2646811558438649,-0.7273097592318366,-1.2548881543164354,0.0,1.0,1.0,0.0,0.0,0.0,0.0,1.0,0.0,0
0.35371094076006265,1.0167145961984556,-1.399963478728881,-0.44799593167282714,-1.2548881543164354,1.0,0.0,0.0,0.0,1.0,0.0,0.0,1.0,0.0,0
0.23130266945605435,1.2125341289883587,0.09817580027909846,1.011389838467075,-0.40904820128567554,1.0,0.0,0.0,0.0,1.0,0.0,0.0,0.0,1.0,0
-1.4824131288000624,-0.2561123669359142,-1.4601658423656911,-0.8960540342391091,0.4367917517450844,0.0,1.0,0.0,1.0,0.0,0.0,0.0,1.0,0.0,0
0.7821398903240918,0.8208950634085526,-0.7065983251187214,0.04825440526318039,-1.2548881543164354,1.0,0.0,1.0,0.0,0.0,0.0,0.0,1.0,0.0,0
0.5985274833680794,-0.20715748373843845,0.8216421357076631,0.23459241855106425,-1.2548881543164354,1.0,0.0,1.0,0.0,0.0,1.0,0.0,0.0,0.0,1
0.7209357546720877,1.4573085449757375,1.5821294648669102,2.7122290240356572,-0.40904820128567554,1.0,0.0,1.0,0.0,0.0,0.0,0.0,0.0,1.0,0
-0.0747180088039665,1.1146243625934071,0.729262646678765,1.4969643119518206,-0.40904820128567554,1.0,0.0,0.0,0.0,1.0,1.0,0.0,0.0,0.0,0
-1.3600048574960542,-1.2841649140829052,1.6796988128300165,-0.7312212431636571,0.4367917517450844,1.0,0.0,0.0,1.0,0.0,0.0,0.0,1.0,0.0,1
-1.2375965861920457,-1.6758039796627113,0.6614484899384497,-1.273811284867039,-1.2548881543164354,0.0,1.0,0.0,0.0,1.0,1.0,0.0,0.0,0.0,1
-1.2988007218440498,1.4573085449757375,-0.7380834693195819,0.3687843700036343,-0.40904820128567554,0.0,1.0,0.0,1.0,0.0,0.0,0.0,0.0,1.0,1
-1.0539841792360332,1.163579245790883,0.5707989538876203,1.4071219191795286,-1.2548881543164354,1.0,0.0,1.0,0.0,0.0,0.0,0.0,1.0,0.0,0
0.2925068051080585,-0.9414807317005749,0.67494212316739,-0.5549768697377244,-0.40904820128567554,0.0,1.0,1.0,0.0,0.0,0.0,0.0,0.0,1.0,1
0.23130266945605435,-0.9904356148980507,-0.4685567953363911,-0.8734002436732193,-0.40904820128567554,1.0,0.0,1.0,0.0,0.0,0.0,0.0,1.0,0.0,1
1.1493647042361168,-0.9904356148980507,-1.6933635038094277,-1.1889495502542102,0.4367917517450844,1.0,0.0,0.0,1.0,0.0,0.0,1.0,0.0,0.0,1
1.577793653800146,0.4782108810262222,0.6784020291235283,0.8393745254762226,-0.40904820128567554,0.0,1.0,1.0,0.0,0.0,1.0,0.0,0.0,0.0,0
-0.38073868706398734,0.13552669864389189,-1.6795238799848735,-0.8974460779117327,0.4367917517450844,0.0,1.0,0.0,1.0,0.0,0.0,0.0,0.0,1.0,0
-0.31953455141198317,-0.2561123669359142,0.4292888002815552,0.0036137347882473844,-0.40904820128567554,1.0,0.0,0.0,1.0,0.0,0.0,0.0,1.0,0.0,0
0.47611921206407104,-1.724758862860187,-1.1885632248088174,-1.3446202592106073,0.4367917517450844,0.0,1.0,1.0,0.0,0.0,0.0,0.0,1.0,0.0,1
0.35371094076006265,-1.2352100308854295,0.2023189695588681,-0.9220053274971831,-0.40904820128567554,1.0,0.0,1.0,0.0,0.0,0.0,0.0,0.0,1.0,1
0.9045481616281003,-1.5778942132677598,-0.011157227934878684,-1.2064215508752387,0.4367917517450844,0.0,1.0,1.0,0.0,0.0,1.0,0.0,0.0,0.0,1
0.6597316190200835,1.7020829609631163,-1.7078951088252092,-0.5539447461021291,0.4367917517450844,1.0,0.0,0.0,1.0,0.0,0.0,0.0,1.0,0.0,0
-0.4419428227159915,-0.500886782923293,-0.49900396775041017,-0.5899526286301073,-0.40904820128567554,0.0,1.0,1.0,0.0,0.0,0.0,0.0,1.0,0.0,1
-0.13592214445597067,0.6740304138161253,0.3251456310017855,0.7556296015665253,-1.2548881543164354,1.0,0.0,1.0,0.0,0.0,0.0,0.0,1.0,0.0,0
0.35371094076006265,-1.1862551476879537,1.1814723551460695,-0.6888777093956392,-1.2548881543164354,0.0,1.0,0.0,0.0,1.0,0.0,0.0,0.0,1.0,0
-1.727229671408079,1.4083536617782617,1.3198685933916103,2.386866603503928,0.4367917517450844,1.0,0.0,0.0,1.0,0.0,0.0,0.0,1.0,0.0,0
0.35371094076006265,0.527165764223698,-0.08070133765326314,0.3304370072349729,0.4367917517450844,0.0,1.0,1.0,0.0,0.0,0.0,0.0,0.0,1.0,0
0.47611921206407104,0.8208950634085526,0.7655916592182194,1.2421832692696568,-0.40904820128567554,1.0,0.0,0.0,1.0,0.0,0.0,0.0,1.0,0.0,0
1.0881605685841127,1.7020829609631163,-0.6595436041152376,0.5785859939407213,-0.40904820128567554,1.0,0.0,0.0,0.0,1.0,0.0,0.0,0.0,1.0,0
-0.9315759079320248,-1.6758039796627113,-0.5706240210424776,-1.3024725642862665,-1.2548881543164354,0.0,1.0,0.0,1.0,0.0,0.0,0.0,1.0,0.0,1
-1.6048214001040708,-0.5987965493182446,-1.081652130764137,-0.8600143940608047,-0.40904820128567554,0.0,1.0,1.0,0.0,0.0,1.0,0.0,0.0,0.0,1
-1.727229671408079,-1.5778942132677598,0.18951731752115544,-1.202589461069233,0.4367917517450844,0.0,1.0,1.0,0.0,0.0,0.0,0.0,1.0,0.0,1
-1.4824131288000624,-0.8435709653056234,-0.6661174254319007,-0.8427276464000115,-1.2548881543164354,1.0,0.0,0.0,1.0,0.0,0.0,0.0,1.0,0.0,0
-0.19712628010797484,-0.500886782923293,-1.4625877765349884,-0.9721718291288424,-0.40904820128567554,1.0,0.0,1.0,0.0,0.0,0.0,0.0,0.0,1.0,0
1.577793653800146,0.18448158184136765,0.6154317407218074,0.5305895984146728,0.4367917517450844,1.0,0.0,0.0,1.0,0.0,0.0,0.0,0.0,1.0,1
-0.9315759079320248,0.6740304138161253,0.6943175965217657,1.0419354051389784,0.4367917517450844,0.0,1.0,0.0,0.0,1.0,0.0,0.0,0.0,1.0,0
0.5985274833680794,0.33134623143379494,-0.5090376950232118,-0.08672090156409795,2.128471657806604,0.0,1.0,0.0,0.0,1.0,0.0,1.0,0.0,0.0,0
-0.13592214445597067,1.5062634281732132,-1.4892290523972547,-0.37017380954893114,-0.40904820128567554,1.0,0.0,1.0,0.0,0.0,0.0,1.0,0.0,0.0,0
-1.2375965861920457,-1.1862551476879537,-0.27964593013122785,-0.9706051183794256,-0.40904820128567554,1.0,0.0,1.0,0.0,0.0,0.0,0.0,1.0,0.0,1
-0.8703717722800207,1.5062634281732132,-0.22428743483301145,0.9160057357128935,-1.2548881543164354,1.0,0.0,1.0,0.0,0.0,0.0,1.0,0.0,0.0,0
-0.8703717722800207,-0.45193189972581727,0.5590352736367497,-0.12475598077122015,0.4367917517450844,0.0,1.0,0.0,1.0,0.0,0.0,0.0,0.0,1.0,0
-0.19712628010797484,0.8698499466060283,-0.6633495006669899,0.11528951215967387,-0.40904820128567554,1.0,0.0,1.0,0.0,0.0,0.0,0.0,1.0,0.0,0
0.7821398903240918,1.4573085449757375,0.6071279664270751,1.719426652485545,-0.40904820128567554,0.0,1.0,1.0,0.0,0.0,0.0,1.0,0.0,0.0,0
-0.992780043584029,0.6250755306186495,1.2607042015416419,1.420867688828971,-1.2548881543164354,0.0,1.0,1.0,0.0,0.0,0.0,1.0,0.0,0.0,0
1.3329771111921294,-0.9904356148980507,-0.9328761746501807,-0.9879871389911971,-0.40904820128567554,1.0,0.0,1.0,0.0,0.0,0.0,1.0,0.0,0.0,1
0.17009853380405018,-1.6758039796627113,1.6322981012309188,-1.2322563994154507,-1.2548881543164354,1.0,0.0,1.0,0.0,0.0,0.0,0.0,1.0,0.0,1
0.5985274833680794,1.163579245790883,-0.41769617778115486,0.5038655356653325,-0.40904820128567554,1.0,0.0,1.0,0.0,0.0,0.0,0.0,1.0,0.0,0
1.2105688398881211,0.8698499466060283,-0.8297709771572529,-0.02673599303997956,-1.2548881543164354,0.0,1.0,0.0,1.0,0.0,0.0,0.0,0.0,1.0,0
1.3941812468441335,-0.30506725013339,-0.29625347872069285,-0.381712422500716,0.4367917517450844,0.0,1.0,1.0,0.0,0.0,1.0,0.0,0.0,0.0,1
0.17009853380405018,0.08657181544641612,-1.4279887169736032,-0.763709319447169,-1.2548881543164354,1.0,0.0,1.0,0.0,0.0,0.0,0.0,1.0,0.0,0
-1.5436172644520665,-0.4029770165283415,-1.3196936605464673,-0.8710290057822105,1.2826317047758444,1.0,0.0,0.0,0.0,1.0,0.0,1.0,0.0,0.0,1
0.04769026250004183,-0.5498416661207688,-0.3208188110092764,-0.5531508048439787,1.2826317047758444,0.0,1.0,0.0,0.0,1.0,0.0,0.0,0.0,1.0,0
0.47611921206407104,-1.2841649140829052,0.8832284617269288,-0.8478935575197096,-0.40904820128567554,0.0,1.0,1.0,0.0,0.0,0.0,0.0,0.0,1.0,1
-0.38073868706398734,1.163579245790883,1.360349493078431,2.126919649702066,-1.2548881543164354,0.0,1.0,1.0,0.0,0.0,1.0,0.0,0.0,0.0,0
0.5985274833680794,0.2823913482363192,0.5455416404078095,0.5623737134492913,-0.40904820128567554,1.0,0.0,0.0,1.0,0.0,1.0,0.0,0.0,0.0,0
0.9657522972801044,0.18448158184136765,-1.3906217326473072,-0.7128547353917793,-1.2548881543164354,0.0,1.0,1.0,0.0,0.0,0.0,0.0,1.0,0.0,0
-0.8703717722800207,0.2823913482363192,0.5704529632920068,0.5750503088710917,0.4367917517450844,0.0,1.0,1.0,0.0,0.0,0.0,1.0,0.0,0.0,1
0.843344025976096,0.527165764223698,0.443820405297337,0.7175310070587511,-0.40904820128567554,0.0,1.0,1.0,0.0,0.0,0.0,0.0,0.0,1.0,1
-0.013513873151962338,0.03761693224894037,1.0333883802233408,0.6130536304278879,-1.2548881543164354,0.0,1.0,1.0,0.0,0.0,0.0,0.0,1.0,0.0,1
0.4149150764120669,-0.6967063157131961,1.100510555772428,-0.1679675569814824,-0.40904820128567554,0.0,1.0,0.0,1.0,0.0,0.0,1.0,0.0,0.0,1
-0.992780043584029,1.0167145961984556,1.2492865118863843,1.8579799879162207,-0.40904820128567554,1.0,0.0,0.0,0.0,1.0,0.0,1.0,0.0,0.0,0
0.17009853380405018,-0.45193189972581727,-0.321856782796118,-0.49005364658791095,1.2826317047758444,0.0,1.0,0.0,1.0,0.0,0.0,1.0,0.0,0.0,1
-1.3600048574960542,0.2334364650388434,0.6600645275559945,0.5852868581595101,1.2826317047758444,1.0,0.0,1.0,0.0,0.0,0.0,1.0,0.0,0.0,0
1.3329771111921294,-0.10924771734348693,-0.8263110712011142,-0.5246483136763815,-1.2548881543164354,0.0,1.0,1.0,0.0,0.0,1.0,0.0,0.0,0.0,0
-0.4419428227159915,-0.20715748373843845,1.7028801827361448,0.668126689034916,-1.2548881543164354,1.0,0.0,0.0,1.0,0.0,0.0,1.0,0.0,0.0,0
-0.0747180088039665,1.4573085449757375,-1.1480823251219967,-0.05259201334707548,-1.2548881543164354,1.0,0.0,1.0,0.0,0.0,0.0,0.0,1.0,0.0,0
-1.666025535756075,-1.1862551476879537,-1.7196587890760802,-1.223480702042029,0.4367917517450844,1.0,0.0,1.0,0.0,0.0,1.0,0.0,0.0,0.0,1
0.7821398903240918,0.18448158184136765,-1.2397698329596674,-0.6223242601957569,-0.40904820128567554,1.0,0.0,0.0,1.0,0.0,1.0,0.0,0.0,0.0,0
0.9657522972801044,-1.2841649140829052,0.9299371921347991,-0.8311625687396216,-1.2548881543164354,0.0,1.0,0.0,0.0,1.0,0.0,0.0,1.0,0.0,1
1.7002019251041545,0.5761206474211737,-0.208717858030388,0.27142599998751893,0.4367917517450844,0.0,1.0,1.0,0.0,0.0,0.0,0.0,0.0,1.0,1
1.4553853824961378,-0.7946160821081476,-0.20629592386109127,-0.6740892302271589,1.2826317047758444,1.0,0.0,0.0,0.0,1.0,0.0,0.0,0.0,1.0,1
-1.4212089931480583,0.13552669864389189,1.549606348879208,1.0206313147119443,-0.40904820128567554,1.0,0.0,1.0,0.0,0.0,1.0,0.0,0.0,0.0,0
-0.0747180088039665,1.163579245790883,1.4271256780319042,2.189344604359566,-0.40904820128567554,1.0,0.0,1.0,0.0,0.0,0.0,0.0,1.0,0.0,0
-0.0747180088039665,1.4573085449757375,-0.6778811056827718,0.4244555310251358,-0.40904820128567554,1.0,0.0,1.0,0.0,0.0,0.0,1.0,0.0,0.0,0
0.9045481616281003,1.4083536617782617,-1.0311375038045147,0.045734965003983205,-1.2548881543164354,1.0,0.0,0.0,1.0,0.0,0.0,0.0,1.0,0.0,0
0.9045481616281003,0.722985297013601,1.1811263645504555,1.4748451084997523,0.4367917517450844,0.0,1.0,0.0,0.0,1.0,0.0,0.0,0.0,1.0,0
-0.5643510940199998,-0.011337950948535399,1.3800709570284204,0.7467374594752416,1.2826317047758444,0.0,1.0,0.0,1.0,0.0,0.0,1.0,0.0,0.0,1
0.04769026250004183,-0.5987965493182446,0.11928122661154342,-0.4227909431974144,0.4367917517450844,1.0,0.0,1.0,0.0,0.0,0.0,0.0,0.0,1.0,1
-1.1151883148880375,-0.45193189972581727,0.4230609695605056,-0.17412324820300806,0.4367917517450844,1.0,0.0,1.0,0.0,0.0,0.0,0.0,0.0,1.0,1
1.577793653800146,-1.6758039796627113,-0.8657539991010934,-1.3140323490049353,1.2826317047758444,0.0,1.0,0.0,1.0,0.0,0.0,0.0,1.0,0.0,1
-0.0747180088039665,-0.2561123669359142,1.0160888504426482,0.2749881497657535,-1.2548881543164354,1.0,0.0,1.0,0.0,0.0,1.0,0.0,0.0,0.0,0
-0.258330415759979,1.0167145961984556,0.43240271564207944,1.1479265631020483,-0.40904820128567554,0.0,1.0,1.0,0.0,0.0,0.0,1.0,0.0,0.0,1
0.5985274833680794,1.4573085449757375,-0.012541190317334309,1.0976065661604801,2.128471657806604,1.0,0.0,0.0,0.0,1.0,0.0,1.0,0.0,0.0,0
0.23130266945605435,-0.35402213333086574,-1.5466634912691541,-0.9615594809782329,-0.40904820128567554,0.0,1.0,0.0,1.0,0.0,1.0,0.0,0.0,0.0,0
-1.727229671408079,-1.0393904980955264,1.414324025994192,-0.47347615311773183,0.4367917517450844,0.0,1.0,1.0,0.0,0.0,0.0,0.0,1.0,0.0,1
1.7002019251041545,-1.1862551476879537,0.37496827677018013,-0.8459986843835908,0.4367917517450844,1.0,0.0,1.0,0.0,0.0,0.0,0.0,1.0,0.0,1
-0.13592214445597067,-0.4029770165283415,-1.0878799614851864,-0.7775080185138218,-0.40904820128567554,0.0,1.0,1.0,0.0,0.0,0.0,0.0,1.0,0.0,1
1.7002019251041545,-0.5987965493182446,0.3434831325693197,-0.3361719519332127,-0.40904820128567554,1.0,0.0,0.0,1.0,0.0,0.0,0.0,0.0,1.0,1
1.3941812468441335,-0.7456611989106718,0.5894824460507685,-0.3851475416776465,-0.40904820128567554,1.0,0.0,0.0,0.0,1.0,0.0,0.0,1.0,0.0,1
-0.992780043584029,-1.2841649140829052,0.06461471250455485,-0.9768507896102084,-1.2548881543164354,1.0,0.0,0.0,1.0,0.0,0.0,0.0,1.0,0.0,1
0.7209357546720877,-0.8925258485030991,0.7299546278699925,-0.4749634697413336,-0.40904820128567554,0.0,1.0,1.0,0.0,0.0,1.0,0.0,0.0,0.0,1
-1.6048214001040708,-1.0883453812930022,0.25733147426147074,-0.7762059548504553,-0.40904820128567554,0.0,1.0,1.0,0.0,0.0,0.0,0.0,1.0,0.0,1
0.5985274833680794,-0.10924771734348693,1.5246950259950107,0.7059606364566401,0.4367917517450844,0.0,1.0,0.0,0.0,1.0,1.0,0.0,0.0,0.0,1
-1.4212089931480583,1.0656694793959314,-1.5688068893884406,-0.5865810247538289,-0.40904820128567554,1.0,0.0,0.0,0.0,1.0,0.0,1.0,0.0,0.0,0
-1.2988007218440498,-0.6967063157131961,-1.3871618266911683,-1.0061736867445608,1.2826317047758444,1.0,0.0,1.0,0.0,0.0,1.0,0.0,0.0,0.0,1
-0.13592214445597067,1.6531280777656405,-1.1536181746518184,0.03195214476249338,1.2826317047758444,1.0,0.0,1.0,0.0,0.0,1.0,0.0,0.0,0.0,0
-1.2375965861920457,-0.011337950948535399,0.6334232516937276,0.3320778191684837,0.4367917517450844,1.0,0.0,1.0,0.0,0.0,1.0,0.0,0.0,0.0,1
0.47611921206407104,0.42925599782874646,0.47911144604994976,0.6520096814944643,-1.2548881543164354,1.0,0.0,0.0,0.0,1.0,0.0,0.0,1.0,0.0,0
0.23130266945605435,-0.011337950948535399,1.3319782642380948,0.7186001812863935,-0.40904820128567554,1.0,0.0,0.0,1.0,0.0,0.0,0.0,1.0,0.0,0
1.3329771111921294,-0.6967063157131961,0.7811612360208428,-0.2729212983672359,-1.2548881543164354,0.0,1.0,0.0,1.0,0.0,0.0,0.0,1.0,0.0,1
0.7821398903240918,1.2125341289883587,0.004412348867744759,0.9237122588586725,-0.40904820128567554,1.0,0.0,1.0,0.0,0.0,0.0,0.0,1.0,0.0,0
0.9045481616281003,0.9677597130009798,1.676930888065106,2.1723066249596603,2.128471657806604,0.0,1.0,1.0,0.0,0.0,1.0,0.0,0.0,0.0,1
-0.31953455141198317,-0.1582026005409627,-0.833922864304619,-0.5492499067956,-0.40904820128567554,1.0,0.0,1.0,0.0,0.0,0.0,1.0,0.0,0.0,1
-0.8703717722800207,0.42925599782874646,1.128189803421536,1.1066786682702783,-1.2548881543164354,1.0,0.0,0.0,0.0,1.0,0.0,1.0,0.0,0.0,0
1.516589518148142,-0.011337950948535399,-0.2779159771531587,-0.1704711184155165,0.4367917517450844,1.0,0.0,1.0,0.0,0.0,0.0,0.0,1.0,0.0,1
0.17009853380405018,-0.7946160821081476,0.4898371545139793,-0.4575814491295621,-0.40904820128567554,0.0,1.0,0.0,1.0,0.0,0.0,1.0,0.0,0.0,0
0.17009853380405018,-0.8925258485030991,0.761785762666467,-0.480812170343041,-1.2548881543164354,0.0,1.0,1.0,0.0,0.0,0.0,0.0,1.0,0.0,1
-0.31953455141198317,0.08657181544641612,0.438284555767515,0.3113347805638759,-0.40904820128567554,0.0,1.0,0.0,0.0,1.0,0.0,1.0,0.0,0.0,0
0.7209357546720877,1.5062634281732132,-1.2684870523956173,-0.1573869664811988,1.2826317047758444,0.0,1.0,0.0,0.0,1.0,0.0,0.0,1.0,0.0,0
1.3941812468441335,-0.6477514325157203,-0.22186550066371472,-0.5874649460212362,0.4367917517450844,0.0,1.0,1.0,0.0,0.0,0.0,0.0,1.0,0.0,0
1.2105688398881211,-0.9904356148980507,0.18778736454308628,-0.7140509402207259,0.4367917517450844,1.0,0.0,0.0,0.0,1.0,0.0,0.0,0.0,1.0,1
1.2105688398881211,1.1146243625934071,1.1828563175285252,1.9085117025266292,-0.40904820128567554,1.0,0.0,1.0,0.0,0.0,0.0,1.0,0.0,0.0,1
1.3941812468441335,1.6041731945681648,-0.21978955709003153,0.9874339842378187,0.4367917517450844,0.0,1.0,1.0,0.0,0.0,0.0,0.0,1.0,0.0,0
-1.0539841792360332,1.555218311370689,1.42401176267138,2.6692768019697235,1.2826317047758444,0.0,1.0,1.0,0.0,0.0,0.0,0.0,1.0,0.0,1
0.5985274833680794,-0.7456611989106718,-0.23086125614967457,-0.6455073449337468,-0.40904820128567554,0.0,1.0,0.0,0.0,1.0,0.0,1.0,0.0,0.0,0
-1.666025535756075,1.6531280777656405,0.14419254949574073,1.4055869660804376,0.4367917517450844,1.0,0.0,0.0,0.0,1.0,0.0,1.0,0.0,0.0,0
-1.6048214001040708,-1.1862551476879537,1.0005192736400246,-0.7267328285842473,-1.2548881543164354,1.0,0.0,1.0,0.0,0.0,0.0,0.0,1.0,0.0,1
1.2105688398881211,-0.9904356148980507,0.26286732379129224,-0.6919634944189836,-1.2548881543164354,1.0,0.0,0.0,1.0,0.0,1.0,0.0,0.0,0.0,1
0.47611921206407104,-1.0883453812930022,1.5675978598511282,-0.5048315398729492,-1.2548881543164354,1.0,0.0,0.0,1.0,0.0,0.0,0.0,1.0,0.0,0
1.2105688398881211,1.2125341289883587,0.529972063605186,1.4191845333616928,-1.2548881543164354,1.0,0.0,0.0,0.0,1.0,0.0,0.0,0.0,1.0,0
1.6389977894521501,1.7020829609631163,0.05388900404052535,1.3486666708127797,-1.2548881543164354,1.0,0.0,1.0,0.0,0.0,0.0,0.0,0.0,1.0,0
-0.7479635009760124,0.4782108810262222,-1.6729500586682102,-0.8147279846959096,-0.40904820128567554,0.0,1.0,1.0,0.0,0.0,0.0,0.0,0.0,1.0,0
1.2105688398881211,-0.20715748373843845,-0.3232407451785734,-0.32103943155286724,0.4367917517450844,1.0,0.0,0.0,1.0,0.0,0.0,0.0,0.0,1.0,0
-1.666025535756075,-1.0393904980955264,-0.7193999771564339,-0.9613477633093929,0.4367917517450844,0.0,1.0,1.0,0.0,0.0,0.0,0.0,0.0,1.0,0
-1.666025535756075,0.3803011146312707,0.8337518065541482,0.8500133383354374,-1.2548881543164354,1.0,0.0,1.0,0.0,0.0,0.0,0.0,0.0,1.0,0
-0.0747180088039665,-0.9414807317005749,-1.0339054285694256,-1.0009548462076525,-1.2548881543164354,0.0,1.0,0.0,1.0,0.0,1.0,0.0,0.0,0.0,0
1.516589518148142,0.2334364650388434,-1.044631137033455,-0.4811297468463011,-0.40904820128567554,1.0,0.0,1.0,0.0,0.0,1.0,0.0,0.0,0.0,0
-0.38073868706398734,0.8698499466060283,-1.0989516605448295,-0.24022679735660504,-0.40904820128567554,1.0,0.0,0.0,0.0,1.0,0.0,0.0,0.0,1.0,0
0.47611921206407104,0.3803011146312707,-1.320039651142081,-0.6144589487983477,-0.40904820128567554,1.0,0.0,1.0,0.0,0.0,0.0,0.0,1.0,0.0,0
0.17009853380405018,-1.528939330070284,-0.6785730868739993,-1.2208289382398068,-0.40904820128567554,1.0,0.0,0.0,0.0,1.0,1.0,0.0,0.0,0.0,0
0.23130266945605435,-0.45193189972581727,1.3105268473100364,0.1991508807872332,-0.40904820128567554,0.0,1.0,1.0,0.0,0.0,1.0,0.0,0.0,0.0,1
-1.727229671408079,0.33134623143379494,0.9264772861786603,0.8497963277248763,0.4367917517450844,0.0,1.0,1.0,0.0,0.0,1.0,0.0,0.0,0.0,1
-0.625555229672004,-0.2561123669359142,0.789465010315575,0.1699179636621378,-1.2548881543164354,0.0,1.0,1.0,0.0,0.0,0.0,0.0,0.0,1.0,0
-1.666025535756075,-0.9414807317005749,1.0039791795961635,-0.4610694977237027,-0.40904820128567554,0.0,1.0,0.0,1.0,0.0,0.0,0.0,1.0,0.0,1
1.4553853824961378,0.8698499466060283,-0.8225051746493619,-0.024237724547666366,-0.40904820128567554,1.0,0.0,0.0,1.0,0.0,1.0,0.0,0.0,0.0,0
0.9045481616281003,1.2614890121858344,1.3157167062442439,2.2144807845926056,-0.40904820128567554,0.0,1.0,1.0,0.0,0.0,0.0,0.0,1.0,0.0,0
-0.19712628010797484,-0.20715748373843845,-1.2795587514552607,-0.7842776909749837,-1.2548881543164354,1.0,0.0,1.0,0.0,0.0,0.0,1.0,0.0,0.0,0
0.17009853380405018,0.18448158184136765,-0.5910374661836947,-0.23307074014981002,1.2826317047758444,1.0,0.0,0.0,1.0,0.0,1.0,0.0,0.0,0.0,0
-1.4212089931480583,-1.137300264490478,0.2753229852333909,-0.8238000868057075,0.4367917517450844,1.0,0.0,1.0,0.0,0.0,0.0,0.0,1.0,0.0,1
0.17009853380405018,-0.060292834146011165,-1.3985795163464256,-0.7959750921783987,-1.2548881543164354,0.0,1.0,0.0,1.0,0.0,0.0,0.0,0.0,1.0,0
1.577793653800146,-1.528939330070284,0.771473499343655,-1.1111644787223611,0.4367917517450844,1.0,0.0,1.0,0.0,0.0,0.0,1.0,0.0,0.0,1
-1.5436172644520665,-0.35402213333086574,-0.41492825301624414,-0.44811766933241015,-0.40904820128567554,1.0,0.0,0.0,1.0,0.0,0.0,0.0,1.0,0.0,0
1.577793653800146,1.6531280777656405,0.9593463927619763,2.2814206185381214,-0.40904820128567554,0.0,1.0,0.0,1.0,0.0,0.0,0.0,0.0,1.0,0
-1.1151883148880375,-0.5498416661207688,-0.04921619345240222,-0.4365896422640673,-1.2548881543164354,1.0,0.0,0.0,0.0,1.0,1.0,0.0,0.0,0.0,0
1.6389977894521501,-0.6967063157131961,-1.1287068517676209,-0.9224816922520732,-0.40904820128567554,1.0,0.0,0.0,1.0,0.0,1.0,0.0,0.0,0.0,0
-0.7479635009760124,1.4573085449757375,0.7877350573375059,1.9070402647281905,1.2826317047758444,0.0,1.0,1.0,0.0,0.0,0.0,0.0,1.0,0.0,1
0.5373233477160752,0.42925599782874646,-0.8823615476905582,-0.27963804141118775,-1.2548881543164354,1.0,0.0,1.0,0.0,0.0,0.0,0.0,0.0,1.0,0
-0.31953455141198317,1.6041731945681648,-0.05648199596029339,1.1458623158308576,0.4367917517450844,0.0,1.0,0.0,1.0,0.0,0.0,1.0,0.0,0.0,0
-1.4824131288000624,-1.724758862860187,-1.4933809395446211,-1.3417779495064293,-0.40904820128567554,0.0,1.0,1.0,0.0,0.0,0.0,1.0,0.0,0.0,1
1.3941812468441335,0.3803011146312707,0.3832720510649129,0.5509515452153685,-0.40904820128567554,0.0,1.0,0.0,0.0,1.0,1.0,0.0,0.0,0.0,0
0.2925068051080585,0.13552669864389189,0.5493475369595618,0.43205090239477395,0.4367917517450844,0.0,1.0,0.0,1.0,0.0,0.0,1.0,0.0,0.0,0
-1.4212089931480583,0.8698499466060283,-0.4443374536434216,0.30371823742735377,0.4367917517450844,0.0,1.0,1.0,0.0,0.0,0.0,0.0,0.0,1.0,0
-0.4419428227159915,-0.35402213333086574,1.547530405305525,0.41587567249539115,2.128471657806604,0.0,1.0,1.0,0.0,0.0,0.0,0.0,0.0,1.0,1
-1.1151883148880375,0.8698499466060283,1.2700459476232155,1.7062419346585285,1.2826317047758444,1.0,0.0,1.0,0.0,0.0,0.0,0.0,0.0,1.0,1
1.1493647042361168,-0.9904356148980507,0.6946635871173797,-0.5857500329036315,0.4367917517450844,1.0,0.0,1.0,0.0,0.0,0.0,0.0,1.0,0.0,1
-0.8091676366280165,-0.7946160821081476,0.7147310416629832,-0.39709371114194847,-0.40904820128567554,1.0,0.0,1.0,0.0,0.0,0.0,0.0,0.0,1.0,1
0.23130266945605435,0.4782108810262222,-0.8813235759037167,-0.25926550872705,-1.2548881543164354,0.0,1.0,0.0,1.0,0.0,0.0,0.0,0.0,1.0,0
-1.2375965861920457,1.5062634281732132,0.5178623927587014,1.681666806247915,-1.2548881543164354,0.0,1.0,1.0,0.0,0.0,0.0,1.0,0.0,0.0,0
-1.4212089931480583,1.4083536617782617,-1.0688504787264246,0.0111614696823967,-0.40904820128567554,1.0,0.0,1.0,0.0,0.0,1.0,0.0,0.0,0.0,0
-0.8091676366280165,1.0656694793959314,-1.2563773815491324,-0.29798337741618147,1.2826317047758444,0.0,1.0,1.0,0.0,0.0,1.0,0.0,0.0,0.0,0
-0.013513873151962338,0.8208950634085526,1.7035721639273724,2.016900563089313,0.4367917517450844,0.0,1.0,1.0,0.0,0.0,0.0,0.0,1.0,0.0,1
-1.6048214001040708,-1.724758862860187,0.39884162786753585,-1.3236707958788805,-0.40904820128567554,1.0,0.0,1.0,0.0,0.0,0.0,0.0,1.0,0.0,1
-0.5643510940199998,1.4573085449757375,-0.2633843721373768,0.8413805503884825,-1.2548881543164354,0.0,1.0,0.0,1.0,0.0,0.0,0.0,1.0,0.0,0
0.4149150764120669,-0.35402213333086574,-0.7574589426739576,-0.6101452012957308,-1.2548881543164354,1.0,0.0,1.0,0.0,0.0,1.0,0.0,0.0,0.0,0
-0.625555229672004,1.6531280777656405,0.3348333676789734,1.6148645887871456,1.2826317047758444,1.0,0.0,0.0,1.0,0.0,0.0,0.0,1.0,0.0,0
-0.19712628010797484,-1.3820746804778568,-1.5829925038086088,-1.2558946771414465,-0.40904820128567554,0.0,1.0,0.0,1.0,0.0,0.0,0.0,0.0,1.0,1
-1.6048214001040708,-0.35402213333086574,-1.4269507451867616,-0.9047238727781108,-1.2548881543164354,0.0,1.0,0.0,0.0,1.0,0.0,0.0,0.0,1.0,0
-0.625555229672004,0.722985297013601,-1.640772933276122,-0.7290881876500933,0.4367917517450844,1.0,0.0,1.0,0.0,0.0,1.0,0.0,0.0,0.0,1
-0.5643510940199998,-0.1582026005409627,-0.02741878592872969,-0.13860231631336195,-1.2548881543164354,0.0,1.0,1.0,0.0,0.0,0.0,1.0,0.0,0.0,0
0.17009853380405018,-1.6268490964652356,0.32341567802371635,-1.2332726442258832,-1.2548881543164354,0.0,1.0,1.0,0.0,0.0,1.0,0.0,0.0,0.0,0
-1.3600048574960542,1.163579245790883,-1.5383597169744219,-0.5287291717432744,-0.40904820128567554,1.0,0.0,1.0,0.0,0.0,0.0,0.0,1.0,0.0,0
1.3941812468441335,-0.060292834146011165,0.7406803363340221,0.35280497894792845,0.4367917517450844,0.0,1.0,0.0,0.0,1.0,0.0,0.0,0.0,1.0,1
0.7209357546720877,1.6041731945681648,-0.9574415069387642,0.21949694876276588,0.4367917517450844,1.0,0.0,0.0,1.0,0.0,0.0,0.0,1.0,0.0,0
0.23130266945605435,-0.7946160821081476,0.616123721913035,-0.41872596395568473,0.4367917517450844,1.0,0.0,0.0,1.0,0.0,0.0,0.0,1.0,0.0,1
0.6597316190200835,0.13552669864389189,1.6426778190993343,1.0724703859274407,-0.40904820128567554,0.0,1.0,1.0,0.0,0.0,0.0,0.0,1.0,0.0,1
0.5985274833680794,-1.5778942132677598,0.6365371670542523,-1.173907009883122,-0.40904820128567554,0.0,1.0,0.0,1.0,0.0,0.0,0.0,1.0,0.0,1
-0.6867593653240082,-0.8435709653056234,1.301185101228462,-0.270793535795393,-1.2548881543164354,0.0,1.0,1.0,0.0,0.0,0.0,0.0,1.0,0.0,1
0.6597316190200835,0.42925599782874646,1.526078988377466,1.3686475258095632,-1.2548881543164354,0.0,1.0,0.0,1.0,0.0,0.0,0.0,1.0,0.0,0
-1.727229671408079,0.33134623143379494,-0.07032161978484718,0.20236898935360279,-1.2548881543164354,0.0,1.0,0.0,1.0,0.0,0.0,0.0,1.0,0.0,0
-1.1151883148880375,-1.137300264490478,0.675288113763004,-0.740208658205919,0.4367917517450844,1.0,0.0,1.0,0.0,0.0,1.0,0.0,0.0,0.0,1
-0.0747180088039665,-1.137300264490478,1.1932360353969405,-0.6315816152657899,2.128471657806604,0.0,1.0,1.0,0.0,0.0,0.0,1.0,0.0,0.0,1
1.7002019251041545,1.163579245790883,-0.520801375274083,0.403813058313227,-0.40904820128567554,1.0,0.0,0.0,0.0,1.0,0.0,1.0,0.0,0.0,0
-0.258330415759979,1.0167145961984556,-0.85018442229847,0.03700690410605062,0.4367917517450844,1.0,0.0,1.0,0.0,0.0,0.0,0.0,1.0,0.0,0
1.2717729755401253,0.7719401802110768,1.5205431388476445,1.7895740091139876,-0.40904820128567554,1.0,0.0,1.0,0.0,0.0,0.0,0.0,0.0,1.0,1
-0.38073868706398734,0.8208950634085526,0.7583258567103282,1.2330000153837177,-1.2548881543164354,1.0,0.0,1.0,0.0,0.0,0.0,1.0,0.0,0.0,0
0.108894398152046,0.33134623143379494,-0.9944625006694464,-0.4079654134368871,0.4367917517450844,0.0,1.0,1.0,0.0,0.0,0.0,0.0,1.0,0.0,1
0.04769026250004183,0.2823913482363192,-0.20076007433126977,0.08204454521005855,-0.40904820128567554,1.0,0.0,0.0,1.0,0.0,0.0,1.0,0.0,0.0,1
0.7821398903240918,-0.500886782923293,1.0012112548312526,-0.0026266435008142426,-0.40904820128567554,1.0,0.0,0.0,1.0,0.0,0.0,0.0,0.0,1.0,1
0.35371094076006265,-0.6477514325157203,0.13831070937030518,-0.4492503588607046,-1.2548881543164354,0.0,1.0,0.0,1.0,0.0,0.0,1.0,0.0,0.0,0
-1.3600048574960542,0.33134623143379494,0.4943350322569592,0.58243396257189,-1.2548881543164354,0.0,1.0,1.0,0.0,0.0,0.0,1.0,0.0,0.0,1
-0.8091676366280165,-0.4029770165283415,0.8534732705041376,0.05581801898249258,0.4367917517450844,1.0,0.0,0.0,1.0,0.0,1.0,0.0,0.0,0.0,0
-0.19712628010797484,-1.333119797280381,0.3974576654850807,-0.9707268560390088,0.4367917517450844,0.0,1.0,0.0,0.0,1.0,1.0,0.0,0.0,0.0,0
1.1493647042361168,-0.7946160821081476,0.11409136767733594,-0.5834634820801586,-1.2548881543164354,0.0,1.0,1.0,0.0,0.0,0.0,0.0,1.0,0.0,1
1.7002019251041545,0.9677597130009798,0.8389416654883557,1.443881399431889,2.9743116108373644,0.0,1.0,1.0,0.0,0.0,0.0,0.0,1.0,0.0,1
1.3941812468441335,0.13552669864389189,0.7628237344533086,0.5449175916534259,0.4367917517450844,0.0,1.0,0.0,0.0,1.0,0.0,0.0,0.0,1.0,0
1.2105688398881211,0.722985297013601,0.42479092253857476,0.8783570412514045,1.2826317047758444,1.0,0.0,1.0,0.0,0.0,0.0,0.0,1.0,0.0,0
-1.666025535756075,-1.1862551476879537,-0.5097296762144397,-0.9944709925994248,-0.40904820128567554,1.0,0.0,1.0,0.0,0.0,0.0,0.0,1.0,0.0,1
-1.727229671408079,0.9188048298035041,-0.35057400223206764,0.3879924555091514,-1.2548881543164354,1.0,0.0,1.0,0.0,0.0,0.0,0.0,1.0,0.0,0
1.1493647042361168,-1.2352100308854295,1.6028889006037415,-0.6760423257222088,-0.40904820128567554,0.0,1.0,1.0,0.0,0.0,0.0,1.0,0.0,0.0,1
-1.0539841792360332,-0.500886782923293,-1.3657104097631099,-0.9348565899957765,0.4367917517450844,0.0,1.0,1.0,0.0,0.0,0.0,0.0,1.0,0.0,1
-1.4824131288000624,0.2823913482363192,-0.8256190900098864,-0.3214628668905475,-1.2548881543164354,0.0,1.0,1.0,0.0,0.0,0.0,0.0,1.0,0.0,0
0.47611921206407104,-0.45193189972581727,-0.05094614643047187,-0.3766417843319959,-0.40904820128567554,0.0,1.0,0.0,1.0,0.0,0.0,0.0,0.0,1.0,0
0.17009853380405018,-1.2352100308854295,1.140299474268021,-0.7648261301503004,0.4367917517450844,0.0,1.0,1.0,0.0,0.0,0.0,0.0,0.0,1.0,1
1.577793653800146,0.08657181544641612,-1.1882172342132036,-0.6289986597059409,-0.40904820128567554,1.0,0.0,0.0,0.0,1.0,0.0,0.0,1.0,0.0,0
-1.2375965861920457,0.33134623143379494,-0.796209889382709,-0.2741545537882294,-0.40904820128567554,0.0,1.0,1.0,0.0,0.0,0.0,1.0,0.0,0.0,0
0.7209357546720877,-0.8435709653056234,-1.5269420273191647,-1.0903420459919386,1.2826317047758444,1.0,0.0,0.0,0.0,1.0,0.0,0.0,0.0,1.0,1
0.35371094076006265,1.359398778580786,0.6880897658007161,1.6989588468504293,1.2826317047758444,0.0,1.0,0.0,0.0,1.0,0.0,0.0,0.0,1.0,1
-0.625555229672004,-1.4799844468728083,-0.9304542404808837,-1.2173938190628764,-0.40904820128567554,0.0,1.0,0.0,1.0,0.0,0.0,0.0,1.0,0.0,0
1.1493647042361168,0.4782108810262222,-0.4097383940820364,0.07687863409036048,2.128471657806604,0.0,1.0,0.0,0.0,1.0,0.0,0.0,0.0,1.0,0
-0.8091676366280165,0.2823913482363192,-0.2194435664944175,0.0720302994739225,-0.40904820128567554,1.0,0.0,0.0,1.0,0.0,0.0,1.0,0.0,0.0,0
-1.6048214001040708,1.4083536617782617,1.3292103394731842,2.391111542764172,-1.2548881543164354,1.0,0.0,0.0,0.0,1.0,0.0,0.0,1.0,0.0,0
-0.5643510940199998,1.1146243625934071,-0.33154451947330565,0.5494377638831618,-0.40904820128567554,1.0,0.0,1.0,0.0,0.0,0.0,0.0,0.0,1.0,0
-0.31953455141198317,0.7719401802110768,-1.2522254944017661,-0.41192453384419675,1.2826317047758444,0.0,1.0,1.0,0.0,0.0,0.0,0.0,1.0,0.0,1
1.516589518148142,0.527165764223698,0.05942485357034736,0.4457755002773329,2.9743116108373644,0.0,1.0,0.0,1.0,0.0,0.0,1.0,0.0,0.0,0
1.6389977894521501,-1.4310295636753325,1.5772855965283161,-0.9322259979604385,1.2826317047758444,1.0,0.0,1.0,0.0,0.0,0.0,0.0,1.0,0.0,1
0.23130266945605435,-1.2352100308854295,0.3479810103122996,-0.8903482430638687,1.2826317047758444,0.0,1.0,0.0,0.0,1.0,0.0,1.0,0.0,0.0,1
-0.31953455141198317,1.2125341289883587,1.6478676780335422,2.450456005340049,-1.2548881543164354,1.0,0.0,0.0,0.0,1.0,0.0,0.0,1.0,0.0,0
1.3941812468441335,1.555218311370689,1.1555230604750306,2.387559978869379,1.2826317047758444,0.0,1.0,1.0,0.0,0.0,0.0,0.0,0.0,1.0,1
-1.1151883148880375,-0.5498416661207688,-1.6300472248120925,-1.0528680186072426,-1.2548881543164354,0.0,1.0,0.0,0.0,1.0,1.0,0.0,0.0,0.0,0
1.2105688398881211,-1.1862551476879537,0.5233982422885229,-0.813256546897471,-0.40904820128567554,0.0,1.0,1.0,0.0,0.0,0.0,0.0,1.0,0.0,1
-1.2988007218440498,-0.500886782923293,-0.7623028110125516,-0.6870939880356615,-0.40904820128567554,0.0,1.0,1.0,0.0,0.0,0.0,0.0,0.0,1.0,1
0.4149150764120669,-1.1862551476879537,0.18155953382203668,-0.881948344552638,1.2826317047758444,1.0,0.0,1.0,0.0,0.0,0.0,0.0,1.0,0.0,1
0.5373233477160752,0.33134623143379494,-0.7882521056835905,-0.2701477969054306,0.4367917517450844,0.0,1.0,1.0,0.0,0.0,0.0,0.0,1.0,0.0,0
0.6597316190200835,0.722985297013601,-0.5474426511363494,0.12143991043947841,-0.40904820128567554,0.0,1.0,0.0,1.0,0.0,0.0,1.0,0.0,0.0,0
-0.5643510940199998,0.03761693224894037,1.439581339474003,0.8404278208787025,0.4367917517450844,0.0,1.0,0.0,1.0,0.0,0.0,0.0,1.0,0.0,1
0.35371094076006265,0.4782108810262222,-1.039787268694861,-0.36702980216665576,-1.2548881543164354,0.0,1.0,1.0,0.0,0.0,1.0,0.0,0.0,0.0,0
1.1493647042361168,0.8208950634085526,1.2696999570276015,1.6554349870786276,0.4367917517450844,1.0,0.0,0.0,1.0,0.0,0.0,0.0,1.0,0.0,0
-0.258330415759979,-1.137300264490478,-1.6490767075708546,-1.204590193039772,0.4367917517450844,1.0,0.0,0.0,1.0,0.0,0.0,0.0,1.0,0.0,0
0.35371094076006265,0.8698499466060283,-1.4400983878200877,-0.5212767098001032,-0.40904820128567554,1.0,0.0,1.0,0.0,0.0,1.0,0.0,0.0,0.0,0
-0.258330415759979,1.0167145961984556,1.2025777814785144,1.8248038292089788,1.2826317047758444,1.0,0.0,1.0,0.0,0.0,0.0,0.0,0.0,1.0,1
-0.013513873151962338,-1.5778942132677598,0.42721285670787196,-1.1778925949990366,0.4367917517450844,0.0,1.0,0.0,0.0,1.0,0.0,0.0,1.0,0.0,1
-0.6867593653240082,0.6250755306186495,0.8306378911936234,1.097257232006894,-0.40904820128567554,1.0,0.0,0.0,0.0,1.0,0.0,0.0,0.0,1.0,0
1.0269564329321086,-1.4310295636753325,-1.0300995320176731,-1.2073478156764141,-0.40904820128567554,0.0,1.0,1.0,0.0,0.0,0.0,0.0,1.0,0.0,1
-0.6867593653240082,-1.2352100308854295,0.10371164980891998,-0.9326441403563976,-1.2548881543164354,0.0,1.0,1.0,0.0,0.0,0.0,1.0,0.0,0.0,1
-1.666025535756075,0.8698499466060283,0.7960388316322382,1.3151623497188354,-0.40904820128567554,1.0,0.0,0.0,0.0,1.0,0.0,0.0,1.0,0.0,0
1.516589518148142,0.42925599782874646,0.41579516705261493,0.6144615529256744,-0.40904820128567554,0.0,1.0,0.0,1.0,0.0,0.0,0.0,1.0,0.0,1
0.35371094076006265,-0.6477514325157203,-0.12256619972253902,-0.5420673848802,-0.40904820128567554,1.0,0.0,1.0,0.0,0.0,1.0,0.0,0.0,0.0,1
-0.8091676366280165,-0.4029770165283415,1.566213897468673,0.3569705240823572,-1.2548881543164354,0.0,1.0,0.0,1.0,0.0,0.0,0.0,1.0,0.0,0
0.7209357546720877,1.0167145961984556,0.5849845683077886,1.276878502250826,-1.2548881543164354,1.0,0.0,1.0,0.0,0.0,0.0,0.0,1.0,0.0,0
0.4149150764120669,-0.500886782923293,1.38629878774947,0.17156406853736958,-0.40904820128567554,1.0,0.0,0.0,1.0,0.0,0.0,0.0,0.0,1.0,1
0.23130266945605435,-0.5498416661207688,0.7704355275568133,-0.1302394683941783,-1.2548881543164354,1.0,0.0,1.0,0.0,0.0,0.0,1.0,0.0,0.0,1
-1.5436172644520665,0.8698499466060283,0.7901569915068026,1.306159055851411,0.4367917517450844,1.0,0.0,1.0,0.0,0.0,0.0,1.0,0.0,0.0,1
0.23130266945605435,-0.35402213333086574,-1.4778113627419978,-0.93096627783084,-1.2548881543164354,1.0,0.0,1.0,0.0,0.0,1.0,0.0,0.0,0.0,1
-0.9315759079320248,-0.011337950948535399,-0.510767648001281,-0.2961414336972727,-0.40904820128567554,0.0,1.0,0.0,0.0,1.0,0.0,0.0,0.0,1.0,0
-0.5031469583679957,-1.0883453812930022,1.2153794335162271,-0.5781758333008773,-0.40904820128567554,1.0,0.0,0.0,1.0,0.0,1.0,0.0,0.0,0.0,1
1.1493647042361168,-0.060292834146011165,-0.9498297138352595,-0.5567288334473762,-0.40904820128567554,0.0,1.0,0.0,1.0,0.0,0.0,0.0,0.0,1.0,0
-0.5643510940199998,-0.30506725013339,-1.3549847012990803,-0.8612635283069613,-1.2548881543164354,1.0,0.0,0.0,1.0,0.0,0.0,0.0,1.0,0.0,0
1.6389977894521501,-0.9414807317005749,-0.6263285069363077,-0.8894113923792512,-0.40904820128567554,1.0,0.0,1.0,0.0,0.0,0.0,1.0,0.0,0.0,1
-1.2988007218440498,1.5062634281732132,-0.9920405665001494,0.136879421439642,-0.40904820128567554,1.0,0.0,0.0,0.0,1.0,0.0,0.0,1.0,0.0,0
-1.3600048574960542,-0.30506725013339,1.446847141981894,0.41645260314298044,1.2826317047758444,0.0,1.0,1.0,0.0,0.0,0.0,0.0,1.0,0.0,1
-1.6048214001040708,0.42925599782874646,1.2485945306951567,1.1823359772302842,2.128471657806604,0.0,1.0,0.0,0.0,1.0,0.0,1.0,0.0,0.0,1
-0.7479635009760124,0.722985297013601,-0.02568883295066053,0.5325056433176758,0.4367917517450844,1.0,0.0,1.0,0.0,0.0,1.0,0.0,0.0,0.0,0
0.23130266945605435,0.527165764223698,-1.5425116041217881,-0.7078317336985482,-0.40904820128567554,0.0,1.0,1.0,0.0,0.0,0.0,0.0,1.0,0.0,0
1.1493647042361168,0.8208950634085526,0.7178449570235075,1.209906910654985,0.4367917517450844,0.0,1.0,1.0,0.0,0.0,0.0,0.0,1.0,0.0,1
-1.0539841792360332,1.359398778580786,0.4023015338236747,1.4387737106711216,-0.40904820128567554,0.0,1.0,0.0,1.0,0.0,0.0,0.0,0.0,1.0,0
1.3329771111921294,0.08657181544641612,1.603580881794969,1.0022595139983461,2.9743116108373644,1.0,0.0,0.0,0.0,1.0,0.0,0.0,0.0,1.0,1
-0.4419428227159915,1.359398778580786,0.179483590248354,1.2037988559089483,-1.2548881543164354,1.0,0.0,0.0,1.0,0.0,0.0,0.0,0.0,1.0,0
1.577793653800146,-1.4310295636753325,-0.5906914755880809,-1.1709694272279656,-1.2548881543164354,0.0,1.0,1.0,0.0,0.0,0.0,0.0,1.0,0.0,1
-0.4419428227159915,-0.6967063157131961,0.04108735200281316,-0.5222135604847206,-1.2548881543164354,0.0,1.0,0.0,0.0,1.0,0.0,1.0,0.0,0.0,0
1.0269564329321086,0.2334364650388434,1.6336820636133744,1.190857613401098,3.8201515638681243,0.0,1.0,1.0,0.0,0.0,0.0,0.0,1.0,0.0,1
0.04769026250004183,-1.2841649140829052,0.6548746686217866,-0.8969167837396325,-1.2548881543164354,1.0,0.0,0.0,0.0,1.0,0.0,0.0,0.0,1.0,0
0.5373233477160752,1.0167145961984556,0.5704529632920068,1.2712944487351692,-0.40904820128567554,1.0,0.0,0.0,1.0,0.0,0.0,0.0,0.0,1.0,0
0.5373233477160752,-1.4310295636753325,-0.9218044755905374,-1.194898816748617,0.4367917517450844,0.0,1.0,1.0,0.0,0.0,0.0,0.0,1.0,0.0,1
0.9657522972801044,0.6740304138161253,0.8181822297515248,1.1450842533978702,-1.2548881543164354,0.0,1.0,1.0,0.0,0.0,0.0,0.0,1.0,0.0,0
1.3329771111921294,0.7719401802110768,0.8413635996576528,1.2584220144696914,0.4367917517450844,0.0,1.0,1.0,0.0,0.0,0.0,1.0,0.0,0.0,0
1.516589518148142,-0.1582026005409627,-0.6567756793503268,-0.4474666375007269,-1.2548881543164354,1.0,0.0,1.0,0.0,0.0,0.0,1.0,0.0,0.0,1
-1.2988007218440498,-1.724758862860187,-0.08104732824887667,-1.3231097440564543,0.4367917517450844,1.0,0.0,1.0,0.0,0.0,0.0,0.0,1.0,0.0,1
-0.13592214445597067,0.8208950634085526,-0.7353155445546711,0.020286501209404454,-0.40904820128567554,0.0,1.0,1.0,0.0,0.0,0.0,1.0,0.0,0.0,0
-0.13592214445597067,1.163579245790883,-0.8595261683800441,0.09989234469327826,0.4367917517450844,0.0,1.0,1.0,0.0,0.0,0.0,0.0,1.0,0.0,0
0.2925068051080585,-0.10924771734348693,-1.6649922749690915,-0.9475914077765079,-0.40904820128567554,0.0,1.0,0.0,1.0,0.0,1.0,0.0,0.0,0.0,0
-0.5031469583679957,-1.5778942132677598,-0.7678386605423732,-1.2563869207215,-1.2548881543164354,1.0,0.0,0.0,0.0,1.0,0.0,0.0,1.0,0.0,0
0.04769026250004183,-0.9414807317005749,0.1621840604676614,-0.6750525456203814,0.4367917517450844,0.0,1.0,1.0,0.0,0.0,0.0,1.0,0.0,0.0,1
0.23130266945605435,-1.5778942132677598,-1.749067989703258,-1.3191506236491446,-0.40904820128567554,1.0,0.0,1.0,0.0,0.0,0.0,0.0,1.0,0.0,1
-0.0747180088039665,0.33134623143379494,-0.7747584724546502,-0.2585456686529939,0.4367917517450844,1.0,0.0,1.0,0.0,0.0,0.0,0.0,0.0,1.0,0
1.0881605685841127,-1.5778942132677598,1.294957270507413,-1.1331513586314046,-1.2548881543164354,0.0,1.0,1.0,0.0,0.0,1.0,0.0,0.0,0.0,1
0.23130266945605435,-1.724758862860187,0.2991963363307466,-1.3065851800034851,-0.40904820128567554,0.0,1.0,0.0,0.0,1.0,0.0,0.0,1.0,0.0,1
-1.4824131288000624,1.7020829609631163,0.3486729915035277,1.679348497774116,0.4367917517450844,0.0,1.0,0.0,1.0,0.0,0.0,0.0,0.0,1.0,0
1.1493647042361168,0.6740304138161253,-0.3588777765267999,0.22978642746839426,0.4367917517450844,1.0,0.0,0.0,0.0,1.0,0.0,0.0,1.0,0.0,0
-0.625555229672004,1.2125341289883587,0.5860225400946302,1.478576632413059,2.128471657806604,1.0,0.0,1.0,0.0,0.0,1.0,0.0,0.0,0.0,0
-1.5436172644520665,-0.060292834146011165,-1.097567698162374,-0.6427603081805467,-1.2548881543164354,1.0,0.0,0.0,1.0,0.0,0.0,0.0,1.0,0.0,0
0.35371094076006265,-1.3820746804778568,1.078021167057528,-0.9297541941767304,2.128471657806604,1.0,0.0,1.0,0.0,0.0,0.0,0.0,0.0,1.0,1
1.2105688398881211,-0.5987965493182446,-1.3508328141517139,-0.9563988628002557,1.2826317047758444,0.0,1.0,0.0,0.0,1.0,0.0,1.0,0.0,0.0,0
-0.7479635009760124,-0.011337950948535399,0.5150944679937901,0.2728021648349795,-0.40904820128567554,1.0,0.0,0.0,0.0,1.0,0.0,0.0,1.0,0.0,0
0.9045481616281003,0.6740304138161253,-0.5744299175942299,0.07338529255449905,-0.40904820128567554,1.0,0.0,0.0,1.0,0.0,0.0,0.0,1.0,0.0,0
-0.0747180088039665,0.33134623143379494,0.831675862980465,0.7892980038538205,-0.40904820128567554,0.0,1.0,0.0,0.0,1.0,1.0,0.0,0.0,0.0,0
0.04769026250004183,-0.45193189972581727,0.14765245545187955,-0.2870693315874749,2.9743116108373644,1.0,0.0,1.0,0.0,0.0,1.0,0.0,0.0,0.0,1
-0.013513873151962338,-0.20715748373843845,-0.18934238467601272,-0.25035748781060324,0.4367917517450844,1.0,0.0,0.0,0.0,1.0,0.0,1.0,0.0,0.0,0
1.0269564329321086,-0.8925258485030991,-1.168495770263214,-1.0035695594178278,0.4367917517450844,1.0,0.0,1.0,0.0,0.0,0.0,0.0,1.0,0.0,1
1.4553853824961378,-0.4029770165283415,0.448664273635931,-0.1279158669786584,0.4367917517450844,1.0,0.0,1.0,0.0,0.0,0.0,0.0,0.0,1.0,1
-1.4212089931480583,-0.35402213333086574,1.618112486810751,0.4386088571870959,0.4367917517450844,1.0,0.0,1.0,0.0,0.0,0.0,1.0,0.0,0.0,1
0.35371094076006265,-0.9904356148980507,1.1018945181548836,-0.4981624333044864,-0.40904820128567554,1.0,0.0,0.0,0.0,1.0,0.0,1.0,0.0,0.0,1
0.7209357546720877,0.527165764223698,-1.5470094818647682,-0.7125847953640082,0.4367917517450844,0.0,1.0,0.0,0.0,1.0,1.0,0.0,0.0,0.0,0
0.47611921206407104,1.1146243625934071,-0.4529872185337679,0.42998136218186217,2.9743116108373644,0.0,1.0,0.0,0.0,1.0,0.0,0.0,1.0,0.0,1
-0.31953455141198317,-0.2561123669359142,1.4478851137687356,0.47977206495133035,-1.2548881543164354,1.0,0.0,0.0,0.0,1.0,0.0,0.0,1.0,0.0,0
-0.013513873151962338,-1.5778942132677598,-0.01427114329540347,-1.2158641589055066,0.4367917517450844,0.0,1.0,1.0,0.0,0.0,0.0,0.0,1.0,0.0,1
1.2105688398881211,0.03761693224894037,0.536199894326235,0.3176333812118686,-0.40904820128567554,0.0,1.0,0.0,0.0,1.0,0.0,1.0,0.0,0.0,0
1.0269564329321086,-0.9414807317005749,1.402906336338935,-0.3602124932300048,-1.2548881543164354,0.0,1.0,0.0,0.0,1.0,0.0,0.0,1.0,0.0,0
1.4553853824961378,0.13552669864389189,1.2686619852407601,0.844259910684708,-1.2548881543164354,0.0,1.0,1.0,0.0,0.0,0.0,0.0,0.0,1.0,0
0.108894398152046,0.5761206474211737,-0.018423030442769363,0.4243867227827627,0.4367917517450844,1.0,0.0,1.0,0.0,0.0,0.0,0.0,0.0,1.0,0
0.35371094076006265,0.4782108810262222,-0.2405489928268627,0.18911546328421294,-0.40904820128567554,1.0,0.0,0.0,1.0,0.0,0.0,0.0,0.0,1.0,0
0.23130266945605435,0.5761206474211737,-0.5792737859328239,0.006683640986428783,-0.40904820128567554,0.0,1.0,0.0,0.0,1.0,0.0,0.0,0.0,1.0,0
1.3941812468441335,0.13552669864389189,0.7330685432305173,0.533421322235409,0.4367917517450844,0.0,1.0,0.0,0.0,1.0,1.0,0.0,0.0,0.0,1
-0.5031469583679957,-1.5778942132677598,-0.7616108298213238,-1.25839294563376,-1.2548881543164354,0.0,1.0,0.0,0.0,1.0,0.0,0.0,0.0,1.0,0
0.17009853380405018,-0.30506725013339,-0.889973340794063,-0.643654815331396,-1.2548881543164354,1.0,0.0,0.0,0.0,1.0,0.0,0.0,1.0,0.0,0
-0.38073868706398734,-0.30506725013339,-0.5221853376565383,-0.47103081404262886,2.9743116108373644,1.0,0.0,0.0,0.0,1.0,0.0,0.0,0.0,1.0,1
0.23130266945605435,-0.6967063157131961,-1.1415085038053334,-0.9165853551748768,-0.40904820128567554,0.0,1.0,0.0,1.0,0.0,0.0,1.0,0.0,0.0,0
-1.6048214001040708,1.4573085449757375,0.6503767908788066,1.7775219808152654,1.2826317047758444,1.0,0.0,0.0,1.0,0.0,0.0,1.0,0.0,0.0,0
-0.6867593653240082,-1.1862551476879537,0.37739021093947733,-0.8391972542721029,0.4367917517450844,1.0,0.0,1.0,0.0,0.0,1.0,0.0,0.0,0.0,1
-0.258330415759979,-0.011337950948535399,-0.08381525301378742,-0.05920289755660717,-0.40904820128567554,1.0,0.0,0.0,1.0,0.0,1.0,0.0,0.0,0.0,0
0.7821398903240918,-0.8925258485030991,-0.40420254455221466,-0.8012045185987489,-1.2548881543164354,1.0,0.0,1.0,0.0,0.0,0.0,0.0,0.0,1.0,1
0.108894398152046,0.8208950634085526,1.39079666549245,1.747886800119374,1.2826317047758444,0.0,1.0,0.0,0.0,1.0,1.0,0.0,0.0,0.0,0
1.516589518148142,1.7020829609631163,-1.6539205759094486,-0.497373784988057,0.4367917517450844,1.0,0.0,1.0,0.0,0.0,0.0,1.0,0.0,0.0,0
-1.6048214001040708,-1.724758862860187,0.9064098316330569,-1.3151756244166717,0.4367917517450844,0.0,1.0,1.0,0.0,0.0,0.0,0.0,0.0,1.0,1
0.6597316190200835,1.0656694793959314,1.3658853426082525,2.022759849574463,-0.40904820128567554,1.0,0.0,1.0,0.0,0.0,0.0,0.0,1.0,0.0,0
1.0269564329321086,-1.4799844468728083,-0.21010182041284364,-1.1560009880409712,-1.2548881543164354,1.0,0.0,0.0,1.0,0.0,0.0,1.0,0.0,0.0,1
-0.31953455141198317,1.6531280777656405,0.15076637081240385,1.4163528095409563,-0.40904820128567554,1.0,0.0,1.0,0.0,0.0,1.0,0.0,0.0,0.0,0
1.2717729755401253,0.3803011146312707,1.5132773363397538,1.2986748362579135,1.2826317047758444,1.0,0.0,1.0,0.0,0.0,0.0,0.0,0.0,1.0,1
0.17009853380405018,-0.5987965493182446,-1.0200658047448714,-0.8240700268334785,-1.2548881543164354,0.0,1.0,1.0,0.0,0.0,0.0,1.0,0.0,0.0,0
1.0881605685841127,-0.8435709653056234,0.044893248554565515,-0.6444011201140574,1.2826317047758444,1.0,0.0,1.0,0.0,0.0,0.0,0.0,1.0,0.0,1
-0.4419428227159915,-0.8925258485030991,-0.11218648185412355,-0.7187351936438129,-0.40904820128567554,1.0,0.0,1.0,0.0,0.0,0.0,0.0,0.0,1.0,0
-0.38073868706398734,-0.30506725013339,-0.8605641401668854,-0.6268232606586089,0.4367917517450844,1.0,0.0,1.0,0.0,0.0,1.0,0.0,0.0,0.0,0
-1.666025535756075,0.2823913482363192,1.077675176461914,0.906002075860199,-0.40904820128567554,0.0,1.0,1.0,0.0,0.0,0.0,0.0,1.0,0.0,1
-0.13592214445597067,-0.1582026005409627,1.3579275589091337,0.556948448185264,-0.40904820128567554,0.0,1.0,1.0,0.0,0.0,1.0,0.0,0.0,0.0,1
0.7821398903240918,-1.1862551476879537,0.95069662787163,-0.7438343232848056,2.128471657806604,0.0,1.0,1.0,0.0,0.0,0.0,0.0,1.0,0.0,1
-1.666025535756075,-0.45193189972581727,-1.0785382154036125,-0.7954299191811354,2.128471657806604,1.0,0.0,1.0,0.0,0.0,0.0,0.0,1.0,0.0,1
-0.19712628010797484,0.13552669864389189,-1.4546299928358695,-0.7833355473486453,0.4367917517450844,1.0,0.0,0.0,0.0,1.0,0.0,0.0,0.0,1.0,0
-0.7479635009760124,-1.333119797280381,0.3400232266131814,-0.9766179001744842,-1.2548881543164354,0.0,1.0,1.0,0.0,0.0,0.0,0.0,0.0,1.0,1
0.6597316190200835,-0.7456611989106718,-1.5570432091375699,-1.075225404436756,-1.2548881543164354,1.0,0.0,1.0,0.0,0.0,0.0,0.0,1.0,0.0,1
0.23130266945605435,-0.35402213333086574,0.5732208880569175,-0.015811361327830755,-1.2548881543164354,1.0,0.0,1.0,0.0,0.0,0.0,1.0,0.0,0.0,0
-1.2375965861920457,-0.1582026005409627,0.08053027990279232,-0.09146337734611598,-1.2548881543164354,1.0,0.0,1.0,0.0,0.0,0.0,0.0,0.0,1.0,0
0.843344025976096,1.2614890121858344,0.5386218284955323,1.4684935784345496,-0.40904820128567554,1.0,0.0,1.0,0.0,0.0,0.0,0.0,1.0,0.0,0
1.516589518148142,-1.0393904980955264,0.2874326560798755,-0.7314964761331493,-1.2548881543164354,1.0,0.0,1.0,0.0,0.0,0.0,0.0,1.0,0.0,1
1.1493647042361168,-1.6758039796627113,-0.2921015915733265,-1.294173231667735,2.128471657806604,1.0,0.0,0.0,1.0,0.0,0.0,1.0,0.0,0.0,1
0.5985274833680794,0.7719401802110768,-1.0595087326448505,-0.26488131989303343,-1.2548881543164354,0.0,1.0,0.0,1.0,0.0,0.0,0.0,0.0,1.0,0
-0.013513873151962338,0.3803011146312707,-0.6969105884415335,-0.18688982363406542,1.2826317047758444,1.0,0.0,1.0,0.0,0.0,0.0,0.0,1.0,0.0,0
0.7821398903240918,0.8698499466060283,0.06011683476157492,0.716985834061488,-1.2548881543164354,1.0,0.0,0.0,1.0,0.0,0.0,0.0,1.0,0.0,0
1.577793653800146,-0.8925258485030991,0.5009088535736224,-0.5481807325679576,-0.40904820128567554,1.0,0.0,1.0,0.0,0.0,0.0,0.0,0.0,1.0,1
-0.19712628010797484,-1.6268490964652356,0.9423928535768977,-1.21445623640772,2.128471657806604,1.0,0.0,0.0,0.0,1.0,0.0,0.0,1.0,0.0,1
0.35371094076006265,-1.4310295636753325,0.8998360103163938,-0.9981548800372424,1.2826317047758444,1.0,0.0,1.0,0.0,0.0,1.0,0.0,0.0,0.0,1
1.2717729755401253,0.33134623143379494,1.6108466843028597,1.2993787975068067,0.4367917517450844,0.0,1.0,0.0,1.0,0.0,0.0,1.0,0.0,0.0,1
-0.258330415759979,0.08657181544641612,-0.7657627169686901,-0.3857085935000727,-0.40904820128567554,0.0,1.0,1.0,0.0,0.0,0.0,0.0,1.0,0.0,1
-0.31953455141198317,0.03761693224894037,-1.5086045257516305,-0.8272828424581269,0.4367917517450844,0.0,1.0,0.0,0.0,1.0,0.0,1.0,0.0,0.0,0
-0.992780043584029,1.0656694793959314,-0.5585143501959927,0.3204915697412097,-1.2548881543164354,0.0,1.0,1.0,0.0,0.0,0.0,1.0,0.0,0.0,0
-1.3600048574960542,-0.1582026005409627,0.8171442579646832,0.2740777637897412,0.4367917517450844,1.0,0.0,1.0,0.0,0.0,0.0,1.0,0.0,0.0,1
1.7002019251041545,1.1146243625934071,-0.2388190398487933,0.6352681068309342,-1.2548881543164354,1.0,0.0,0.0,1.0,0.0,0.0,1.0,0.0,0.0,0
0.4149150764120669,-1.2352100308854295,1.074907251697003,-0.7640321888921501,-0.40904820128567554,0.0,1.0,1.0,0.0,0.0,0.0,1.0,0.0,0.0,1
0.9657522972801044,1.555218311370689,0.1459225024738104,1.332750795057726,-0.40904820128567554,0.0,1.0,0.0,1.0,0.0,0.0,0.0,0.0,1.0,0
-0.5643510940199998,1.555218311370689,1.4624167187845174,2.705676362185056,-0.40904820128567554,1.0,0.0,0.0,1.0,0.0,0.0,0.0,0.0,1.0,0
-1.727229671408079,-0.6967063157131961,1.5250410165906247,-0.040667015649657315,-1.2548881543164354,0.0,1.0,1.0,0.0,0.0,0.0,0.0,0.0,1.0,1
-1.2988007218440498,1.4573085449757375,-1.51483235647268,-0.4349700020974405,0.4367917517450844,1.0,0.0,1.0,0.0,0.0,0.0,1.0,0.0,0.0,0
1.0269564329321086,0.3803011146312707,-0.17550276085145844,0.17337425460595238,-0.40904820128567554,1.0,0.0,1.0,0.0,0.0,0.0,0.0,1.0,0.0,1
-0.8091676366280165,-1.4799844468728083,0.35490082222457675,-1.1068930747535126,-0.40904820128567554,1.0,0.0,0.0,1.0,0.0,0.0,0.0,1.0,0.0,1
-0.9315759079320248,0.2823913482363192,-0.8692139050572317,-0.34953133683702237,-0.40904820128567554,0.0,1.0,1.0,0.0,0.0,0.0,0.0,1.0,0.0,1
-1.0539841792360332,-0.5498416661207688,-0.3460761244890875,-0.5566018028460722,0.4367917517450844,0.0,1.0,0.0,1.0,0.0,0.0,1.0,0.0,0.0,0
1.3329771111921294,1.0167145961984556,0.5901744272419961,1.2848814301329814,-1.2548881543164354,1.0,0.0,0.0,0.0,1.0,1.0,0.0,0.0,0.0,0
-0.38073868706398734,0.9188048298035041,-0.9702431589764766,-0.12143730631215151,-1.2548881543164354,1.0,0.0,1.0,0.0,0.0,0.0,0.0,0.0,1.0,1
-0.8703717722800207,-0.9904356148980507,0.3282595463623103,-0.6799061731785404,2.128471657806604,0.0,1.0,0.0,0.0,1.0,0.0,0.0,1.0,0.0,1
-0.0747180088039665,-1.0883453812930022,0.6583345745779249,-0.7041160886104046,-0.40904820128567554,1.0,0.0,0.0,1.0,0.0,1.0,0.0,0.0,0.0,0
0.2925068051080585,0.13552669864389189,-1.4414823502025433,-0.7553782291783114,-1.2548881543164354,0.0,1.0,1.0,0.0,0.0,0.0,0.0,1.0,0.0,0
-1.666025535756075,-0.4029770165283415,-0.033300626054165235,-0.3286877323397155,2.9743116108373644,1.0,0.0,1.0,0.0,0.0,0.0,0.0,0.0,1.0,1
0.17009853380405018,0.722985297013601,-0.8443025821730344,-0.1164143046189205,2.128471657806604,0.0,1.0,0.0,1.0,0.0,0.0,0.0,0.0,1.0,0
-0.38073868706398734,0.6250755306186495,0.7517520353936651,1.0302538827607266,0.4367917517450844,1.0,0.0,1.0,0.0,0.0,0.0,1.0,0.0,0.0,1
-0.4419428227159915,-1.333119797280381,-1.0986056699492157,-1.1753625688563973,-1.2548881543164354,0.0,1.0,1.0,0.0,0.0,0.0,0.0,0.0,1.0,0
1.3329771111921294,1.0656694793959314,1.3323242548337089,1.9901500356313677,-0.40904820128567554,0.0,1.0,1.0,0.0,0.0,0.0,0.0,0.0,1.0,0
-0.258330415759979,0.42925599782874646,-0.2637303627329906,0.13331197871968636,-0.40904820128567554,0.0,1.0,0.0,1.0,0.0,1.0,0.0,0.0,0.0,0
-0.4419428227159915,-0.6967063157131961,-1.0695424599176524,-0.9009182476807102,-1.2548881543164354,0.0,1.0,0.0,1.0,0.0,0.0,0.0,0.0,1.0,0
-0.4419428227159915,-0.20715748373843845,-0.23916503044440732,-0.28485688194809594,0.4367917517450844,1.0,0.0,0.0,1.0,0.0,0.0,0.0,1.0,0.0,0
1.2105688398881211,1.6041731945681648,-0.340540274959266,0.8685492202423869,0.4367917517450844,1.0,0.0,1.0,0.0,0.0,0.0,0.0,0.0,1.0,0
1.3941812468441335,1.6041731945681648,-0.27065017464526775,0.9363306319215419,-0.40904820128567554,0.0,1.0,0.0,0.0,1.0,0.0,1.0,0.0,0.0,0
0.7821398903240918,0.2823913482363192,0.27151708868163854,0.3935394584327617,-1.2548881543164354,0.0,1.0,0.0,0.0,1.0,0.0,0.0,0.0,1.0,0
-1.4212089931480583,0.8208950634085526,0.048699145106317863,0.6582130091914791,0.4367917517450844,1.0,0.0,1.0,0.0,0.0,1.0,0.0,0.0,0.0,0
-0.8703717722800207,1.1146243625934071,-1.2363099270035292,-0.27035422163254985,-1.2548881543164354,1.0,0.0,1.0,0.0,0.0,0.0,1.0,0.0,0.0,0
1.516589518148142,0.13552669864389189,-1.5276340085103923,-0.810869430181299,0.4367917517450844,1.0,0.0,0.0,0.0,1.0,0.0,1.0,0.0,0.0,0
0.843344025976096,-1.0393904980955264,0.7690515651743577,-0.620095931731215,-1.2548881543164354,0.0,1.0,0.0,0.0,1.0,1.0,0.0,0.0,0.0,0
0.47611921206407104,1.7020829609631163,0.18190552441765073,1.4975782931914567,-1.2548881543164354,0.0,1.0,0.0,1.0,0.0,1.0,0.0,0.0,0.0,0
0.23130266945605435,-0.35402213333086574,-0.5124976009793505,-0.5078432237121995,-0.40904820128567554,1.0,0.0,0.0,0.0,1.0,0.0,1.0,0.0,0.0,0
-1.2988007218440498,-1.6268490964652356,1.042384135709301,-1.2056117307919254,-0.40904820128567554,0.0,1.0,0.0,1.0,0.0,0.0,1.0,0.0,0.0,1
1.4553853824961378,-1.2841649140829052,-0.41181433765571934,-1.051782965554437,-1.2548881543164354,1.0,0.0,1.0,0.0,0.0,0.0,1.0,0.0,0.0,1
0.9045481616281003,-0.35402213333086574,0.9994813018531831,0.17547025952746928,-1.2548881543164354,0.0,1.0,0.0,1.0,0.0,1.0,0.0,0.0,0.0,0
0.9045481616281003,-0.060292834146011165,-0.6965645978459197,-0.42947063564931925,-0.40904820128567554,1.0,0.0,0.0,1.0,0.0,0.0,0.0,0.0,1.0,0
-1.4824131288000624,-1.4799844468728083,-1.502722685626195,-1.2773363840532268,0.4367917517450844,0.0,1.0,0.0,0.0,1.0,0.0,0.0,1.0,0.0,0
0.5985274833680794,-1.1862551476879537,1.4721044554617053,-0.6379437312144346,2.128471657806604,1.0,0.0,1.0,0.0,0.0,0.0,0.0,0.0,1.0,1
-1.5436172644520665,0.08657181544641612,-0.38932494894081904,-0.16167424927521082,-1.2548881543164354,0.0,1.0,0.0,1.0,0.0,0.0,1.0,0.0,0.0,0
-1.4212089931480583,-0.8435709653056234,0.988063612197926,-0.3599266743770707,0.4367917517450844,1.0,0.0,0.0,1.0,0.0,0.0,1.0,0.0,0.0,1
0.9657522972801044,1.5062634281732132,-0.7889440868748183,0.3382652680403354,-1.2548881543164354,0.0,1.0,1.0,0.0,0.0,0.0,0.0,0.0,1.0,0
0.17009853380405018,-1.3820746804778568,0.48187937081486054,-1.0084231869759868,0.4367917517450844,1.0,0.0,1.0,0.0,0.0,0.0,0.0,0.0,1.0,1
1.3941812468441335,-1.3820746804778568,1.266932032262691,-0.9103661486526992,0.4367917517450844,1.0,0.0,0.0,0.0,1.0,0.0,0.0,1.0,0.0,1
0.04769026250004183,0.527165764223698,-1.6106717514577171,-0.754197903174528,-0.40904820128567554,1.0,0.0,1.0,0.0,0.0,0.0,0.0,0.0,1.0,1
1.0881605685841127,-1.5778942132677598,1.1191940479355762,-1.138888907456971,0.4367917517450844,1.0,0.0,0.0,1.0,0.0,1.0,0.0,0.0,0.0,1
0.35371094076006265,0.722985297013601,0.22204043350885744,0.7137994831454446,-1.2548881543164354,1.0,0.0,0.0,0.0,1.0,0.0,0.0,0.0,1.0,0
1.577793653800146,1.5062634281732132,0.34728902912107207,1.5070314871051667,-0.40904820128567554,1.0,0.0,1.0,0.0,0.0,0.0,0.0,1.0,0.0,0
0.6597316190200835,0.42925599782874646,0.05561895701859451,0.3682815405401389,1.2826317047758444,0.0,1.0,0.0,0.0,1.0,0.0,0.0,0.0,1.0,0
1.3941812468441335,-1.3820746804778568,1.2710839194100572,-0.9059147846653364,-1.2548881543164354,1.0,0.0,0.0,1.0,0.0,0.0,0.0,1.0,0.0,0
-0.8091676366280165,-0.9904356148980507,-1.6044439207366674,-1.152798758299765,-0.40904820128567554,1.0,0.0,1.0,0.0,0.0,0.0,1.0,0.0,0.0,0
-0.992780043584029,1.5062634281732132,-0.8515683846809254,0.2790001995902731,2.9743116108373644,0.0,1.0,1.0,0.0,0.0,0.0,0.0,0.0,1.0,1
1.2717729755401253,-1.333119797280381,1.2755817971530372,-0.8523925579825615,0.4367917517450844,0.0,1.0,0.0,0.0,1.0,0.0,1.0,0.0,0.0,1
0.7821398903240918,1.163579245790883,0.84828341156993,1.6754317209005745,0.4367917517450844,0.0,1.0,1.0,0.0,0.0,0.0,0.0,1.0,0.0,1
0.04769026250004183,1.7020829609631163,-1.6937094944050413,-0.5369702820028748,0.4367917517450844,1.0,0.0,1.0,0.0,0.0,0.0,0.0,1.0,0.0,0
-0.625555229672004,-1.0393904980955264,0.03416754009053602,-0.7891524903000268,-0.40904820128567554,1.0,0.0,1.0,0.0,0.0,1.0,0.0,0.0,0.0,1
-0.7479635009760124,1.7020829609631163,0.07776235513788107,1.3804613717308405,2.9743116108373644,1.0,0.0,1.0,0.0,0.0,1.0,0.0,0.0,0.0,0
1.6389977894521501,0.2334364650388434,-0.3675275414171462,-0.05454510884212534,2.128471657806604,1.0,0.0,1.0,0.0,0.0,0.0,0.0,0.0,1.0,1
-0.625555229672004,-0.6967063157131961,-0.7256278078774832,-0.7902428362945532,-0.40904820128567554,0.0,1.0,0.0,0.0,1.0,0.0,0.0,1.0,0.0,0
-0.0747180088039665,-0.5987965493182446,0.6040140510665504,-0.23013315749465368,0.4367917517450844,0.0,1.0,0.0,0.0,1.0,0.0,0.0,1.0,0.0,0
1.577793653800146,0.3803011146312707,-1.0356353815474948,-0.4054830237697371,-1.2548881543164354,0.0,1.0,1.0,0.0,0.0,1.0,0.0,0.0,0.0,0
-0.19712628010797484,-1.724758862860187,1.009515029125985,-1.3005618123249845,0.4367917517450844,0.0,1.0,1.0,0.0,0.0,0.0,0.0,1.0,0.0,1
0.47611921206407104,-1.2841649140829052,1.0237006435461529,-0.8301357380457471,-0.40904820128567554,0.0,1.0,0.0,1.0,0.0,0.0,0.0,1.0,0.0,0
-0.19712628010797484,0.9677597130009798,-0.3177048956487516,0.46069101004711716,-1.2548881543164354,0.0,1.0,1.0,0.0,0.0,1.0,0.0,0.0,0.0,0
1.4553853824961378,0.6740304138161253,-0.7737205006678086,-0.08518065552328614,2.128471657806604,1.0,0.0,0.0,0.0,1.0,0.0,0.0,1.0,0.0,0
-0.38073868706398734,-1.1862551476879537,-0.7723365382853533,-1.049522879439569,1.2826317047758444,1.0,0.0,0.0,0.0,1.0,0.0,0.0,1.0,0.0,1
-1.2375965861920457,1.163579245790883,-0.08589119658747062,0.8029273287854014,0.4367917517450844,1.0,0.0,0.0,0.0,1.0,0.0,0.0,1.0,0.0,0
-1.0539841792360332,-0.500886782923293,0.7351444868042001,-0.09665046023269805,1.2826317047758444,1.0,0.0,1.0,0.0,0.0,0.0,1.0,0.0,0.0,1
1.4553853824961378,0.2334364650388434,-0.5128435915749642,-0.1454196252500129,-0.40904820128567554,1.0,0.0,1.0,0.0,0.0,0.0,0.0,0.0,1.0,0
-1.727229671408079,-0.011337950948535399,0.35593879401141837,0.17875188339449058,0.4367917517450844,0.0,1.0,1.0,0.0,0.0,0.0,1.0,0.0,0.0,1
-1.727229671408079,-0.6477514325157203,-0.4311898110100951,-0.6465341756276213,0.4367917517450844,1.0,0.0,1.0,0.0,0.0,0.0,0.0,1.0,0.0,1
1.0881605685841127,0.33134623143379494,-0.7010624755888997,-0.21305283456097943,2.128471657806604,1.0,0.0,1.0,0.0,0.0,1.0,0.0,0.0,0.0,0
0.2925068051080585,-1.4799844468728083,-1.6684521809252304,-1.2977406743876903,2.128471657806604,0.0,1.0,0.0,0.0,1.0,0.0,0.0,1.0,0.0,0
0.17009853380405018,1.6041731945681648,-1.7411102060041392,-0.6200588811391681,-0.40904820128567554,0.0,1.0,0.0,0.0,1.0,0.0,0.0,0.0,1.0,0
1.516589518148142,0.33134623143379494,-0.9685132059984075,-0.38196648370332414,-0.40904820128567554,1.0,0.0,0.0,0.0,1.0,0.0,1.0,0.0,0.0,0
1.1493647042361168,-0.5498416661207688,-0.34849805865838446,-0.5637313953442621,2.128471657806604,0.0,1.0,0.0,0.0,1.0,0.0,1.0,0.0,0.0,0
-0.258330415759979,-0.8925258485030991,1.1908141012276432,-0.3548454503249086,0.4367917517450844,1.0,0.0,1.0,0.0,0.0,1.0,0.0,0.0,0.0,1
0.6597316190200835,1.2614890121858344,1.0081310667435293,1.9161652962551985,-1.2548881543164354,1.0,0.0,0.0,1.0,0.0,0.0,1.0,0.0,0.0,0
0.9657522972801044,-1.137300264490478,-0.8301169677528667,-1.0406201514648434,-0.40904820128567554,0.0,1.0,1.0,0.0,0.0,0.0,0.0,1.0,0.0,1
1.4553853824961378,0.33134623143379494,-0.9086568329572109,-0.3362142954669807,2.128471657806604,0.0,1.0,1.0,0.0,0.0,0.0,0.0,0.0,1.0,1
-1.727229671408079,-0.4029770165283415,-0.9681672154027937,-0.7347092917577978,0.4367917517450844,0.0,1.0,0.0,1.0,0.0,0.0,0.0,0.0,1.0,0
-0.8091676366280165,-0.8925258485030991,-0.5810037389108931,-0.8513868990555712,0.4367917517450844,0.0,1.0,0.0,1.0,0.0,0.0,1.0,0.0,0.0,0
0.5985274833680794,1.1146243625934071,-0.030878691884868508,0.819060215151016,0.4367917517450844,0.0,1.0,0.0,1.0,0.0,0.0,0.0,1.0,0.0,0
-1.4824131288000624,1.163579245790883,-0.23674309627511037,0.6799669996647982,-1.2548881543164354,1.0,0.0,1.0,0.0,0.0,0.0,1.0,0.0,0.0,0
-0.4419428227159915,1.3104438953833102,-0.9993063690080404,0.03355061316223605,2.128471657806604,0.0,1.0,1.0,0.0,0.0,0.0,0.0,0.0,1.0,1
-0.013513873151962338,1.0167145961984556,-1.3030861119570025,-0.36262078171306095,-0.40904820128567554,1.0,0.0,1.0,0.0,0.0,1.0,0.0,0.0,0.0,0
1.577793653800146,0.722985297013601,-1.7110090241857339,-0.7890678032324907,-1.2548881543164354,0.0,1.0,1.0,0.0,0.0,0.0,0.0,1.0,0.0,0
-1.6048214001040708,0.9677597130009798,-1.2217783219877472,-0.31000894100629856,-1.2548881543164354,1.0,0.0,1.0,0.0,0.0,0.0,0.0,0.0,1.0,0
-1.0539841792360332,-0.45193189972581727,0.6860138222270334,-0.0687301926544112,-1.2548881543164354,0.0,1.0,0.0,1.0,0.0,1.0,0.0,0.0,0.0,0
-0.19712628010797484,-0.20715748373843845,-0.9117707483177357,-0.6061596161798162,0.4367917517450844,0.0,1.0,0.0,0.0,1.0,0.0,0.0,0.0,1.0,0
-0.8091676366280165,-1.333119797280381,-0.13329190818656853,-1.0385876618439784,-0.40904820128567554,1.0,0.0,1.0,0.0,0.0,0.0,1.0,0.0,0.0,1
1.3329771111921294,1.555218311370689,0.29123855263162785,1.485626830785434,1.2826317047758444,1.0,0.0,0.0,1.0,0.0,1.0,0.0,0.0,0.0,0
0.47611921206407104,0.4782108810262222,1.3136407626705613,1.278953335405459,0.4367917517450844,0.0,1.0,1.0,0.0,0.0,0.0,0.0,0.0,1.0,1
-0.4419428227159915,1.5062634281732132,1.320906565178452,2.500850103465711,-1.2548881543164354,1.0,0.0,0.0,0.0,1.0,0.0,1.0,0.0,0.0,0
1.7002019251041545,-0.500886782923293,0.8254480322594154,-0.052322073319304246,0.4367917517450844,0.0,1.0,1.0,0.0,0.0,1.0,0.0,0.0,0.0,1
-0.013513873151962338,-1.3820746804778568,-1.6328151495770036,-1.265967145236514,-1.2548881543164354,0.0,1.0,0.0,0.0,1.0,1.0,0.0,0.0,0.0,0
-0.9315759079320248,-1.4799844468728083,0.23518807614218415,-1.1132604836438782,-0.40904820128567554,0.0,1.0,0.0,0.0,1.0,0.0,0.0,1.0,0.0,0
-0.0747180088039665,-0.5987965493182446,0.966958185865481,-0.11428124910535649,-1.2548881543164354,0.0,1.0,0.0,0.0,1.0,0.0,0.0,0.0,1.0,1
-1.4824131288000624,0.5761206474211737,-1.6947474661918829,-0.8146115399780475,1.2826317047758444,1.0,0.0,1.0,0.0,0.0,1.0,0.0,0.0,0.0,0
1.0881605685841127,0.42925599782874646,0.14730646485626553,0.4313522340876018,-0.40904820128567554,1.0,0.0,0.0,1.0,0.0,0.0,1.0,0.0,0.0,0
1.2105688398881211,-1.137300264490478,1.213303489942544,-0.6296655703627871,2.128471657806604,0.0,1.0,1.0,0.0,0.0,0.0,0.0,1.0,0.0,1
0.04769026250004183,1.6041731945681648,-0.11426242542780675,1.1025660525530592,-0.40904820128567554,1.0,0.0,1.0,0.0,0.0,0.0,0.0,1.0,0.0,0
1.0269564329321086,-0.5498416661207688,-1.7404182248129116,-1.103399733217651,-1.2548881543164354,1.0,0.0,1.0,0.0,0.0,0.0,0.0,0.0,1.0,1
1.3941812468441335,-0.7946160821081476,-1.7165448737155555,-1.1407467300010428,0.4367917517450844,0.0,1.0,0.0,0.0,1.0,0.0,0.0,1.0,0.0,0
-1.4824131288000624,1.4573085449757375,-0.3132070179057717,0.7960253327812145,1.2826317047758444,1.0,0.0,0.0,0.0,1.0,1.0,0.0,0.0,0.0,0
-1.0539841792360332,0.42925599782874646,-1.2183184160316087,-0.5233039064792471,-1.2548881543164354,0.0,1.0,1.0,0.0,0.0,1.0,0.0,0.0,0.0,0
-0.8091676366280165,0.527165764223698,0.5445036686209679,0.7875460401441688,0.4367917517450844,1.0,0.0,1.0,0.0,0.0,0.0,0.0,0.0,1.0,1
-0.19712628010797484,1.3104438953833102,0.697777502477904,1.6733198371538942,1.2826317047758444,1.0,0.0,0.0,0.0,1.0,0.0,1.0,0.0,0.0,0
-0.19712628010797484,0.9188048298035041,-1.1390865696360366,-0.26906803679434615,-1.2548881543164354,1.0,0.0,1.0,0.0,0.0,0.0,0.0,0.0,1.0,0
1.1493647042361168,-0.8435709653056234,1.3195226027959963,-0.27540898097610683,0.4367917517450844,0.0,1.0,1.0,0.0,0.0,1.0,0.0,0.0,0.0,1
-0.5031469583679957,-0.060292834146011165,-0.22567139721546708,-0.1799507770378314,-0.40904820128567554,0.0,1.0,1.0,0.0,0.0,0.0,0.0,1.0,0.0,1
0.5985274833680794,0.8208950634085526,-1.2605292686964986,-0.3977712076822368,1.2826317047758444,0.0,1.0,0.0,1.0,0.0,0.0,0.0,0.0,1.0,0
0.4149150764120669,-0.500886782923293,0.8898022830435924,-0.0370942799879808,-0.40904820128567554,0.0,1.0,1.0,0.0,0.0,0.0,1.0,0.0,0.0,1
0.23130266945605435,-1.0883453812930022,0.9787218661163521,-0.6229329484936723,-0.40904820128567554,0.0,1.0,0.0,1.0,0.0,0.0,0.0,1.0,0.0,1
0.04769026250004183,0.42925599782874646,0.4573140385262773,0.6385232659893506,-1.2548881543164354,1.0,0.0,1.0,0.0,0.0,0.0,0.0,0.0,1.0,0
0.47611921206407104,0.3803011146312707,1.198425894331148,1.1022643548749622,0.4367917517450844,0.0,1.0,1.0,0.0,0.0,0.0,0.0,1.0,0.0,0
-0.38073868706398734,1.4083536617782617,0.7967308128234658,1.8573130772593742,-1.2548881543164354,0.0,1.0,1.0,0.0,0.0,0.0,0.0,1.0,0.0,0
-1.1763924505400416,0.722985297013601,1.2977251952723237,1.56186636333475,0.4367917517450844,1.0,0.0,1.0,0.0,0.0,0.0,0.0,1.0,0.0,1
1.516589518148142,0.33134623143379494,-0.25335064486457515,0.07734441296180875,-0.40904820128567554,0.0,1.0,1.0,0.0,0.0,0.0,0.0,1.0,0.0,0
-1.4824131288000624,-0.6477514325157203,0.832021853576079,-0.2044200466140248,1.2826317047758444,1.0,0.0,1.0,0.0,0.0,0.0,1.0,0.0,0.0,1
0.4149150764120669,0.9677597130009798,1.704610135714214,2.195717306191653,-1.2548881543164354,0.0,1.0,0.0,0.0,1.0,1.0,0.0,0.0,0.0,0
0.2925068051080585,-0.8435709653056234,0.7534819883717342,-0.4363038234111331,-1.2548881543164354,0.0,1.0,1.0,0.0,0.0,0.0,0.0,1.0,0.0,1
1.3941812468441335,0.9188048298035041,-1.3594825790420602,-0.4473396068994228,-0.40904820128567554,0.0,1.0,0.0,1.0,0.0,1.0,0.0,0.0,0.0,0
0.108894398152046,1.163579245790883,0.03866541783351594,0.920356533807557,-0.40904820128567554,0.0,1.0,0.0,0.0,1.0,0.0,0.0,1.0,0.0,0
-1.1763924505400416,1.1146243625934071,0.27739892880707406,1.094256134051086,-0.40904820128567554,1.0,0.0,0.0,0.0,1.0,0.0,0.0,0.0,1.0,0
-0.625555229672004,-0.1582026005409627,-1.151888221673749,-0.7037297038647715,-1.2548881543164354,0.0,1.0,0.0,0.0,1.0,0.0,0.0,1.0,0.0,0
0.17009853380405018,-0.8435709653056234,1.5769396059327025,-0.19715813057280984,-0.40904820128567554,1.0,0.0,0.0,1.0,0.0,0.0,0.0,1.0,0.0,0
-1.727229671408079,-0.4029770165283415,-1.147044353335155,-0.7934662378026436,0.4367917517450844,0.0,1.0,1.0,0.0,0.0,0.0,1.0,0.0,0.0,1
1.6389977894521501,0.7719401802110768,-1.1401245414228782,-0.3168527146515545,-0.40904820128567554,0.0,1.0,0.0,0.0,1.0,0.0,0.0,1.0,0.0,0
-1.4824131288000624,0.6250755306186495,1.4119020918248948,1.532982780363241,0.4367917517450844,1.0,0.0,0.0,0.0,1.0,0.0,1.0,0.0,0.0,0
0.9657522972801044,0.03761693224894037,-0.1450555884374396,-0.04340346651941551,-0.40904820128567554,0.0,1.0,0.0,0.0,1.0,0.0,0.0,0.0,1.0,0
-1.5436172644520665,-0.500886782923293,-1.5359377828051248,-1.0006108049957874,-1.2548881543164354,1.0,0.0,0.0,1.0,0.0,0.0,0.0,1.0,0.0,0
-0.8091676366280165,0.18448158184136765,0.31511190372898357,0.33198254621750556,-1.2548881543164354,1.0,0.0,0.0,1.0,0.0,1.0,0.0,0.0,0.0,0
-0.31953455141198317,0.08657181544641612,0.3275675651710827,0.2526731074700081,1.2826317047758444,1.0,0.0,1.0,0.0,0.0,0.0,0.0,0.0,1.0,1
-0.8091676366280165,0.8698499466060283,-1.5314399050621448,-0.600972533293234,-1.2548881543164354,1.0,0.0,0.0,1.0,0.0,0.0,0.0,1.0,0.0,0
1.577793653800146,-0.6967063157131961,1.6101547031116321,0.01205068389152499,2.128471657806604,0.0,1.0,1.0,0.0,0.0,0.0,0.0,1.0,0.0,1
-1.666025535756075,-0.9904356148980507,0.12758500090627617,-0.7282042663826859,-1.2548881543164354,0.0,1.0,1.0,0.0,0.0,0.0,0.0,1.0,0.0,1
1.2105688398881211,-0.4029770165283415,0.18225151501326475,-0.22962503508943743,-1.2548881543164354,0.0,1.0,0.0,1.0,0.0,0.0,1.0,0.0,0.0,0
-0.0747180088039665,-0.060292834146011165,0.044893248554565515,-0.030086425149373944,2.128471657806604,1.0,0.0,1.0,0.0,0.0,0.0,0.0,0.0,1.0,1
0.17009853380405018,1.163579245790883,0.35836072818071507,1.2123204920797621,1.2826317047758444,1.0,0.0,1.0,0.0,0.0,0.0,0.0,1.0,0.0,0
-0.13592214445597067,0.42925599782874646,-0.8401506950256683,-0.2466312568390177,1.2826317047758444,0.0,1.0,0.0,0.0,1.0,0.0,1.0,0.0,0.0,0
-0.5643510940199998,0.4782108810262222,-0.7609188486300962,-0.1718102326709299,-1.2548881543164354,1.0,0.0,0.0,0.0,1.0,0.0,0.0,1.0,0.0,0
-0.31953455141198317,0.9188048298035041,0.014446076140546193,0.7108089710730783,-0.40904820128567554,0.0,1.0,0.0,1.0,0.0,0.0,0.0,1.0,0.0,0
-1.0539841792360332,-0.500886782923293,1.0365022955838654,0.020217692967031367,-0.40904820128567554,1.0,0.0,1.0,0.0,0.0,0.0,0.0,1.0,0.0,1
1.2717729755401253,-0.5498416661207688,-1.5819545320217674,-1.025387065191799,0.4367917517450844,0.0,1.0,0.0,0.0,1.0,0.0,0.0,0.0,1.0,0
0.35371094076006265,1.4083536617782617,0.33310341470090427,1.398711434784856,-1.2548881543164354,1.0,0.0,1.0,0.0,0.0,0.0,0.0,1.0,0.0,0
0.23130266945605435,-1.4799844468728083,1.0368482861794794,-1.047141055665118,0.4367917517450844,1.0,0.0,0.0,1.0,0.0,0.0,0.0,0.0,1.0,0
0.23130266945605435,-0.6477514325157203,-1.2117445947149454,-0.9260914785057969,-1.2548881543164354,0.0,1.0,1.0,0.0,0.0,0.0,1.0,0.0,0.0,1
1.3329771111921294,1.359398778580786,-1.7027052498910016,-0.6455867390595619,0.4367917517450844,0.0,1.0,1.0,0.0,0.0,0.0,0.0,1.0,0.0,0
0.843344025976096,0.33134623143379494,-0.6726912467485638,-0.19106066171021527,0.4367917517450844,0.0,1.0,0.0,1.0,0.0,0.0,0.0,1.0,0.0,0
0.47611921206407104,-0.6477514325157203,0.28016685357198484,-0.3997719396527756,-0.40904820128567554,0.0,1.0,0.0,1.0,0.0,0.0,0.0,0.0,1.0,0
-1.0539841792360332,-0.30506725013339,-1.276098845499122,-0.8258696270186194,-1.2548881543164354,0.0,1.0,1.0,0.0,0.0,0.0,0.0,0.0,1.0,0
-1.6048214001040708,-0.8925258485030991,-0.28033791132245567,-0.766064678513015,-1.2548881543164354,1.0,0.0,1.0,0.0,0.0,0.0,1.0,0.0,0.0,1
-1.727229671408079,-0.7456611989106718,0.15630222034222585,-0.5256169220113249,0.4367917517450844,1.0,0.0,1.0,0.0,0.0,0.0,0.0,0.0,1.0,1
0.23130266945605435,1.0167145961984556,0.3175338378982808,1.044904745444461,-1.2548881543164354,1.0,0.0,1.0,0.0,0.0,0.0,0.0,1.0,0.0,0
0.6597316190200835,-0.6477514325157203,-0.8052056448686693,-0.782679222575241,-1.2548881543164354,0.0,1.0,0.0,1.0,0.0,0.0,0.0,1.0,0.0,0
-1.1763924505400416,0.42925599782874646,-0.370641456777671,0.06659444832645321,-0.40904820128567554,1.0,0.0,1.0,0.0,0.0,0.0,0.0,1.0,0.0,1
0.843344025976096,0.3803011146312707,0.9382409664295314,0.9177682853059872,-0.40904820128567554,1.0,0.0,1.0,0.0,0.0,1.0,0.0,0.0,0.0,1
0.9045481616281003,0.527165764223698,1.5018596466844967,1.476935820479548,-0.40904820128567554,0.0,1.0,1.0,0.0,0.0,0.0,0.0,1.0,0.0,1
-0.013513873151962338,0.18448158184136765,1.2274891043627116,0.885179643129776,-0.40904820128567554,1.0,0.0,1.0,0.0,0.0,0.0,0.0,1.0,0.0,1
-0.992780043584029,0.722985297013601,0.1978210918158882,0.7034411961974432,1.2826317047758444,1.0,0.0,0.0,1.0,0.0,0.0,0.0,0.0,1.0,0
-1.0539841792360332,0.2823913482363192,-0.3350044254294442,-0.00032950679389919137,-0.40904820128567554,0.0,1.0,0.0,1.0,0.0,0.0,0.0,1.0,0.0,0
0.108894398152046,-1.4310295636753325,-0.602455155838952,-1.1664810126485559,-1.2548881543164354,0.0,1.0,1.0,0.0,0.0,0.0,0.0,0.0,1.0,1
1.0269564329321086,0.6740304138161253,-1.3221155947157643,-0.4989881322129627,1.2826317047758444,0.0,1.0,1.0,0.0,0.0,0.0,0.0,1.0,0.0,0
-1.666025535756075,0.5761206474211737,-1.385777864308713,-0.5794831899059649,-0.40904820128567554,0.0,1.0,0.0,1.0,0.0,0.0,1.0,0.0,0.0,0
1.3329771111921294,-1.4799844468728083,0.6271954209726786,-1.0858430455290866,-0.40904820128567554,1.0,0.0,1.0,0.0,0.0,0.0,0.0,1.0,0.0,1
1.2717729755401253,-1.333119797280381,-0.8557202718282918,-1.1369781554956893,0.4367917517450844,1.0,0.0,1.0,0.0,0.0,0.0,1.0,0.0,0.0,1
0.35371094076006265,1.0167145961984556,-0.8733657922045982,0.02151975663039794,0.4367917517450844,1.0,0.0,1.0,0.0,0.0,0.0,0.0,1.0,0.0,0
-0.38073868706398734,-0.2561123669359142,1.699074286184392,0.6043732060054441,0.4367917517450844,0.0,1.0,1.0,0.0,0.0,1.0,0.0,0.0,0.0,1
-0.7479635009760124,-0.7456611989106718,-1.1044875100746514,-0.9309292272387928,-1.2548881543164354,0.0,1.0,1.0,0.0,0.0,0.0,0.0,1.0,0.0,1
-0.19712628010797484,0.18448158184136765,-1.2421917671289644,-0.6253200652098443,-1.2548881543164354,1.0,0.0,0.0,0.0,1.0,1.0,0.0,0.0,0.0,0
-1.2988007218440498,0.42925599782874646,-1.4131111213622072,-0.6464441956183643,0.4367917517450844,1.0,0.0,0.0,1.0,0.0,0.0,0.0,1.0,0.0,0
-0.013513873151962338,0.6250755306186495,0.25144963413603516,0.6639664368422085,-1.2548881543164354,0.0,1.0,0.0,1.0,0.0,0.0,0.0,0.0,1.0,0
-0.19712628010797484,-0.7946160821081476,0.4178711106262981,-0.4931976539701862,-0.40904820128567554,1.0,0.0,1.0,0.0,0.0,1.0,0.0,0.0,0.0,1
-1.1763924505400416,-0.9414807317005749,-0.49104618405129147,-0.8571985490652317,-0.40904820128567554,1.0,0.0,0.0,1.0,0.0,0.0,0.0,0.0,1.0,1
-0.19712628010797484,-0.4029770165283415,0.09782980968348493,-0.268618136748061,1.2826317047758444,0.0,1.0,0.0,0.0,1.0,0.0,0.0,0.0,1.0,0
0.2925068051080585,0.2334364650388434,0.9731860165865306,0.7829835243806648,-0.40904820128567554,0.0,1.0,0.0,1.0,0.0,0.0,0.0,1.0,0.0,0
1.3329771111921294,1.4573085449757375,1.0759452234838447,2.1892175737582624,-1.2548881543164354,1.0,0.0,1.0,0.0,0.0,0.0,0.0,1.0,0.0,0
0.7209357546720877,-0.5498416661207688,1.55964007615201,0.17893184341300472,1.2826317047758444,0.0,1.0,0.0,1.0,0.0,0.0,0.0,0.0,1.0,1
-1.3600048574960542,1.0656694793959314,1.0973966404119035,1.779088691564682,-0.40904820128567554,0.0,1.0,1.0,0.0,0.0,0.0,0.0,1.0,0.0,1
-1.5436172644520665,0.2334364650388434,0.19955104479395736,0.2987058216175645,-1.2548881543164354,0.0,1.0,0.0,1.0,0.0,0.0,0.0,1.0,0.0,0
1.4553853824961378,-1.4799844468728083,-1.1328587389149871,-1.2415084615437626,0.4367917517450844,0.0,1.0,1.0,0.0,0.0,0.0,0.0,1.0,0.0,1
1.2717729755401253,0.08657181544641612,-1.409305224810455,-0.763899865349125,-0.40904820128567554,1.0,0.0,0.0,0.0,1.0,0.0,0.0,1.0,0.0,0
0.9657522972801044,-1.4799844468728083,-1.56603896462353,-1.2793794595575336,-1.2548881543164354,1.0,0.0,0.0,1.0,0.0,0.0,0.0,0.0,1.0,0
-1.1151883148880375,0.42925599782874646,0.551423480533245,0.7047432598608098,-0.40904820128567554,0.0,1.0,1.0,0.0,0.0,0.0,0.0,0.0,1.0,1
-0.013513873151962338,-1.0883453812930022,1.0392702203487763,-0.6170895408336858,1.2826317047758444,1.0,0.0,1.0,0.0,0.0,0.0,1.0,0.0,0.0,1
1.6389977894521501,1.4573085449757375,0.005450320654586354,1.112770844191152,-0.40904820128567554,1.0,0.0,1.0,0.0,0.0,0.0,0.0,0.0,1.0,0
0.4149150764120669,0.18448158184136765,-1.5653469834323024,-0.8187612062873133,1.2826317047758444,1.0,0.0,1.0,0.0,0.0,0.0,1.0,0.0,0.0,1
-0.258330415759979,-1.6268490964652356,0.09817580027909846,-1.2548466746806881,-1.2548881543164354,0.0,1.0,1.0,0.0,0.0,1.0,0.0,0.0,0.0,1
-0.5031469583679957,-0.5987965493182446,1.4828301639257344,0.07703212940026953,-1.2548881543164354,0.0,1.0,1.0,0.0,0.0,0.0,1.0,0.0,0.0,1
1.7002019251041545,-0.8435709653056234,0.3130359601553009,-0.5579409171014857,0.4367917517450844,1.0,0.0,1.0,0.0,0.0,0.0,1.0,0.0,0.0,1
0.4149150764120669,-0.8925258485030991,1.0458440416654393,-0.40228608697025164,-1.2548881543164354,1.0,0.0,0.0,0.0,1.0,1.0,0.0,0.0,0.0,0
-1.1763924505400416,1.359398778580786,1.014012906868965,2.024114842655039,0.4367917517450844,0.0,1.0,1.0,0.0,0.0,0.0,0.0,0.0,1.0,1
0.47611921206407104,-0.060292834146011165,1.4703745024836357,0.7408411223980449,-0.40904820128567554,0.0,1.0,1.0,0.0,0.0,0.0,0.0,1.0,0.0,1
-1.2375965861920457,1.2614890121858344,0.9102157281848092,1.8192991698191363,-0.40904820128567554,0.0,1.0,1.0,0.0,0.0,0.0,0.0,1.0,0.0,1
-0.31953455141198317,-1.724758862860187,0.8323678441716925,-1.3005459334998217,0.4367917517450844,1.0,0.0,1.0,0.0,0.0,0.0,1.0,0.0,0.0,1
0.35371094076006265,-0.5498416661207688,-0.9446398549010517,-0.7960544863042136,-0.40904820128567554,1.0,0.0,1.0,0.0,0.0,0.0,1.0,0.0,0.0,0
1.2105688398881211,0.42925599782874646,-1.5473554724603822,-0.7538538619626628,0.4367917517450844,1.0,0.0,0.0,1.0,0.0,1.0,0.0,0.0,0.0,0
0.35371094076006265,0.6250755306186495,0.03624348366421921,0.5045959616228309,-1.2548881543164354,0.0,1.0,1.0,0.0,0.0,0.0,1.0,0.0,0.0,0
1.1493647042361168,-0.9904356148980507,-1.3241915382894476,-1.0916652814221892,-0.40904820128567554,1.0,0.0,0.0,1.0,0.0,0.0,1.0,0.0,0.0,0
0.4149150764120669,-0.8435709653056234,1.5745176717634053,-0.1975233435515588,-0.40904820128567554,1.0,0.0,0.0,0.0,1.0,0.0,0.0,0.0,1.0,1
-0.6867593653240082,-0.6477514325157203,-0.7515771025485221,-0.7595755319630663,1.2826317047758444,0.0,1.0,1.0,0.0,0.0,1.0,0.0,0.0,0.0,1
1.2105688398881211,-0.5498416661207688,1.1963499507574653,0.029422118619854443,-1.2548881543164354,1.0,0.0,1.0,0.0,0.0,0.0,0.0,0.0,1.0,1
0.5985274833680794,-0.9904356148980507,-0.4135442906337888,-0.8587440880477643,-0.40904820128567554,1.0,0.0,1.0,0.0,0.0,0.0,0.0,0.0,1.0,1
0.17009853380405018,0.8698499466060283,-0.6363622342091094,0.13099367024588732,0.4367917517450844,0.0,1.0,0.0,1.0,0.0,0.0,0.0,1.0,0.0,0
-0.31953455141198317,-1.724758862860187,1.4811002109476652,-1.299175061594082,-0.40904820128567554,1.0,0.0,1.0,0.0,0.0,0.0,0.0,0.0,1.0,1
-0.38073868706398734,0.2823913482363192,-0.4976200053679548,-0.11165065707001848,-1.2548881543164354,0.0,1.0,0.0,1.0,0.0,1.0,0.0,0.0,0.0,0
0.17009853380405018,-0.8435709653056234,-0.40420254455221466,-0.7724109156364967,1.2826317047758444,1.0,0.0,0.0,1.0,0.0,0.0,0.0,0.0,1.0,0
0.47611921206407104,-0.10924771734348693,-1.3875078172867823,-0.8011621750649809,-0.40904820128567554,1.0,0.0,0.0,1.0,0.0,0.0,1.0,0.0,0.0,0
-1.0539841792360332,0.9188048298035041,0.5649171137621852,1.1785621097832095,0.4367917517450844,1.0,0.0,1.0,0.0,0.0,0.0,0.0,1.0,0.0,1
1.2105688398881211,-0.8925258485030991,-0.7553829991002745,-0.8993356581061304,1.2826317047758444,1.0,0.0,1.0,0.0,0.0,0.0,0.0,1.0,0.0,1
1.577793653800146,-0.10924771734348693,0.27151708868163854,0.05164188796462187,-1.2548881543164354,0.0,1.0,0.0,1.0,0.0,0.0,1.0,0.0,0.0,0
-0.992780043584029,0.42925599782874646,0.2915845432272419,0.5316058432251053,-1.2548881543164354,1.0,0.0,0.0,0.0,1.0,1.0,0.0,0.0,0.0,0
-0.38073868706398734,-1.4799844468728083,0.7337605244217449,-1.074494978479258,-1.2548881543164354,1.0,0.0,0.0,0.0,1.0,0.0,0.0,1.0,0.0,1
-0.258330415759979,-0.7456611989106718,0.8237180792813462,-0.315518893337862,2.128471657806604,0.0,1.0,0.0,0.0,1.0,0.0,0.0,0.0,1.0,0
0.35371094076006265,1.6531280777656405,0.025517775200189715,1.28857061051252,1.2826317047758444,1.0,0.0,0.0,1.0,0.0,0.0,0.0,0.0,1.0,0
0.7209357546720877,0.5761206474211737,-0.6093749677512289,-0.00010191029989618153,0.4367917517450844,1.0,0.0,0.0,1.0,0.0,0.0,1.0,0.0,0.0,0
0.04769026250004183,0.13552669864389189,1.1430673990329319,0.7807604888578439,-1.2548881543164354,0.0,1.0,0.0,1.0,0.0,1.0,0.0,0.0,0.0,0
-0.7479635009760124,-0.2561123669359142,-0.6823789834257517,-0.5189742801514672,0.4367917517450844,1.0,0.0,1.0,0.0,0.0,0.0,0.0,1.0,0.0,1
1.2105688398881211,-1.2841649140829052,0.0012984335072199716,-0.9920891688249739,-0.40904820128567554,1.0,0.0,0.0,1.0,0.0,0.0,0.0,0.0,1.0,0
-0.5643510940199998,-0.30506725013339,-0.36614357903469086,-0.40447736484274666,0.4367917517450844,0.0,1.0,1.0,0.0,0.0,0.0,1.0,0.0,0.0,1
1.1493647042361168,-0.8925258485030991,1.20396174386097,-0.3578624271058799,-0.40904820128567554,1.0,0.0,1.0,0.0,0.0,1.0,0.0,0.0,0.0,1
-0.258330415759979,1.163579245790883,-0.2602704567768523,0.6554659724382789,0.4367917517450844,0.0,1.0,0.0,1.0,0.0,0.0,1.0,0.0,0.0,0
-0.4419428227159915,-1.0393904980955264,-0.4187341495679965,-0.8873894886418284,0.4367917517450844,0.0,1.0,1.0,0.0,0.0,0.0,0.0,1.0,0.0,1
-0.992780043584029,-1.5778942132677598,0.6320392893112725,-1.1607328779395474,-0.40904820128567554,0.0,1.0,1.0,0.0,0.0,0.0,1.0,0.0,0.0,1
-0.625555229672004,1.3104438953833102,0.32964350874476545,1.3107850869155666,-1.2548881543164354,1.0,0.0,1.0,0.0,0.0,1.0,0.0,0.0,0.0,0
1.2105688398881211,0.18448158184136765,-1.38370192073503,-0.7105999422186324,1.2826317047758444,1.0,0.0,0.0,0.0,1.0,1.0,0.0,0.0,0.0,0
0.4149150764120669,-1.333119797280381,0.0037203676765167003,-1.0218355012970064,1.2826317047758444,0.0,1.0,0.0,1.0,0.0,0.0,0.0,1.0,0.0,1
-1.0539841792360332,-1.333119797280381,0.7901569915068026,-0.9190148154248169,1.2826317047758444,0.0,1.0,1.0,0.0,0.0,0.0,1.0,0.0,0.0,1
0.7209357546720877,-0.500886782923293,1.677968859851947,0.2800376161675896,-0.40904820128567554,1.0,0.0,1.0,0.0,0.0,1.0,0.0,0.0,0.0,1
-0.625555229672004,-1.5778942132677598,0.422022997773664,-1.1808354705959139,1.2826317047758444,0.0,1.0,1.0,0.0,0.0,0.0,1.0,0.0,0.0,1
-1.0539841792360332,-0.9904356148980507,-0.47340066367498507,-0.8811226456441618,2.128471657806604,1.0,0.0,1.0,0.0,0.0,0.0,0.0,0.0,1.0,1
-1.2375965861920457,-1.0393904980955264,-0.971973111954546,-1.0265250476618144,-1.2548881543164354,1.0,0.0,1.0,0.0,0.0,0.0,0.0,1.0,0.0,1
-1.3600048574960542,0.7719401802110768,1.2652020792846217,1.5874418577306328,0.4367917517450844,1.0,0.0,0.0,1.0,0.0,0.0,0.0,1.0,0.0,0
-0.0747180088039665,1.6041731945681648,1.0638355526373595,2.337155294860275,-0.40904820128567554,1.0,0.0,1.0,0.0,0.0,0.0,0.0,0.0,1.0,0
-0.9315759079320248,-1.528939330070284,-0.9453318360922793,-1.2418313309887439,2.128471657806604,0.0,1.0,1.0,0.0,0.0,0.0,0.0,0.0,1.0,1
0.108894398152046,-0.7946160821081476,-1.060546704431692,-0.9408482000239511,0.4367917517450844,1.0,0.0,1.0,0.0,0.0,0.0,0.0,0.0,1.0,1
1.3941812468441335,-0.8925258485030991,0.7195749100015771,-0.49363167519130846,-1.2548881543164354,1.0,0.0,1.0,0.0,0.0,0.0,0.0,0.0,1.0,1
-0.625555229672004,-1.6758039796627113,-0.6647334630494453,-1.30386460795889,1.2826317047758444,1.0,0.0,1.0,0.0,0.0,0.0,1.0,0.0,0.0,1
1.0881605685841127,-1.137300264490478,-0.6944886542722366,-1.0127951568375346,-1.2548881543164354,0.0,1.0,0.0,1.0,0.0,0.0,0.0,1.0,0.0,1
-0.8091676366280165,-1.5778942132677598,-1.2276601621131829,-1.289377826468507,-0.40904820128567554,1.0,0.0,1.0,0.0,0.0,0.0,0.0,1.0,0.0,0
1.4553853824961378,0.2823913482363192,-0.8411886668125099,-0.32540081553097305,1.2826317047758444,0.0,1.0,0.0,0.0,1.0,0.0,1.0,0.0,0.0,1
-1.4824131288000624,1.2125341289883587,-0.2754940429838617,0.6618333813286444,-1.2548881543164354,0.0,1.0,0.0,1.0,0.0,0.0,0.0,0.0,1.0,0
0.35371094076006265,-1.3820746804778568,0.7808152454252287,-0.9777241249941737,1.2826317047758444,0.0,1.0,1.0,0.0,0.0,0.0,0.0,0.0,1.0,1
-1.0539841792360332,1.5062634281732132,-0.5910374661836947,0.5477387295907201,0.4367917517450844,1.0,0.0,1.0,0.0,0.0,0.0,0.0,0.0,1.0,1
-0.258330415759979,1.3104438953833102,-0.6176787420459614,0.3970804364441123,-0.40904820128567554,1.0,0.0,0.0,1.0,0.0,0.0,0.0,0.0,1.0,0
1.3941812468441335,-1.333119797280381,-0.7688766323292148,-1.1339982293067647,0.4367917517450844,1.0,0.0,1.0,0.0,0.0,0.0,0.0,1.0,0.0,1
-0.5031469583679957,-1.2352100308854295,-0.0997308204120249,-0.9700440665569995,1.2826317047758444,1.0,0.0,0.0,1.0,0.0,0.0,0.0,0.0,1.0,1
0.4149150764120669,0.2823913482363192,-1.1297448235544625,-0.5147769773667125,-1.2548881543164354,0.0,1.0,0.0,0.0,1.0,0.0,1.0,0.0,0.0,0
1.4553853824961378,-1.137300264490478,-0.07447350693221355,-0.8908828301776899,1.2826317047758444,1.0,0.0,1.0,0.0,0.0,0.0,0.0,0.0,1.0,1
-0.38073868706398734,-0.011337950948535399,0.6818619350796671,0.36696359805160944,2.128471657806604,0.0,1.0,0.0,1.0,0.0,0.0,0.0,1.0,0.0,0
-0.8091676366280165,-1.137300264490478,-1.6514986417401514,-1.1943536437513536,-0.40904820128567554,1.0,0.0,0.0,0.0,1.0,1.0,0.0,0.0,0.0,0
1.7002019251041545,-1.1862551476879537,-1.7206967608629218,-1.2315206805162315,-1.2548881543164354,1.0,0.0,1.0,0.0,0.0,0.0,0.0,0.0,1.0,1
0.5985274833680794,0.03761693224894037,-1.4947649019270763,-0.827393994234268,-0.40904820128567554,1.0,0.0,0.0,1.0,0.0,0.0,0.0,1.0,0.0,0
0.9657522972801044,0.7719401802110768,0.09886778147032603,0.6609441671195162,0.4367917517450844,1.0,0.0,1.0,0.0,0.0,0.0,1.0,0.0,0.0,0
1.4553853824961378,1.7020829609631163,1.2018858002872868,2.603940729365672,1.2826317047758444,0.0,1.0,1.0,0.0,0.0,0.0,0.0,1.0,0.0,1
0.7821398903240918,-1.6758039796627113,-1.7376503000480008,-1.3401053799225924,0.4367917517450844,0.0,1.0,0.0,1.0,0.0,0.0,1.0,0.0,0.0,0
0.5985274833680794,0.9677597130009798,1.4862900698818733,2.0054042936712966,0.4367917517450844,1.0,0.0,0.0,1.0,0.0,0.0,0.0,0.0,1.0,0
-0.9315759079320248,1.163579245790883,-1.3868158360955547,-0.3953099897819708,0.4367917517450844,0.0,1.0,0.0,0.0,1.0,1.0,0.0,0.0,0.0,0
0.108894398152046,-0.6477514325157203,1.1586369758355552,-0.10436756926191927,-1.2548881543164354,0.0,1.0,1.0,0.0,0.0,0.0,0.0,0.0,1.0,0
-1.4824131288000624,0.18448158184136765,-0.08381525301378742,0.0793186802237426,-1.2548881543164354,1.0,0.0,1.0,0.0,0.0,0.0,0.0,1.0,0.0,0
0.35371094076006265,1.359398778580786,0.5268581482446613,1.556711038098494,-0.40904820128567554,1.0,0.0,1.0,0.0,0.0,1.0,0.0,0.0,0.0,1
-0.38073868706398734,-0.6477514325157203,0.012370132566863003,-0.49368460460851843,-1.2548881543164354,0.0,1.0,1.0,0.0,0.0,0.0,1.0,0.0,0.0,1
-0.013513873151962338,-0.35402213333086574,-0.10422869815500482,-0.32303487058168506,0.4367917517450844,0.0,1.0,1.0,0.0,0.0,1.0,0.0,0.0,0.0,1
0.843344025976096,0.722985297013601,1.1340716435469715,1.4362913210039718,0.4367917517450844,1.0,0.0,1.0,0.0,0.0,1.0,0.0,0.0,0.0,1
-1.1151883148880375,1.6041731945681648,0.8607390730120287,2.123071681070897,2.128471657806604,1.0,0.0,1.0,0.0,0.0,0.0,1.0,0.0,0.0,1
-0.6867593653240082,-0.2561123669359142,-0.08208530003571826,-0.23954930081631665,1.2826317047758444,0.0,1.0,1.0,0.0,0.0,0.0,0.0,1.0,0.0,1
1.0881605685841127,0.6740304138161253,-1.3684783345280205,-0.5459947476371836,2.128471657806604,0.0,1.0,1.0,0.0,0.0,0.0,0.0,1.0,0.0,1
-1.0539841792360332,-0.7946160821081476,-1.3553306918946941,-1.025471752259335,-1.2548881543164354,0.0,1.0,0.0,0.0,1.0,0.0,0.0,1.0,0.0,1
-1.2375965861920457,0.9188048298035041,1.0185107846119452,1.5556789144628986,-0.40904820128567554,0.0,1.0,0.0,1.0,0.0,1.0,0.0,0.0,0.0,0
-1.1763924505400416,-1.6758039796627113,0.0770703739466535,-1.2824705375225989,1.2826317047758444,0.0,1.0,1.0,0.0,0.0,0.0,1.0,0.0,0.0,1
0.9045481616281003,-0.5498416661207688,-0.08831313075676783,-0.4530824486667102,0.4367917517450844,1.0,0.0,0.0,0.0,1.0,1.0,0.0,0.0,0.0,0
-0.7479635009760124,-1.137300264490478,0.600208154514798,-0.7511491687432307,-1.2548881543164354,1.0,0.0,0.0,1.0,0.0,0.0,1.0,0.0,0.0,1
0.5373233477160752,1.6531280777656405,1.2167633958986823,2.5553356455417084,-0.40904820128567554,1.0,0.0,0.0,0.0,1.0,1.0,0.0,0.0,0.0,0
-1.3600048574960542,1.5062634281732132,0.42133101658243644,1.5845836692012918,-0.40904820128567554,0.0,1.0,1.0,0.0,0.0,0.0,0.0,0.0,1.0,1
1.0269564329321086,1.0656694793959314,0.8846124241093845,1.5934175889336444,-1.2548881543164354,1.0,0.0,1.0,0.0,0.0,0.0,0.0,1.0,0.0,0
-0.992780043584029,1.359398778580786,0.8932621889997308,1.898328082655421,0.4367917517450844,0.0,1.0,0.0,0.0,1.0,0.0,1.0,0.0,0.0,0
0.6597316190200835,1.6041731945681648,-0.5218393470609243,0.669920996278336,0.4367917517450844,1.0,0.0,1.0,0.0,0.0,0.0,0.0,1.0,0.0,0
0.7821398903240918,1.1146243625934071,-0.8062436166555109,0.12277902469489184,-1.2548881543164354,1.0,0.0,0.0,0.0,1.0,0.0,0.0,0.0,1.0,0
-1.2375965861920457,1.163579245790883,1.0174728128251038,1.8130270338797487,-1.2548881543164354,0.0,1.0,0.0,0.0,1.0,0.0,0.0,1.0,0.0,0
1.2717729755401253,1.2614890121858344,-0.44952731257762935,0.5400269135032197,-0.40904820128567554,1.0,0.0,0.0,0.0,1.0,0.0,0.0,1.0,0.0,0
-0.13592214445597067,-0.9904356148980507,1.3707292109468465,-0.43171484293902423,-1.2548881543164354,0.0,1.0,1.0,0.0,0.0,1.0,0.0,0.0,0.0,1
-1.666025535756075,1.555218311370689,-1.5134483940902246,-0.39302343895849773,-0.40904820128567554,1.0,0.0,1.0,0.0,0.0,0.0,0.0,1.0,0.0,0
-1.4824131288000624,-1.0393904980955264,-1.5532373125858174,-1.1597060472456728,0.4367917517450844,0.0,1.0,1.0,0.0,0.0,0.0,1.0,0.0,0.0,0
-0.013513873151962338,0.9188048298035041,1.4527289821073297,1.9106024145064249,-0.40904820128567554,0.0,1.0,0.0,0.0,1.0,0.0,0.0,0.0,1.0,0
0.47611921206407104,-0.060292834146011165,0.4891451733227512,0.20543360261006305,0.4367917517450844,1.0,0.0,1.0,0.0,0.0,1.0,0.0,0.0,0.0,1
0.5373233477160752,0.9188048298035041,-0.44122353828289684,0.32233351346011846,0.4367917517450844,0.0,1.0,0.0,1.0,0.0,1.0,0.0,0.0,0.0,0
-0.625555229672004,-1.0883453812930022,0.857971148247118,-0.6541295469972596,-0.40904820128567554,1.0,0.0,1.0,0.0,0.0,1.0,0.0,0.0,0.0,1
-1.2988007218440498,0.6250755306186495,0.5714909350788484,0.8852802090224754,-0.40904820128567554,0.0,1.0,1.0,0.0,0.0,0.0,1.0,0.0,0.0,0
1.1493647042361168,-1.4310295636753325,0.08329820466770307,-1.0864729055938858,0.4367917517450844,1.0,0.0,1.0,0.0,0.0,0.0,0.0,1.0,0.0,1
0.9657522972801044,-0.30506725013339,-1.4124191401709796,-0.8828216799366034,-0.40904820128567554,1.0,0.0,1.0,0.0,0.0,0.0,0.0,1.0,0.0,0
-1.727229671408079,0.6250755306186495,1.0555317783426272,1.2702517392161317,0.4367917517450844,1.0,0.0,0.0,0.0,1.0,0.0,0.0,1.0,0.0,0
-0.4419428227159915,-0.9904356148980507,1.2416747187828796,-0.46631480296921585,0.4367917517450844,0.0,1.0,1.0,0.0,0.0,0.0,1.0,0.0,0.0,1
1.3941812468441335,0.722985297013601,-1.1588080335860262,-0.35801592241578895,-0.40904820128567554,0.0,1.0,0.0,0.0,1.0,0.0,1.0,0.0,0.0,0
-0.7479635009760124,0.2823913482363192,1.1880461764627326,0.9790976010272401,0.4367917517450844,0.0,1.0,0.0,1.0,0.0,0.0,0.0,1.0,0.0,0
-1.3600048574960542,-0.9414807317005749,1.2825016090653143,-0.3859414829357968,-0.40904820128567554,0.0,1.0,0.0,1.0,0.0,1.0,0.0,0.0,0.0,0
-0.258330415759979,1.3104438953833102,0.1462684930694239,1.1455606181527607,1.2826317047758444,1.0,0.0,0.0,1.0,0.0,0.0,0.0,1.0,0.0,0
0.9657522972801044,0.42925599782874646,0.5157864491850181,0.6786808148265946,-0.40904820128567554,1.0,0.0,1.0,0.0,0.0,0.0,0.0,1.0,0.0,1
-1.5436172644520665,-1.4310295636753325,-0.43222778279693674,-1.1457697316942739,-1.2548881543164354,1.0,0.0,1.0,0.0,0.0,1.0,0.0,0.0,0.0,1
0.4149150764120669,-0.45193189972581727,-0.7796023407932442,-0.6808906603386469,1.2826317047758444,1.0,0.0,0.0,1.0,0.0,0.0,0.0,1.0,0.0,0
-1.4212089931480583,-1.2841649140829052,0.7434482610989328,-0.867535664246349,-0.40904820128567554,1.0,0.0,1.0,0.0,0.0,0.0,0.0,0.0,1.0,1
0.108894398152046,-0.10924771734348693,1.2274891043627116,0.547378809553692,0.4367917517450844,1.0,0.0,1.0,0.0,0.0,1.0,0.0,0.0,0.0,1
-0.625555229672004,-0.011337950948535399,0.508520646677127,0.2664506347697768,0.4367917517450844,0.0,1.0,1.0,0.0,0.0,1.0,0.0,0.0,0.0,1
0.9045481616281003,-0.5498416661207688,0.015484047927387789,-0.41974220876611706,0.4367917517450844,1.0,0.0,0.0,1.0,0.0,0.0,0.0,0.0,1.0,0
1.516589518148142,-1.4799844468728083,-1.2048247828026684,-1.2598802622573615,-0.40904820128567554,1.0,0.0,1.0,0.0,0.0,1.0,0.0,0.0,0.0,1
0.5985274833680794,-0.5987965493182446,-1.5694988705796684,-1.0434518752855797,1.2826317047758444,1.0,0.0,1.0,0.0,0.0,0.0,0.0,0.0,1.0,0
-0.13592214445597067,-0.8925258485030991,-0.21252375458214084,-0.7436014338490815,-1.2548881543164354,0.0,1.0,1.0,0.0,0.0,0.0,0.0,1.0,0.0,1
-1.1763924505400416,-1.4799844468728083,-1.5840304755954504,-1.2822694057372008,-0.40904820128567554,0.0,1.0,0.0,0.0,1.0,1.0,0.0,0.0,0.0,0
-0.19712628010797484,-0.35402213333086574,0.2151206215965808,-0.17789711565008248,-0.40904820128567554,0.0,1.0,1.0,0.0,0.0,0.0,0.0,1.0,0.0,1
-0.625555229672004,-0.5498416661207688,-0.4304978298188673,-0.5859829223393557,1.2826317047758444,1.0,0.0,0.0,1.0,0.0,0.0,0.0,1.0,0.0,0
0.5985274833680794,0.9188048298035041,0.8652369507550086,1.4209841335468334,-0.40904820128567554,1.0,0.0,0.0,1.0,0.0,0.0,0.0,0.0,1.0,0
-1.6048214001040708,0.4782108810262222,-0.6972565790371473,-0.13289652513812142,-0.40904820128567554,0.0,1.0,0.0,1.0,0.0,0.0,1.0,0.0,0.0,0
0.9657522972801044,-0.5987965493182446,0.2971203927570634,-0.3545755102971375,1.2826317047758444,1.0,0.0,1.0,0.0,0.0,0.0,0.0,1.0,0.0,1
-0.992780043584029,-0.500886782923293,0.10578759338260317,-0.3418936219336161,0.4367917517450844,0.0,1.0,0.0,1.0,0.0,0.0,0.0,1.0,0.0,1
1.2717729755401253,-0.4029770165283415,-1.7383422812392284,-1.059050174537373,1.2826317047758444,0.0,1.0,1.0,0.0,0.0,0.0,0.0,1.0,0.0,1
-0.0747180088039665,-1.6268490964652356,-1.5041066480086507,-1.327354683316698,-0.40904820128567554,0.0,1.0,1.0,0.0,0.0,0.0,0.0,0.0,1.0,1
-0.5643510940199998,0.08657181544641612,-0.749847149570453,-0.37587960072417154,-0.40904820128567554,1.0,0.0,0.0,1.0,0.0,0.0,0.0,0.0,1.0,0
-0.0747180088039665,1.2125341289883587,1.2977251952723237,2.136790986011735,-1.2548881543164354,1.0,0.0,0.0,1.0,0.0,0.0,0.0,1.0,0.0,0
-1.2988007218440498,0.722985297013601,-1.2459976636807166,-0.4173074555744561,-0.40904820128567554,0.0,1.0,0.0,1.0,0.0,0.0,1.0,0.0,0.0,0
0.7209357546720877,0.5761206474211737,0.7050433049857953,0.9545489373252317,0.4367917517450844,1.0,0.0,0.0,0.0,1.0,1.0,0.0,0.0,0.0,0
0.5985274833680794,-0.7456611989106718,1.613268618472157,-0.0647922440139855,-0.40904820128567554,0.0,1.0,1.0,0.0,0.0,1.0,0.0,0.0,0.0,1
-1.727229671408079,0.8698499466060283,0.9807978096900353,1.4679907489710544,1.2826317047758444,1.0,0.0,0.0,0.0,1.0,0.0,0.0,0.0,1.0,0
-1.6048214001040708,0.9677597130009798,-0.9141926824870327,-0.045891149128286714,-0.40904820128567554,1.0,0.0,1.0,0.0,0.0,0.0,0.0,0.0,1.0,0
-0.992780043584029,1.1146243625934071,1.3883747313231531,2.1047528097745083,-0.40904820128567554,1.0,0.0,0.0,1.0,0.0,0.0,0.0,0.0,1.0,0
-0.0747180088039665,0.722985297013601,-1.432486594716583,-0.5673041310059386,-0.40904820128567554,0.0,1.0,1.0,0.0,0.0,0.0,0.0,0.0,1.0,0
1.7002019251041545,-0.7946160821081476,-0.13502186116463769,-0.655272822408996,-0.40904820128567554,1.0,0.0,1.0,0.0,0.0,0.0,0.0,1.0,0.0,1
1.2105688398881211,1.1146243625934071,1.3160626968398579,2.0394484948207827,-1.2548881543164354,1.0,0.0,1.0,0.0,0.0,1.0,0.0,0.0,0.0,0
-0.258330415759979,1.7020829609631163,0.4642338504385539,1.7970211781154377,1.2826317047758444,0.0,1.0,1.0,0.0,0.0,0.0,0.0,0.0,1.0,0
1.6389977894521501,-1.333119797280381,-0.3235867357741872,-1.06790526603661,-1.2548881543164354,1.0,0.0,1.0,0.0,0.0,0.0,0.0,1.0,0.0,0
0.23130266945605435,-1.724758862860187,-0.7415433752757205,-1.3311285507637725,-0.40904820128567554,0.0,1.0,1.0,0.0,0.0,0.0,0.0,1.0,0.0,1
0.5373233477160752,-0.35402213333086574,-0.4567931150855203,-0.4753763191955717,1.2826317047758444,1.0,0.0,1.0,0.0,0.0,0.0,0.0,1.0,0.0,1
1.4553853824961378,1.3104438953833102,0.006142301845813921,1.0058534214269066,0.4367917517450844,0.0,1.0,0.0,1.0,0.0,0.0,1.0,0.0,0.0,0
-1.4212089931480583,0.9677597130009798,-0.6508938392248913,0.1801968564843242,-1.2548881543164354,1.0,0.0,1.0,0.0,0.0,0.0,0.0,1.0,0.0,0
0.9045481616281003,1.555218311370689,1.5980450322651476,2.8407310631381493,-0.40904820128567554,1.0,0.0,1.0,0.0,0.0,0.0,1.0,0.0,0.0,0
0.9657522972801044,-0.060292834146011165,1.4738344084397745,0.7380146915190299,-1.2548881543164354,0.0,1.0,1.0,0.0,0.0,0.0,0.0,0.0,1.0,1
0.17009853380405018,-1.6268490964652356,1.2579362767767306,-1.1959785768597013,1.2826317047758444,0.0,1.0,1.0,0.0,0.0,0.0,1.0,0.0,0.0,1
0.9657522972801044,-1.4310295636753325,-0.2952155069338513,-1.1323309526646492,0.4367917517450844,0.0,1.0,0.0,0.0,1.0,0.0,0.0,0.0,1.0,1
1.0881605685841127,-0.45193189972581727,0.6372291482454799,-0.09361760462656375,1.2826317047758444,0.0,1.0,0.0,0.0,1.0,0.0,1.0,0.0,0.0,1
-0.5031469583679957,-1.724758862860187,1.3689992579687773,-1.3009852476626649,0.4367917517450844,0.0,1.0,1.0,0.0,0.0,0.0,0.0,1.0,0.0,1
-0.8091676366280165,1.7020829609631163,1.187700185867119,2.575808744118545,1.2826317047758444,1.0,0.0,0.0,1.0,0.0,0.0,0.0,0.0,1.0,0
1.516589518148142,0.3803011146312707,-0.3211648016048902,0.07272367483937378,-0.40904820128567554,0.0,1.0,0.0,1.0,0.0,0.0,0.0,1.0,0.0,0
-0.5031469583679957,0.2334364650388434,-1.3657104097631099,-0.6831613323369569,-1.2548881543164354,0.0,1.0,1.0,0.0,0.0,0.0,0.0,0.0,1.0,0
-1.1151883148880375,0.2823913482363192,-1.4930349489490071,-0.7384461086128252,0.4367917517450844,1.0,0.0,0.0,1.0,0.0,0.0,0.0,0.0,1.0,0
0.47611921206407104,-0.1582026005409627,0.24210788805446082,-0.004929073149450171,1.2826317047758444,0.0,1.0,1.0,0.0,0.0,1.0,0.0,0.0,0.0,0
0.4149150764120669,0.6740304138161253,0.4687317281815343,0.8676494201498167,1.2826317047758444,1.0,0.0,1.0,0.0,0.0,0.0,0.0,0.0,1.0,0
0.35371094076006265,1.3104438953833102,1.1856242422934358,2.1430472431259595,-0.40904820128567554,1.0,0.0,1.0,0.0,0.0,0.0,0.0,1.0,0.0,0
-0.625555229672004,0.03761693224894037,-0.7425813470625621,-0.39744833823725567,-0.40904820128567554,1.0,0.0,1.0,0.0,0.0,1.0,0.0,0.0,0.0,1
-0.5643510940199998,1.1146243625934071,-1.1750695915798772,-0.21208422622603607,-0.40904820128567554,1.0,0.0,0.0,1.0,0.0,0.0,0.0,0.0,1.0,0
1.7002019251041545,0.5761206474211737,-0.44329948185658,0.1150936733159966,-1.2548881543164354,1.0,0.0,1.0,0.0,0.0,0.0,0.0,1.0,0.0,0
-0.6867593653240082,-1.528939330070284,-0.5311810931424984,-1.2160917553995099,0.4367917517450844,0.0,1.0,1.0,0.0,0.0,0.0,1.0,0.0,0.0,1
1.0881605685841127,0.5761206474211737,-1.2961663000447254,-0.5101033098270674,0.4367917517450844,0.0,1.0,1.0,0.0,0.0,0.0,1.0,0.0,0.0,0
0.7209357546720877,-1.6268490964652356,0.5714909350788484,-1.2315577311082784,1.2826317047758444,0.0,1.0,0.0,1.0,0.0,0.0,1.0,0.0,0.0,1
1.2105688398881211,0.527165764223698,0.005450320654586354,0.4103233766300599,-0.40904820128567554,1.0,0.0,0.0,0.0,1.0,0.0,1.0,0.0,0.0,0
-0.9315759079320248,1.2614890121858344,0.7403343457384081,1.652058090260628,-0.40904820128567554,0.0,1.0,0.0,1.0,0.0,0.0,0.0,1.0,0.0,0
-0.8703717722800207,-1.0883453812930022,-0.5342950085030229,-0.9444685721611167,-1.2548881543164354,1.0,0.0,1.0,0.0,0.0,0.0,1.0,0.0,0.0,1
0.108894398152046,1.3104438953833102,-0.6277124693187631,0.3819161584134408,1.2826317047758444,1.0,0.0,0.0,1.0,0.0,0.0,0.0,0.0,1.0,0
-1.727229671408079,1.2125341289883587,-0.11945228436201423,0.820923330636809,-1.2548881543164354,1.0,0.0,1.0,0.0,0.0,0.0,0.0,1.0,0.0,0
1.4553853824961378,-0.2561123669359142,1.2811176466828587,0.40748106692588176,0.4367917517450844,1.0,0.0,1.0,0.0,0.0,0.0,1.0,0.0,0.0,1
1.516589518148142,-0.9414807317005749,-1.615169629200697,-1.1499617415373078,-0.40904820128567554,0.0,1.0,1.0,0.0,0.0,0.0,0.0,1.0,0.0,1
1.516589518148142,-0.5987965493182446,1.0299284742672024,-0.07490705564282087,-0.40904820128567554,1.0,0.0,1.0,0.0,0.0,0.0,0.0,0.0,1.0,1
-1.6048214001040708,-0.6477514325157203,-0.47789854141796523,-0.6742586043622311,-1.2548881543164354,1.0,0.0,0.0,1.0,0.0,0.0,0.0,1.0,0.0,0
-0.8091676366280165,0.6740304138161253,1.2022317908829003,1.4285847978581925,-1.2548881543164354,0.0,1.0,0.0,0.0,1.0,0.0,0.0,0.0,1.0,0
-0.38073868706398734,1.6531280777656405,1.020932718781242,2.365816574279502,-0.40904820128567554,0.0,1.0,0.0,1.0,0.0,0.0,0.0,0.0,1.0,0
1.7002019251041545,-0.45193189972581727,-0.5477886417319632,-0.5747989364828778,-0.40904820128567554,1.0,0.0,1.0,0.0,0.0,0.0,0.0,0.0,1.0,1
-1.1151883148880375,-1.0393904980955264,0.6462249037314403,-0.6622012831217879,-1.2548881543164354,1.0,0.0,1.0,0.0,0.0,0.0,0.0,1.0,0.0,1
-1.0539841792360332,0.6740304138161253,-1.2024028486333713,-0.4109559255092534,-1.2548881543164354,1.0,0.0,1.0,0.0,0.0,0.0,0.0,0.0,1.0,0
-1.1763924505400416,-0.011337950948535399,1.3465098692538768,0.7258568043858876,1.2826317047758444,1.0,0.0,0.0,1.0,0.0,0.0,0.0,0.0,1.0,1
0.17009853380405018,-1.3820746804778568,-0.3550718799750476,-1.1042148462426855,-1.2548881543164354,1.0,0.0,0.0,1.0,0.0,0.0,0.0,1.0,0.0,1
-0.8091676366280165,-1.6268490964652356,-0.1782706856163692,-1.2573131855226753,-1.2548881543164354,1.0,0.0,0.0,0.0,1.0,0.0,1.0,0.0,0.0,0
-1.2988007218440498,1.2614890121858344,0.6873977846094886,1.6142029710720203,1.2826317047758444,0.0,1.0,1.0,0.0,0.0,0.0,0.0,0.0,1.0,1
0.5373233477160752,0.527165764223698,1.0852869695654186,1.1701569183302578,-0.40904820128567554,0.0,1.0,0.0,0.0,1.0,0.0,1.0,0.0,0.0,0
-1.0539841792360332,1.2125341289883587,-0.9370280617975468,0.044596982533967676,-1.2548881543164354,0.0,1.0,0.0,1.0,0.0,0.0,0.0,1.0,0.0,0
-0.31953455141198317,-0.20715748373843845,0.5337779601569383,0.09945832347215598,0.4367917517450844,1.0,0.0,0.0,0.0,1.0,0.0,0.0,1.0,0.0,1
-0.0747180088039665,-1.137300264490478,-0.3983207044267791,-0.9578703005986943,1.2826317047758444,1.0,0.0,0.0,1.0,0.0,0.0,0.0,1.0,0.0,1
1.4553853824961378,-1.724758862860187,-0.47893651320480685,-1.325279850162065,0.4367917517450844,1.0,0.0,0.0,1.0,0.0,0.0,0.0,0.0,1.0,1
-1.2988007218440498,-0.10924771734348693,0.6327312705025,0.23653492816267213,-0.40904820128567554,0.0,1.0,0.0,1.0,0.0,0.0,0.0,1.0,0.0,0
-0.0747180088039665,1.2614890121858344,-0.41492825301624414,0.5665445515254411,-0.40904820128567554,1.0,0.0,0.0,1.0,0.0,0.0,0.0,0.0,1.0,0
0.4149150764120669,1.7020829609631163,-0.5571303878135373,0.6904999536895927,0.4367917517450844,1.0,0.0,1.0,0.0,0.0,0.0,0.0,0.0,1.0,0
-0.19712628010797484,-0.2561123669359142,1.1375315495031104,0.33316287222128904,-0.40904820128567554,1.0,0.0,1.0,0.0,0.0,0.0,0.0,1.0,0.0,1
-1.2988007218440498,1.359398778580786,-1.4041153658762473,-0.34021575940805837,-0.40904820128567554,1.0,0.0,1.0,0.0,0.0,1.0,0.0,0.0,0.0,0
1.2717729755401253,-0.5498416661207688,0.583946596520947,-0.20910430003711175,-1.2548881543164354,0.0,1.0,1.0,0.0,0.0,0.0,1.0,0.0,0.0,1
-0.0747180088039665,0.08657181544641612,-0.8941252279414293,-0.4610536188985397,-0.40904820128567554,1.0,0.0,0.0,1.0,0.0,0.0,0.0,1.0,0.0,0
-0.0747180088039665,-1.0883453812930022,-1.7009752969129324,-1.2013350338813555,-1.2548881543164354,0.0,1.0,1.0,0.0,0.0,1.0,0.0,0.0,0.0,0
0.47611921206407104,-1.3820746804778568,-1.177491525749174,-1.2134188198304037,-1.2548881543164354,0.0,1.0,1.0,0.0,0.0,1.0,0.0,0.0,0.0,1
0.7209357546720877,0.8698499466060283,0.3445211043561613,0.9478216083978378,-0.40904820128567554,0.0,1.0,1.0,0.0,0.0,0.0,0.0,0.0,1.0,0
0.4149150764120669,-1.6758039796627113,0.6988154742647457,-1.2635694426369,1.2826317047758444,1.0,0.0,0.0,1.0,0.0,0.0,1.0,0.0,0.0,1
-0.13592214445597067,0.9677597130009798,-1.6815998235585565,-0.7030151567324362,-0.40904820128567554,1.0,0.0,1.0,0.0,0.0,0.0,1.0,0.0,0.0,0
1.516589518148142,1.2125341289883587,-1.628663262429637,-0.5979079200367737,-0.40904820128567554,1.0,0.0,1.0,0.0,0.0,0.0,0.0,0.0,1.0,0
-0.7479635009760124,-0.6967063157131961,1.3679612861819357,-0.08347103534740265,0.4367917517450844,1.0,0.0,1.0,0.0,0.0,1.0,0.0,0.0,0.0,1
-1.2375965861920457,-0.060292834146011165,-1.5009927326481258,-0.8548855335331537,-0.40904820128567554,1.0,0.0,1.0,0.0,0.0,1.0,0.0,0.0,0.0,1
0.23130266945605435,-0.9904356148980507,1.3392440667459862,-0.43123847818413397,0.4367917517450844,1.0,0.0,0.0,0.0,1.0,0.0,0.0,0.0,1.0,1
1.4553853824961378,0.6740304138161253,-0.9650533000422689,-0.23426165203703553,1.2826317047758444,0.0,1.0,1.0,0.0,0.0,0.0,0.0,1.0,0.0,1
-0.5643510940199998,0.33134623143379494,0.8057265683094261,0.7723447115214502,0.4367917517450844,0.0,1.0,0.0,1.0,0.0,0.0,1.0,0.0,0.0,0
-0.992780043584029,-0.9414807317005749,-0.6830709646169795,-0.9038558303358664,-1.2548881543164354,0.0,1.0,0.0,1.0,0.0,1.0,0.0,0.0,0.0,0
-0.0747180088039665,1.0656694793959314,1.2167633958986823,1.8872711274002472,-0.40904820128567554,0.0,1.0,0.0,0.0,1.0,0.0,0.0,1.0,0.0,0
1.1493647042361168,-1.6758039796627113,0.6690602830419544,-1.265940680527909,-1.2548881543164354,0.0,1.0,1.0,0.0,0.0,0.0,0.0,1.0,0.0,1
-0.013513873151962338,-1.5778942132677598,-0.3644136260566217,-1.2353157197301898,0.4367917517450844,0.0,1.0,1.0,0.0,0.0,0.0,1.0,0.0,0.0,1
-0.992780043584029,0.13552669864389189,-1.4906130147797103,-0.7899834821502241,-1.2548881543164354,0.0,1.0,1.0,0.0,0.0,0.0,0.0,1.0,0.0,0
1.0269564329321086,-1.4799844468728083,0.7804692548296147,-1.058510294481831,1.2826317047758444,1.0,0.0,1.0,0.0,0.0,1.0,0.0,0.0,0.0,1
0.35371094076006265,1.6041731945681648,0.3798121451087741,1.6250905521921217,0.4367917517450844,0.0,1.0,0.0,1.0,0.0,0.0,0.0,1.0,0.0,0
-1.4212089931480583,1.6041731945681648,-1.7445701119602777,-0.619868335237212,-1.2548881543164354,0.0,1.0,1.0,0.0,0.0,0.0,0.0,1.0,0.0,0
-0.6867593653240082,-0.7946160821081476,-1.7220807232453774,-1.1453727610651987,-0.40904820128567554,0.0,1.0,1.0,0.0,0.0,0.0,0.0,1.0,0.0,1
1.3329771111921294,1.359398778580786,1.043768098091756,2.0522891714359344,-0.40904820128567554,1.0,0.0,0.0,0.0,1.0,0.0,0.0,0.0,1.0,0
-1.4824131288000624,-0.9904356148980507,-0.8571042342107471,-0.9676728286659905,-0.40904820128567554,0.0,1.0,0.0,1.0,0.0,0.0,0.0,1.0,0.0,0
1.0881605685841127,0.722985297013601,0.4462423394666337,0.8933096016132358,-1.2548881543164354,0.0,1.0,1.0,0.0,0.0,0.0,0.0,0.0,1.0,0
-0.258330415759979,0.03761693224894037,-0.18311455395496312,-0.08512772610607616,1.2826317047758444,1.0,0.0,1.0,0.0,0.0,1.0,0.0,0.0,0.0,1
-1.666025535756075,1.6041731945681648,1.2326789632969197,2.533597533893552,0.4367917517450844,0.0,1.0,1.0,0.0,0.0,0.0,0.0,0.0,1.0,0
-1.1763924505400416,0.2823913482363192,1.4181299225459443,1.1300152483181771,1.2826317047758444,0.0,1.0,0.0,0.0,1.0,1.0,0.0,0.0,0.0,1
1.6389977894521501,1.0167145961984556,1.6942304178457985,2.2488796128373996,-0.40904820128567554,0.0,1.0,0.0,0.0,1.0,0.0,0.0,0.0,1.0,0
0.04769026250004183,1.4573085449757375,-1.2228162937745888,-0.13131922850526273,-1.2548881543164354,0.0,1.0,0.0,0.0,1.0,0.0,0.0,0.0,1.0,0
1.2717729755401253,-1.333119797280381,1.231295000914464,-0.8509793425430541,-0.40904820128567554,0.0,1.0,0.0,0.0,1.0,0.0,0.0,0.0,1.0,1
0.9657522972801044,1.359398778580786,-0.8342688549002327,0.21479152357279493,-0.40904820128567554,0.0,1.0,1.0,0.0,0.0,0.0,0.0,0.0,1.0,0
-1.4824131288000624,-0.6967063157131961,0.2895085996535587,-0.4356316198125658,0.4367917517450844,1.0,0.0,1.0,0.0,0.0,0.0,1.0,0.0,0.0,1
1.577793653800146,-0.10924771734348693,-0.004583406618215573,-0.09361231168484287,1.2826317047758444,1.0,0.0,1.0,0.0,0.0,1.0,0.0,0.0,0.0,1
1.6389977894521501,0.9188048298035041,-1.692325532022586,-0.7178512723764054,-1.2548881543164354,1.0,0.0,0.0,1.0,0.0,0.0,0.0,1.0,0.0,0
0.23130266945605435,-0.35402213333086574,1.472796436652933,0.3748659600410657,-0.40904820128567554,0.0,1.0,0.0,0.0,1.0,1.0,0.0,0.0,0.0,0
1.516589518148142,0.08657181544641612,-1.4836932028674332,-0.7889143079225817,0.4367917517450844,1.0,0.0,1.0,0.0,0.0,0.0,0.0,1.0,0.0,1
-1.727229671408079,-0.8925258485030991,0.6265034397814505,-0.513935399633073,0.4367917517450844,0.0,1.0,1.0,0.0,0.0,0.0,0.0,1.0,0.0,1
-0.6867593653240082,1.7020829609631163,0.9614223363356595,2.3477623500691633,0.4367917517450844,0.0,1.0,0.0,0.0,1.0,0.0,0.0,0.0,1.0,0
0.17009853380405018,1.4083536617782617,0.9970593676838864,2.0602021193088325,0.4367917517450844,1.0,0.0,1.0,0.0,0.0,1.0,0.0,0.0,0.0,1
1.0881605685841127,-1.724758862860187,-1.28578658217631,-1.3503631009778947,-0.40904820128567554,0.0,1.0,0.0,0.0,1.0,0.0,0.0,0.0,1.0,1
1.2105688398881211,-1.5778942132677598,-0.20594993326547725,-1.2362790351234123,0.4367917517450844,0.0,1.0,1.0,0.0,0.0,0.0,1.0,0.0,0.0,1
-1.1151883148880375,-1.5778942132677598,1.1150421607882097,-1.1364806189739152,2.128471657806604,1.0,0.0,1.0,0.0,0.0,0.0,0.0,0.0,1.0,1
-0.5031469583679957,-0.45193189972581727,-0.707290306309949,-0.6424162669686815,-0.40904820128567554,1.0,0.0,1.0,0.0,0.0,0.0,0.0,1.0,0.0,1
-0.19712628010797484,0.33134623143379494,-0.1364058235470933,0.1518743253352413,0.4367917517450844,1.0,0.0,0.0,1.0,0.0,0.0,1.0,0.0,0.0,0
-0.258330415759979,1.1146243625934071,-0.8107414943984909,0.1222709022896756,0.4367917517450844,1.0,0.0,0.0,1.0,0.0,0.0,0.0,0.0,1.0,0
-0.4419428227159915,-0.20715748373843845,-0.15059143796726113,-0.23109647288787616,-0.40904820128567554,1.0,0.0,1.0,0.0,0.0,0.0,1.0,0.0,0.0,1
-0.13592214445597067,-0.1582026005409627,1.3171006686266995,0.5461614329578615,-1.2548881543164354,0.0,1.0,0.0,0.0,1.0,0.0,1.0,0.0,0.0,1
1.2105688398881211,-0.4029770165283415,-0.18000063859443835,-0.39740070176176656,0.4367917517450844,0.0,1.0,0.0,1.0,0.0,0.0,1.0,0.0,0.0,0
-0.992780043584029,0.9188048298035041,0.1687578817843245,0.8459271873268235,-1.2548881543164354,0.0,1.0,0.0,1.0,0.0,0.0,0.0,1.0,0.0,0
0.23130266945605435,1.163579245790883,-0.356801832953117,0.5590126954564549,-0.40904820128567554,0.0,1.0,1.0,0.0,0.0,0.0,0.0,1.0,0.0,0
0.2925068051080585,1.6531280777656405,-0.16270110881374575,1.0920860279454747,1.2826317047758444,0.0,1.0,0.0,0.0,1.0,1.0,0.0,0.0,0.0,0
0.7209357546720877,1.2614890121858344,-1.702013268699774,-0.6521023503181156,0.4367917517450844,1.0,0.0,1.0,0.0,0.0,0.0,0.0,0.0,1.0,0
0.35371094076006265,-0.10924771734348693,-0.7730285194765811,-0.4897995853853028,-0.40904820128567554,1.0,0.0,1.0,0.0,0.0,0.0,0.0,0.0,1.0,0
-1.727229671408079,0.9677597130009798,-0.24400889878300128,0.5323997844832555,2.128471657806604,1.0,0.0,1.0,0.0,0.0,0.0,0.0,1.0,0.0,1
-0.5031469583679957,-1.137300264490478,0.438284555767515,-0.7829491626030121,-0.40904820128567554,0.0,1.0,1.0,0.0,0.0,0.0,0.0,1.0,0.0,1
1.1493647042361168,0.9677597130009798,-0.19730016837513095,0.5714722802676943,-0.40904820128567554,1.0,0.0,0.0,0.0,1.0,0.0,0.0,0.0,1.0,0
1.577793653800146,-0.8925258485030991,-0.585847607249487,-0.8513868990555712,1.2826317047758444,1.0,0.0,1.0,0.0,0.0,0.0,0.0,1.0,0.0,1
-1.4212089931480583,0.8698499466060283,-0.41181433765571934,0.31880841427393103,-0.40904820128567554,1.0,0.0,1.0,0.0,0.0,0.0,0.0,1.0,0.0,0
-0.0747180088039665,0.33134623143379494,-0.9162686260607159,-0.36370054182414535,-0.40904820128567554,0.0,1.0,0.0,0.0,1.0,0.0,0.0,1.0,0.0,0
-0.7479635009760124,0.13552669864389189,1.4440792172169834,0.9571001352347546,0.4367917517450844,1.0,0.0,0.0,1.0,0.0,0.0,0.0,1.0,0.0,1
-1.4824131288000624,1.2125341289883587,0.05042909808438703,0.9731483345328337,-0.40904820128567554,0.0,1.0,0.0,1.0,0.0,1.0,0.0,0.0,0.0,0
0.108894398152046,0.2823913482363192,-1.708241099420823,-0.8838008741549889,-0.40904820128567554,0.0,1.0,1.0,0.0,0.0,1.0,0.0,0.0,0.0,0
-1.4824131288000624,-0.8925258485030991,-1.6874816636839922,-1.157340102296385,-1.2548881543164354,0.0,1.0,0.0,1.0,0.0,0.0,0.0,1.0,0.0,0
0.5373233477160752,-0.6477514325157203,1.6118846560897013,0.07358642433989696,3.8201515638681243,1.0,0.0,1.0,0.0,0.0,0.0,0.0,1.0,0.0,1
-1.6048214001040708,0.8698499466060283,-0.988234669948397,-0.14071949300176284,-0.40904820128567554,1.0,0.0,0.0,0.0,1.0,0.0,0.0,0.0,1.0,0
1.4553853824961378,-0.30506725013339,1.0326963990321132,0.23081325816226872,-0.40904820128567554,0.0,1.0,0.0,1.0,0.0,0.0,0.0,1.0,0.0,1
-0.38073868706398734,1.0656694793959314,-1.5528913219902036,-0.5693154488599196,-0.40904820128567554,0.0,1.0,0.0,1.0,0.0,0.0,1.0,0.0,0.0,0
0.47611921206407104,1.555218311370689,1.4326615275617263,2.67094937155356,0.4367917517450844,0.0,1.0,1.0,0.0,0.0,1.0,0.0,0.0,0.0,1
1.4553853824961378,1.5062634281732132,1.2707379288144431,2.4484288086609047,-1.2548881543164354,0.0,1.0,1.0,0.0,0.0,0.0,1.0,0.0,0.0,0
0.47611921206407104,1.7020829609631163,0.2213484523176299,1.5380534185319612,-0.40904820128567554,0.0,1.0,1.0,0.0,0.0,0.0,0.0,0.0,1.0,0
-1.1763924505400416,-0.8925258485030991,-1.7234646856278328,-1.1657505866910574,0.4367917517450844,0.0,1.0,1.0,0.0,0.0,0.0,0.0,0.0,1.0,1
-1.1763924505400416,-1.4310295636753325,-0.8626400837405687,-1.193030408321103,-0.40904820128567554,1.0,0.0,1.0,0.0,0.0,1.0,0.0,0.0,0.0,1
-0.625555229672004,0.18448158184136765,-0.3471140962759291,-0.07601857340423128,0.4367917517450844,0.0,1.0,0.0,1.0,0.0,0.0,0.0,1.0,0.0,0
-0.7479635009760124,1.6531280777656405,-0.16270110881374575,1.0870259756601968,-1.2548881543164354,0.0,1.0,1.0,0.0,0.0,0.0,0.0,1.0,0.0,1
-0.5031469583679957,1.4083536617782617,-0.7245898360906416,0.35887069016019707,0.4367917517450844,0.0,1.0,0.0,1.0,0.0,0.0,0.0,1.0,0.0,0
-0.9315759079320248,1.555218311370689,-1.640772933276122,-0.5230022088011499,-1.2548881543164354,1.0,0.0,1.0,0.0,0.0,0.0,0.0,0.0,1.0,0
-1.2375965861920457,0.6250755306186495,0.287086665484262,0.6850005872414713,-0.40904820128567554,1.0,0.0,1.0,0.0,0.0,0.0,0.0,1.0,0.0,0
1.0269564329321086,0.7719401802110768,0.05907886297473333,0.6357391786441036,0.4367917517450844,1.0,0.0,0.0,1.0,0.0,0.0,0.0,1.0,0.0,0
-1.727229671408079,-0.35402213333086574,-0.7754504536458781,-0.617682350306438,1.2826317047758444,0.0,1.0,0.0,1.0,0.0,1.0,0.0,0.0,0.0,1
1.3329771111921294,-0.7456611989106718,-1.6231274128998157,-1.0976621843920846,0.4367917517450844,1.0,0.0,1.0,0.0,0.0,0.0,1.0,0.0,0.0,1
0.9657522972801044,-1.333119797280381,1.6866186247422934,-0.7895494609291019,0.4367917517450844,0.0,1.0,1.0,0.0,0.0,0.0,0.0,1.0,0.0,1
-0.992780043584029,0.527165764223698,-0.08692916837431221,0.3333904687152923,1.2826317047758444,1.0,0.0,0.0,1.0,0.0,0.0,0.0,0.0,1.0,1
-1.5436172644520665,0.2823913482363192,0.8610850636076423,0.7612348268490667,3.8201515638681243,1.0,0.0,1.0,0.0,0.0,0.0,0.0,1.0,0.0,1
-1.727229671408079,0.722985297013601,-0.18968837527162624,0.3895856309671729,-0.40904820128567554,1.0,0.0,1.0,0.0,0.0,0.0,1.0,0.0,0.0,0
1.2105688398881211,0.9677597130009798,-1.6051359019278952,-0.6420616398733743,0.4367917517450844,1.0,0.0,0.0,1.0,0.0,0.0,0.0,1.0,0.0,0
0.6597316190200835,0.722985297013601,-0.6834169552125933,0.005101051411848986,0.4367917517450844,1.0,0.0,1.0,0.0,0.0,0.0,1.0,0.0,0.0,1
0.17009853380405018,1.6531280777656405,-0.647087942673139,0.5624372287499433,-0.40904820128567554,0.0,1.0,1.0,0.0,0.0,0.0,0.0,1.0,0.0,0
0.2925068051080585,-0.7946160821081476,1.1461813143934567,-0.2588791239814168,-1.2548881543164354,1.0,0.0,0.0,0.0,1.0,0.0,1.0,0.0,0.0,0
-0.0747180088039665,-0.45193189972581727,0.5088666372727411,-0.1484154302641001,0.4367917517450844,0.0,1.0,0.0,1.0,0.0,0.0,0.0,1.0,0.0,1
0.108894398152046,0.08657181544641612,-0.8017457389125308,-0.4060070250001164,1.2826317047758444,1.0,0.0,1.0,0.0,0.0,0.0,0.0,1.0,0.0,1
-1.2988007218440498,1.4083536617782617,1.593547154522167,2.65653139830555,0.4367917517450844,0.0,1.0,1.0,0.0,0.0,0.0,0.0,1.0,0.0,0
0.5985274833680794,0.8698499466060283,-0.642244074334545,0.1280984311244992,-0.40904820128567554,0.0,1.0,1.0,0.0,0.0,0.0,0.0,1.0,0.0,0
-0.19712628010797484,-0.5987965493182446,1.699074286184392,0.15835288600174796,0.4367917517450844,0.0,1.0,0.0,0.0,1.0,0.0,1.0,0.0,0.0,0
0.2925068051080585,0.527165764223698,1.6921544742721153,1.6163042689352585,1.2826317047758444,0.0,1.0,0.0,1.0,0.0,1.0,0.0,0.0,0.0,1
1.516589518148142,1.7020829609631163,-1.0930698204193943,0.11139919999473702,-1.2548881543164354,0.0,1.0,1.0,0.0,0.0,0.0,0.0,0.0,1.0,0
1.516589518148142,1.3104438953833102,-0.6726912467485638,0.34845418085326474,0.4367917517450844,1.0,0.0,1.0,0.0,0.0,0.0,1.0,0.0,0.0,0
-1.6048214001040708,1.0167145961984556,-0.07308954454975843,0.7062094047175274,2.128471657806604,0.0,1.0,1.0,0.0,0.0,0.0,0.0,0.0,1.0,0
1.2717729755401253,0.9188048298035041,0.5431197062385122,1.158893538347965,-1.2548881543164354,0.0,1.0,1.0,0.0,0.0,0.0,1.0,0.0,0.0,1
-1.0539841792360332,1.163579245790883,0.07222650560805956,0.9438360232819233,-1.2548881543164354,1.0,0.0,0.0,1.0,0.0,0.0,0.0,1.0,0.0,0
-1.727229671408079,1.2614890121858344,1.5994289946476028,2.47998532720152,-0.40904820128567554,0.0,1.0,1.0,0.0,0.0,0.0,1.0,0.0,0.0,0
1.516589518148142,-0.30506725013339,0.75036807301121,0.10824460672901966,-0.40904820128567554,1.0,0.0,1.0,0.0,0.0,0.0,0.0,1.0,0.0,1
0.9045481616281003,-0.6967063157131961,-1.0211037765317128,-0.8803763408615005,-0.40904820128567554,1.0,0.0,1.0,0.0,0.0,0.0,0.0,0.0,1.0,1
-1.4824131288000624,-0.35402213333086574,-1.3909677232429207,-0.8929206127402757,0.4367917517450844,1.0,0.0,1.0,0.0,0.0,0.0,0.0,0.0,1.0,1
0.04769026250004183,0.2334364650388434,0.6271954209726786,0.5567367305164239,1.2826317047758444,1.0,0.0,1.0,0.0,0.0,0.0,0.0,0.0,1.0,1
0.04769026250004183,0.2823913482363192,-1.2062087451851238,-0.5568823287572853,0.4367917517450844,0.0,1.0,0.0,1.0,0.0,0.0,0.0,0.0,1.0,0
1.7002019251041545,1.4083536617782617,0.9707640824172334,2.041353953840343,-0.40904820128567554,1.0,0.0,0.0,1.0,0.0,0.0,0.0,0.0,1.0,0
-0.7479635009760124,-0.2561123669359142,-0.6785730868739993,-0.5278134928255409,2.128471657806604,0.0,1.0,0.0,0.0,1.0,0.0,1.0,0.0,0.0,0
1.1493647042361168,-0.30506725013339,-0.623560582171397,-0.5205092332505579,0.4367917517450844,0.0,1.0,0.0,0.0,1.0,0.0,1.0,0.0,0.0,0
1.0881605685841127,-0.8925258485030991,-1.7172368549067833,-1.1593461272086447,-0.40904820128567554,1.0,0.0,0.0,1.0,0.0,0.0,1.0,0.0,0.0,0
-0.38073868706398734,-0.9414807317005749,0.6707902360200235,-0.5535477754730539,-1.2548881543164354,0.0,1.0,0.0,1.0,0.0,0.0,1.0,0.0,0.0,0
-0.8703717722800207,0.08657181544641612,-1.362596494402585,-0.7247268036719874,3.8201515638681243,1.0,0.0,0.0,0.0,1.0,1.0,0.0,0.0,0.0,1
0.47611921206407104,-1.0883453812930022,0.9195574742663837,-0.6425327116865436,-0.40904820128567554,1.0,0.0,1.0,0.0,0.0,0.0,1.0,0.0,0.0,1
-0.5031469583679957,0.9677597130009798,-0.05267609940854103,0.6968197261044692,-0.40904820128567554,1.0,0.0,1.0,0.0,0.0,0.0,1.0,0.0,0.0,1
-0.9315759079320248,-0.6967063157131961,0.9590004021663628,-0.212190085060456,1.2826317047758444,1.0,0.0,1.0,0.0,0.0,0.0,0.0,0.0,1.0,1
-1.666025535756075,1.5062634281732132,0.26563524855620296,1.4238052714841274,0.4367917517450844,0.0,1.0,0.0,1.0,0.0,1.0,0.0,0.0,0.0,0
-1.1151883148880375,0.9677597130009798,-1.4695075884472655,-0.521070285072984,-0.40904820128567554,0.0,1.0,0.0,1.0,0.0,0.0,1.0,0.0,0.0,0
1.3329771111921294,-0.8435709653056234,0.8946461513821858,-0.38719591012367427,0.4367917517450844,1.0,0.0,1.0,0.0,0.0,1.0,0.0,0.0,0.0,1
0.5985274833680794,1.0167145961984556,-1.5131024034946106,-0.5460635558795567,-1.2548881543164354,0.0,1.0,1.0,0.0,0.0,0.0,0.0,0.0,1.0,0
0.5373233477160752,0.3803011146312707,-0.09834685802956927,0.2155907577726664,2.128471657806604,1.0,0.0,1.0,0.0,0.0,0.0,0.0,1.0,0.0,1
0.2925068051080585,-0.060292834146011165,-1.1584620429904124,-0.6711516475720026,0.4367917517450844,1.0,0.0,1.0,0.0,0.0,0.0,1.0,0.0,0.0,1
0.5373233477160752,-1.724758862860187,0.84828341156993,-1.305928855230081,1.2826317047758444,1.0,0.0,1.0,0.0,0.0,0.0,1.0,0.0,0.0,1
1.2717729755401253,0.7719401802110768,1.3994464303827963,1.7021134401161466,-0.40904820128567554,0.0,1.0,1.0,0.0,0.0,0.0,0.0,0.0,1.0,0
0.2925068051080585,1.6531280777656405,0.16253005106327492,1.4354550362120535,-1.2548881543164354,0.0,1.0,1.0,0.0,0.0,0.0,0.0,1.0,0.0,0
-0.6867593653240082,0.03761693224894037,0.06911259024753477,0.05166835267322674,-0.40904820128567554,0.0,1.0,0.0,0.0,1.0,0.0,0.0,1.0,0.0,0
0.04769026250004183,1.4083536617782617,0.8887643112567508,1.9542480119378094,-0.40904820128567554,0.0,1.0,0.0,0.0,1.0,0.0,0.0,0.0,1.0,0
-0.8703717722800207,0.722985297013601,-1.7369583188567728,-0.8092180323643463,-0.40904820128567554,1.0,0.0,0.0,0.0,1.0,0.0,0.0,1.0,0.0,0
-0.13592214445597067,-1.724758862860187,1.4208978473108551,-1.3078554860165257,-0.40904820128567554,0.0,1.0,0.0,1.0,0.0,1.0,0.0,0.0,0.0,1
1.3329771111921294,-0.7456611989106718,-1.0716184034913352,-0.914679896155316,0.4367917517450844,0.0,1.0,0.0,1.0,0.0,0.0,1.0,0.0,0.0,0
0.2925068051080585,0.8208950634085526,1.650289612202839,1.9498072338338883,0.4367917517450844,0.0,1.0,0.0,1.0,0.0,1.0,0.0,0.0,0.0,0
1.3941812468441335,-0.9904356148980507,0.7929249162717134,-0.5638266682952402,1.2826317047758444,1.0,0.0,0.0,1.0,0.0,0.0,0.0,0.0,1.0,1
1.7002019251041545,1.2125341289883587,0.9244013426049776,1.7915694481428057,-0.40904820128567554,1.0,0.0,0.0,1.0,0.0,0.0,1.0,0.0,0.0,0
0.5373233477160752,0.8698499466060283,0.5157864491850181,1.084887627204912,0.4367917517450844,0.0,1.0,1.0,0.0,0.0,0.0,0.0,0.0,1.0,1
0.23130266945605435,0.18448158184136765,-0.12256619972253902,0.0605340300559055,0.4367917517450844,0.0,1.0,1.0,0.0,0.0,0.0,0.0,1.0,0.0,1
-0.31953455141198317,-0.500886782923293,0.22307840529569906,-0.29420950996910694,-0.40904820128567554,0.0,1.0,0.0,1.0,0.0,0.0,0.0,0.0,1.0,0
-0.8703717722800207,1.4083536617782617,-1.594064202868252,-0.5175081352947496,0.4367917517450844,0.0,1.0,1.0,0.0,0.0,1.0,0.0,0.0,0.0,0
0.04769026250004183,1.359398778580786,0.40437747739735785,1.4336025066097027,1.2826317047758444,1.0,0.0,1.0,0.0,0.0,0.0,1.0,0.0,0.0,1
1.577793653800146,0.33134623143379494,0.4116432799052485,0.5141338426040769,-0.40904820128567554,1.0,0.0,1.0,0.0,0.0,0.0,1.0,0.0,0.0,0
0.7821398903240918,-0.9414807317005749,1.3288643488775707,-0.3857615229172828,-1.2548881543164354,0.0,1.0,1.0,0.0,0.0,0.0,0.0,1.0,0.0,0
1.3329771111921294,1.1146243625934071,-0.004929397213829602,0.8441699306754509,1.2826317047758444,0.0,1.0,0.0,0.0,1.0,0.0,0.0,1.0,0.0,0
-0.7479635009760124,-0.6477514325157203,-1.4878450900147995,-1.0239897285774544,-1.2548881543164354,1.0,0.0,1.0,0.0,0.0,0.0,0.0,1.0,0.0,1
-1.4824131288000624,-1.4310295636753325,-0.6951806354634644,-1.1827409296154745,1.2826317047758444,0.0,1.0,1.0,0.0,0.0,1.0,0.0,0.0,0.0,1
-0.013513873151962338,0.3803011146312707,0.513710505611335,0.6389096507349837,-0.40904820128567554,1.0,0.0,1.0,0.0,0.0,1.0,0.0,0.0,0.0,1
-1.5436172644520665,0.8208950634085526,-0.9266483439291313,-0.13102811671060777,0.4367917517450844,0.0,1.0,0.0,0.0,1.0,0.0,0.0,0.0,1.0,0
-1.1763924505400416,1.7020829609631163,-0.7841002185362244,0.44723635219232943,1.2826317047758444,0.0,1.0,0.0,1.0,0.0,0.0,0.0,0.0,1.0,0
1.6389977894521501,-0.10924771734348693,1.084248997778577,0.483805286542734,-0.40904820128567554,0.0,1.0,0.0,1.0,0.0,0.0,1.0,0.0,0.0,0
-0.7479635009760124,0.4782108810262222,0.2670192109386586,0.549707703910933,0.4367917517450844,1.0,0.0,0.0,0.0,1.0,0.0,1.0,0.0,0.0,0
-1.1763924505400416,1.555218311370689,0.004758339463358296,1.1955895032996737,-1.2548881543164354,1.0,0.0,1.0,0.0,0.0,0.0,0.0,1.0,0.0,0
-0.7479635009760124,-0.9904356148980507,-0.6526237922029604,-0.926647237386502,1.2826317047758444,0.0,1.0,1.0,0.0,0.0,1.0,0.0,0.0,0.0,1
-0.5643510940199998,1.7020829609631163,0.7742414241085657,2.1446510044674234,-0.40904820128567554,0.0,1.0,1.0,0.0,0.0,1.0,0.0,0.0,0.0,0
-0.31953455141198317,-0.8435709653056234,-0.7591888956520269,-0.8750939850239402,3.8201515638681243,0.0,1.0,0.0,1.0,0.0,0.0,0.0,1.0,0.0,1
-1.4824131288000624,-1.6758039796627113,0.7956928410366242,-1.2650038298432915,2.128471657806604,0.0,1.0,0.0,1.0,0.0,0.0,0.0,0.0,1.0,1
0.2925068051080585,-1.2841649140829052,-1.512064431707769,-1.2259207481754109,-0.40904820128567554,0.0,1.0,1.0,0.0,0.0,0.0,0.0,1.0,0.0,1
-1.4212089931480583,0.6740304138161253,1.236484859848672,1.45740486552905,-0.40904820128567554,0.0,1.0,1.0,0.0,0.0,0.0,0.0,1.0,0.0,0
1.4553853824961378,-1.1862551476879537,-0.02603482354627456,-0.9134889842680906,2.128471657806604,1.0,0.0,1.0,0.0,0.0,1.0,0.0,0.0,0.0,1
-1.666025535756075,1.6531280777656405,-0.23743507746633793,1.0085581146463385,-0.40904820128567554,0.0,1.0,0.0,1.0,0.0,0.0,0.0,0.0,1.0,0
-0.992780043584029,-0.6967063157131961,0.3593986999675567,-0.424394704538878,-0.40904820128567554,0.0,1.0,1.0,0.0,0.0,0.0,0.0,0.0,1.0,1
0.843344025976096,-0.20715748373843845,0.4050694585885854,0.03678460055376849,-1.2548881543164354,1.0,0.0,1.0,0.0,0.0,0.0,0.0,0.0,1.0,1
0.843344025976096,-1.724758862860187,-1.2978962530227944,-1.3414286153528427,1.2826317047758444,0.0,1.0,1.0,0.0,0.0,0.0,0.0,1.0,0.0,1
1.1493647042361168,0.8698499466060283,0.8617770447988703,1.37507315705886,-1.2548881543164354,1.0,0.0,0.0,1.0,0.0,1.0,0.0,0.0,0.0,0
-1.1151883148880375,1.0656694793959314,-0.8000157859344613,0.09569504190852332,1.2826317047758444,0.0,1.0,0.0,1.0,0.0,0.0,0.0,0.0,1.0,0
1.3329771111921294,1.6531280777656405,1.376611051072282,2.719649728328502,0.4367917517450844,1.0,0.0,1.0,0.0,0.0,0.0,0.0,0.0,1.0,0
1.0881605685841127,-0.8925258485030991,1.075253242292617,-0.38766168899512254,-0.40904820128567554,1.0,0.0,0.0,1.0,0.0,0.0,1.0,0.0,0.0,0
1.7002019251041545,-1.4799844468728083,-0.5564384066223095,-1.188462599615878,-1.2548881543164354,1.0,0.0,1.0,0.0,0.0,0.0,0.0,1.0,0.0,1
-0.38073868706398734,0.42925599782874646,1.0399622015400038,1.04046396734054,-0.40904820128567554,1.0,0.0,0.0,0.0,1.0,1.0,0.0,0.0,0.0,0
1.577793653800146,-0.6477514325157203,-0.5214933564653105,-0.6843363653990193,0.4367917517450844,0.0,1.0,1.0,0.0,0.0,0.0,0.0,0.0,1.0,1
-0.8091676366280165,-0.6477514325157203,-1.4054993282587025,-0.9936294148657854,0.4367917517450844,1.0,0.0,0.0,1.0,0.0,0.0,1.0,0.0,0.0,0
0.108894398152046,-0.500886782923293,1.573479699976564,0.2416849604572073,-0.40904820128567554,0.0,1.0,1.0,0.0,0.0,0.0,1.0,0.0,0.0,0
-1.1151883148880375,-1.4310295636753325,0.5033307877429195,-1.0551175188386686,-0.40904820128567554,0.0,1.0,1.0,0.0,0.0,0.0,0.0,1.0,0.0,1
1.516589518148142,0.3803011146312707,-0.17654073263830003,0.17284496043385214,-0.40904820128567554,0.0,1.0,0.0,1.0,0.0,1.0,0.0,0.0,0.0,0
-0.8091676366280165,-0.45193189972581727,-0.37825324988117576,-0.5078326378287574,-1.2548881543164354,1.0,0.0,1.0,0.0,0.0,0.0,0.0,1.0,0.0,0
-1.2988007218440498,-0.500886782923293,-0.6311723752749017,-0.6304965622129844,-0.40904820128567554,0.0,1.0,1.0,0.0,0.0,0.0,1.0,0.0,0.0,1
-1.5436172644520665,-0.011337950948535399,1.640947866121265,0.887497951603575,2.128471657806604,1.0,0.0,1.0,0.0,0.0,0.0,0.0,1.0,0.0,1
0.6597316190200835,0.9188048298035041,-1.2885545069412208,-0.39044048339864873,0.4367917517450844,1.0,0.0,1.0,0.0,0.0,0.0,1.0,0.0,0.0,0
-1.5436172644520665,1.359398778580786,-0.6654254442406731,0.3819108654717197,0.4367917517450844,1.0,0.0,1.0,0.0,0.0,0.0,0.0,1.0,0.0,0
1.6389977894521501,1.0167145961984556,-0.07481949752782759,0.7096021803606897,0.4367917517450844,1.0,0.0,1.0,0.0,0.0,1.0,0.0,0.0,0.0,0
-0.258330415759979,1.6041731945681648,-0.10076879219886649,1.113511856032092,0.4367917517450844,0.0,1.0,0.0,1.0,0.0,0.0,1.0,0.0,0.0,0
-1.6048214001040708,1.2125341289883587,-0.12360417150938062,0.8095964353538644,-0.40904820128567554,0.0,1.0,0.0,1.0,0.0,0.0,1.0,0.0,0.0,1
0.17009853380405018,-1.6758039796627113,-1.1463523721439275,-1.3234484923265983,2.128471657806604,0.0,1.0,1.0,0.0,0.0,0.0,0.0,1.0,0.0,1
-1.6048214001040708,0.9188048298035041,-1.2532634661886077,-0.3569520411298675,-1.2548881543164354,0.0,1.0,0.0,1.0,0.0,0.0,0.0,0.0,1.0,0
-0.13592214445597067,0.08657181544641612,-0.8730198016089844,-0.43459420323524944,2.128471657806604,0.0,1.0,0.0,0.0,1.0,0.0,0.0,1.0,0.0,1
-0.013513873151962338,-0.35402213333086574,1.409480157655598,0.3514129352753048,-1.2548881543164354,0.0,1.0,1.0,0.0,0.0,0.0,0.0,0.0,1.0,1
0.17009853380405018,-0.500886782923293,-1.3632884755938126,-0.9279916445836367,-0.40904820128567554,0.0,1.0,1.0,0.0,0.0,0.0,0.0,1.0,0.0,1
1.2717729755401253,-0.060292834146011165,0.8659289319462362,0.4046334642799825,-1.2548881543164354,1.0,0.0,0.0,1.0,0.0,0.0,0.0,1.0,0.0,0
1.3329771111921294,1.5062634281732132,0.8662749225418502,2.0415392068005787,0.4367917517450844,1.0,0.0,0.0,1.0,0.0,0.0,0.0,0.0,1.0,0
-0.625555229672004,-0.35402213333086574,1.047228004047895,0.19445604148070428,-0.40904820128567554,0.0,1.0,1.0,0.0,0.0,0.0,0.0,1.0,0.0,1
-0.5031469583679957,-0.10924771734348693,1.312948781479333,0.5904845269295343,-0.40904820128567554,1.0,0.0,1.0,0.0,0.0,0.0,0.0,0.0,1.0,1
-1.4824131288000624,0.2334364650388434,-0.8446485727686485,-0.3508810369758779,0.4367917517450844,0.0,1.0,1.0,0.0,0.0,0.0,0.0,1.0,0.0,0
-0.6867593653240082,0.2334364650388434,-0.9775089614843676,-0.4380081506452958,-1.2548881543164354,0.0,1.0,0.0,0.0,1.0,0.0,0.0,1.0,0.0,0
-0.0747180088039665,-0.6477514325157203,-0.144017616650598,-0.5507742740112487,-0.40904820128567554,1.0,0.0,1.0,0.0,0.0,1.0,0.0,0.0,0.0,1
0.7821398903240918,1.7020829609631163,-0.8373827702607576,0.39349182195727267,-0.40904820128567554,0.0,1.0,0.0,0.0,1.0,0.0,0.0,1.0,0.0,0
-0.4419428227159915,-1.6268490964652356,0.7860051043594367,-1.2155359965188046,0.4367917517450844,0.0,1.0,1.0,0.0,0.0,0.0,0.0,0.0,1.0,1
-0.5031469583679957,1.0656694793959314,0.4455503582754062,1.2011312132815632,-1.2548881543164354,1.0,0.0,1.0,0.0,0.0,0.0,0.0,0.0,1.0,0
-1.4212089931480583,-0.20715748373843845,1.2728138723881264,0.46069101004711716,0.4367917517450844,1.0,0.0,1.0,0.0,0.0,0.0,0.0,0.0,1.0,1
-1.727229671408079,-0.2561123669359142,-1.4684696166604239,-0.8945296670234604,-0.40904820128567554,1.0,0.0,0.0,1.0,0.0,1.0,0.0,0.0,0.0,0
-1.4824131288000624,0.33134623143379494,1.4115561012292812,1.1818596124753942,0.4367917517450844,1.0,0.0,1.0,0.0,0.0,0.0,0.0,0.0,1.0,1
0.7209357546720877,-1.4310295636753325,-0.7398134222976512,-1.179210537487566,-0.40904820128567554,1.0,0.0,1.0,0.0,0.0,0.0,0.0,1.0,0.0,1
-1.0539841792360332,-1.724758862860187,-0.056827986555907414,-1.3291225258515127,-1.2548881543164354,0.0,1.0,0.0,0.0,1.0,0.0,1.0,0.0,0.0,0
-0.19712628010797484,1.2125341289883587,-0.23708908687072414,0.7140482514063317,1.2826317047758444,0.0,1.0,0.0,0.0,1.0,0.0,1.0,0.0,0.0,1
1.0269564329321086,-1.0883453812930022,0.8759626592190382,-0.6553416306513691,-0.40904820128567554,0.0,1.0,1.0,0.0,0.0,0.0,0.0,1.0,0.0,1
0.2925068051080585,0.7719401802110768,-0.300405365868059,0.3463793476986318,1.2826317047758444,0.0,1.0,1.0,0.0,0.0,0.0,0.0,0.0,1.0,1
1.2105688398881211,-1.4799844468728083,1.510163420979229,-0.9938728901849515,-1.2548881543164354,1.0,0.0,0.0,1.0,0.0,0.0,0.0,1.0,0.0,0
-0.9315759079320248,-1.2841649140829052,1.3679612861819357,-0.7715428731942523,-0.40904820128567554,0.0,1.0,0.0,1.0,0.0,0.0,0.0,1.0,0.0,1
-0.19712628010797484,1.7020829609631163,1.2631261357109385,2.665132428602179,-0.40904820128567554,1.0,0.0,1.0,0.0,0.0,0.0,0.0,1.0,0.0,1
0.9657522972801044,-0.30506725013339,-1.507912544560403,-0.9403136129101298,-0.40904820128567554,1.0,0.0,0.0,0.0,1.0,1.0,0.0,0.0,0.0,0
-0.13592214445597067,-0.7456611989106718,1.2011938190960592,-0.19243153361595466,-1.2548881543164354,1.0,0.0,1.0,0.0,0.0,0.0,0.0,1.0,0.0,1
-1.2375965861920457,1.163579245790883,0.9496586560847884,1.7607063049676415,0.4367917517450844,1.0,0.0,0.0,1.0,0.0,0.0,1.0,0.0,0.0,0
-0.19712628010797484,1.3104438953833102,-1.3965035727727424,-0.3457733482151107,-1.2548881543164354,1.0,0.0,1.0,0.0,0.0,0.0,0.0,0.0,1.0,0
1.7002019251041545,0.2823913482363192,-1.3830099395438025,-0.674274483187394,-1.2548881543164354,0.0,1.0,0.0,1.0,0.0,0.0,0.0,1.0,0.0,0
1.0881605685841127,0.722985297013601,-1.4044613564718609,-0.544353935703673,-0.40904820128567554,1.0,0.0,1.0,0.0,0.0,1.0,0.0,0.0,0.0,1
1.7002019251041545,1.359398778580786,-1.7155069019287144,-0.6383142371349048,-0.40904820128567554,0.0,1.0,0.0,1.0,0.0,0.0,0.0,1.0,0.0,0
-0.4419428227159915,0.9677597130009798,0.14350056830451316,0.8535966598805557,-1.2548881543164354,1.0,0.0,0.0,0.0,1.0,0.0,0.0,0.0,1.0,0
1.0881605685841127,0.2334364650388434,1.613268618472157,1.1788796862864697,-0.40904820128567554,0.0,1.0,1.0,0.0,0.0,0.0,0.0,0.0,1.0,0
1.6389977894521501,-0.20715748373843845,-0.23674309627511037,-0.2774308847135298,1.2826317047758444,1.0,0.0,1.0,0.0,0.0,0.0,0.0,1.0,0.0,1
0.04769026250004183,-1.0393904980955264,0.11651330184663265,-0.7785824856831852,-0.40904820128567554,1.0,0.0,1.0,0.0,0.0,0.0,0.0,1.0,0.0,1
0.843344025976096,1.2614890121858344,1.5945851263090087,2.465080403315178,0.4367917517450844,0.0,1.0,0.0,0.0,1.0,0.0,0.0,1.0,0.0,0
1.1493647042361168,-0.45193189972581727,-0.8716358392265288,-0.7041796039110567,1.2826317047758444,0.0,1.0,0.0,0.0,1.0,0.0,0.0,1.0,0.0,0
-0.7479635009760124,-0.4029770165283415,1.2157254241118407,0.2088634288452725,1.2826317047758444,1.0,0.0,0.0,1.0,0.0,0.0,0.0,1.0,0.0,1
-0.19712628010797484,1.359398778580786,0.13588877520100845,1.1673834168684527,-1.2548881543164354,0.0,1.0,1.0,0.0,0.0,0.0,1.0,0.0,0.0,0
0.4149150764120669,1.1146243625934071,0.21581260278780837,1.0420994863323296,0.4367917517450844,1.0,0.0,0.0,0.0,1.0,0.0,0.0,1.0,0.0,0
-1.727229671408079,1.0656694793959314,-0.567164115086339,0.3058301211740335,-0.40904820128567554,1.0,0.0,1.0,0.0,0.0,0.0,0.0,1.0,0.0,0
-1.2988007218440498,-1.6758039796627113,0.18847934573431382,-1.2741182754868574,-0.40904820128567554,0.0,1.0,1.0,0.0,0.0,0.0,1.0,0.0,0.0,1
1.2105688398881211,-0.011337950948535399,-1.5016847138393534,-0.848819822320885,-0.40904820128567554,0.0,1.0,1.0,0.0,0.0,1.0,0.0,0.0,0.0,0
0.35371094076006265,1.7020829609631163,0.8908402548304335,2.2555381335224203,1.2826317047758444,0.0,1.0,1.0,0.0,0.0,0.0,0.0,0.0,1.0,1
1.3941812468441335,-1.137300264490478,-0.7695686135204425,-1.032622516524409,-1.2548881543164354,1.0,0.0,0.0,0.0,1.0,0.0,0.0,1.0,0.0,0
-0.8703717722800207,-1.0393904980955264,1.316408687435472,-0.49616170133394755,-1.2548881543164354,0.0,1.0,0.0,1.0,0.0,1.0,0.0,0.0,0.0,1
1.0881605685841127,1.163579245790883,-0.48170443796971757,0.4518888479650904,-1.2548881543164354,1.0,0.0,1.0,0.0,0.0,0.0,0.0,1.0,0.0,0
1.6389977894521501,-0.6967063157131961,-1.2605292686964986,-0.9574098146689671,-1.2548881543164354,1.0,0.0,1.0,0.0,0.0,1.0,0.0,0.0,0.0,0
-0.4419428227159915,1.3104438953833102,0.6531447156437175,1.6293778349861339,-1.2548881543164354,1.0,0.0,1.0,0.0,0.0,0.0,1.0,0.0,0.0,0
-0.9315759079320248,-0.5498416661207688,-1.1851033188526787,-0.8791536713239488,2.9743116108373644,1.0,0.0,0.0,1.0,0.0,0.0,0.0,0.0,1.0,1
-0.19712628010797484,0.5761206474211737,0.853127279908524,1.0547443241038041,-1.2548881543164354,1.0,0.0,1.0,0.0,0.0,0.0,0.0,1.0,0.0,0
-0.0747180088039665,0.33134623143379494,1.5949311169046227,1.300098637580863,-1.2548881543164354,0.0,1.0,1.0,0.0,0.0,1.0,0.0,0.0,0.0,0
-0.38073868706398734,0.08657181544641612,0.9427388441725113,0.6198285958307705,2.128471657806604,1.0,0.0,0.0,1.0,0.0,0.0,0.0,0.0,1.0,1
-0.9315759079320248,0.2334364650388434,-1.6771019458155767,-0.8798205819807952,-0.40904820128567554,1.0,0.0,0.0,0.0,1.0,0.0,0.0,0.0,1.0,1
-0.31953455141198317,0.42925599782874646,0.32099374385441914,0.5410696230222574,1.2826317047758444,1.0,0.0,0.0,0.0,1.0,0.0,0.0,0.0,1.0,1
-1.666025535756075,0.18448158184136765,0.6514147626656482,0.533294291634105,-0.40904820128567554,1.0,0.0,0.0,0.0,1.0,1.0,0.0,0.0,0.0,0
0.9657522972801044,-0.9414807317005749,1.1015485275592696,-0.43526111389209576,-0.40904820128567554,0.0,1.0,0.0,1.0,0.0,0.0,0.0,0.0,1.0,1
-0.19712628010797484,1.0167145961984556,-1.5608491056893221,-0.5882430084542236,-1.2548881543164354,0.0,1.0,1.0,0.0,0.0,0.0,1.0,0.0,0.0,0
-0.9315759079320248,-1.6758039796627113,-0.09350298969097533,-1.2843707036004388,0.4367917517450844,1.0,0.0,0.0,0.0,1.0,0.0,1.0,0.0,0.0,1
1.6389977894521501,1.2614890121858344,0.09782980968348493,1.0519496508751147,0.4367917517450844,0.0,1.0,1.0,0.0,0.0,0.0,0.0,1.0,0.0,0
1.3329771111921294,-1.333119797280381,-1.1695337420500556,-1.1866312417804115,-1.2548881543164354,1.0,0.0,0.0,1.0,0.0,1.0,0.0,0.0,0.0,0
-1.3600048574960542,1.555218311370689,-0.6391301589740201,0.5202524832335556,1.2826317047758444,1.0,0.0,1.0,0.0,0.0,0.0,0.0,1.0,0.0,1
-1.6048214001040708,-0.9414807317005749,-0.23155323734090263,-0.7879880431214062,0.4367917517450844,0.0,1.0,0.0,0.0,1.0,1.0,0.0,0.0,0.0,1
1.0881605685841127,0.6740304138161253,1.128189803421536,1.382366830750401,0.4367917517450844,1.0,0.0,1.0,0.0,0.0,0.0,0.0,1.0,0.0,1
-0.38073868706398734,0.18448158184136765,1.4610327564020618,1.0343135690607355,0.4367917517450844,0.0,1.0,1.0,0.0,0.0,0.0,0.0,0.0,1.0,1
1.0269564329321086,1.0656694793959314,0.4196010636043673,1.1761061848246648,0.4367917517450844,1.0,0.0,0.0,1.0,0.0,1.0,0.0,0.0,0.0,0
0.843344025976096,-0.7456611989106718,-0.3882869771539774,-0.7038884921164016,1.2826317047758444,1.0,0.0,1.0,0.0,0.0,0.0,0.0,1.0,0.0,0
1.0881605685841127,-0.8925258485030991,-0.8757877263738951,-0.9256521643429537,0.4367917517450844,1.0,0.0,0.0,0.0,1.0,0.0,1.0,0.0,0.0,0
0.9657522972801044,0.9188048298035041,1.6433698002905617,2.0810192590975345,1.2826317047758444,0.0,1.0,1.0,0.0,0.0,1.0,0.0,0.0,0.0,1
-0.6867593653240082,-0.35402213333086574,1.6464837156510865,0.45627140371008035,0.4367917517450844,0.0,1.0,0.0,1.0,0.0,0.0,0.0,0.0,1.0,0
0.5373233477160752,-0.5987965493182446,1.4458091701950524,0.06689614600455018,1.2826317047758444,1.0,0.0,0.0,0.0,1.0,0.0,0.0,0.0,1.0,1
0.35371094076006265,-0.9414807317005749,0.9638442705049562,-0.4718406341259422,1.2826317047758444,1.0,0.0,0.0,1.0,0.0,0.0,1.0,0.0,0.0,1
1.3329771111921294,-0.8925258485030991,-0.6273664787231493,-0.8611312047639362,-1.2548881543164354,1.0,0.0,1.0,0.0,0.0,0.0,0.0,1.0,0.0,1
-0.8703717722800207,0.2823913482363192,1.0721393269320922,0.9026251790421994,-1.2548881543164354,0.0,1.0,1.0,0.0,0.0,1.0,0.0,0.0,0.0,1
-0.258330415759979,0.42925599782874646,-0.34019428436365196,0.09296388398048624,-0.40904820128567554,0.0,1.0,1.0,0.0,0.0,1.0,0.0,0.0,0.0,1
1.577793653800146,-0.9414807317005749,-0.6239065727670108,-0.8786614277438957,1.2826317047758444,0.0,1.0,0.0,0.0,1.0,0.0,1.0,0.0,0.0,0
0.47611921206407104,-1.0883453812930022,0.8226801074945047,-0.6637256503374366,0.4367917517450844,1.0,0.0,0.0,1.0,0.0,1.0,0.0,0.0,0.0,0
-0.0747180088039665,0.6250755306186495,-1.4788493345288394,-0.6358265545260336,-0.40904820128567554,0.0,1.0,0.0,0.0,1.0,0.0,0.0,0.0,1.0,0
-1.1763924505400416,-0.35402213333086574,-1.5864524097647472,-0.9860446293795893,-1.2548881543164354,0.0,1.0,1.0,0.0,0.0,0.0,1.0,0.0,0.0,1
0.5985274833680794,-1.5778942132677598,-0.2045659708830221,-1.214323912864695,1.2826317047758444,1.0,0.0,1.0,0.0,0.0,0.0,1.0,0.0,0.0,1
1.7002019251041545,-0.7946160821081476,-0.2128697451777544,-0.6882107987387929,1.2826317047758444,0.0,1.0,1.0,0.0,0.0,1.0,0.0,0.0,0.0,1
-0.7479635009760124,0.527165764223698,1.34408793508458,1.373231213339951,0.4367917517450844,1.0,0.0,0.0,1.0,0.0,0.0,0.0,1.0,0.0,0
0.5985274833680794,-1.333119797280381,-1.317963707568398,-1.2052994472303862,-1.2548881543164354,1.0,0.0,1.0,0.0,0.0,0.0,0.0,0.0,1.0,1
-0.4419428227159915,-0.45193189972581727,-1.3279974348411998,-0.8969432484482374,-0.40904820128567554,1.0,0.0,1.0,0.0,0.0,1.0,0.0,0.0,0.0,0
-0.19712628010797484,-1.0393904980955264,-1.2442677107026476,-1.0861659149740677,-0.40904820128567554,0.0,1.0,0.0,1.0,0.0,0.0,0.0,0.0,1.0,0
0.9045481616281003,-0.8435709653056234,-1.6518446323357654,-1.1300179371325714,-1.2548881543164354,0.0,1.0,1.0,0.0,0.0,0.0,0.0,1.0,0.0,0
-0.258330415759979,0.7719401802110768,-1.5065285821779475,-0.6102616460135929,0.4367917517450844,1.0,0.0,0.0,1.0,0.0,0.0,0.0,1.0,0.0,0
-0.7479635009760124,-0.500886782923293,0.5285881012227304,-0.18648226712154828,0.4367917517450844,1.0,0.0,1.0,0.0,0.0,0.0,0.0,0.0,1.0,1
-0.992780043584029,-0.500886782923293,-0.2613084285636939,-0.49544715420161217,-1.2548881543164354,1.0,0.0,1.0,0.0,0.0,0.0,0.0,1.0,0.0,0
-0.5643510940199998,-0.500886782923293,0.8873803488742952,-0.039581962596852,-0.40904820128567554,0.0,1.0,1.0,0.0,0.0,0.0,0.0,1.0,0.0,1
-0.258330415759979,0.4782108810262222,1.6796988128300165,1.544870727468612,-1.2548881543164354,1.0,0.0,0.0,0.0,1.0,0.0,0.0,0.0,1.0,0
-1.5436172644520665,0.6250755306186495,0.5254741858622061,0.8666913976983155,1.2826317047758444,1.0,0.0,1.0,0.0,0.0,1.0,0.0,0.0,0.0,1
-1.1763924505400416,0.8208950634085526,-1.5798785884480842,-0.655193428283181,-0.40904820128567554,1.0,0.0,1.0,0.0,0.0,0.0,0.0,0.0,1.0,0
-1.6048214001040708,-1.6268490964652356,-1.3926976762209902,-1.3119416370251393,-1.2548881543164354,1.0,0.0,1.0,0.0,0.0,0.0,0.0,1.0,0.0,1
0.7209357546720877,1.4573085449757375,1.2935733081249574,2.420725551693179,1.2826317047758444,1.0,0.0,1.0,0.0,0.0,0.0,0.0,1.0,0.0,1
0.9657522972801044,0.2823913482363192,0.07049655262999038,0.2521596921230707,-1.2548881543164354,1.0,0.0,0.0,0.0,1.0,0.0,0.0,0.0,1.0,0
-0.6867593653240082,-0.8435709653056234,1.0991265933899728,-0.33027561485601614,-1.2548881543164354,0.0,1.0,1.0,0.0,0.0,1.0,0.0,0.0,0.0,1
1.0881605685841127,-0.9414807317005749,1.2091516027951774,-0.4045832236771667,-0.40904820128567554,0.0,1.0,0.0,0.0,1.0,1.0,0.0,0.0,0.0,1
0.4149150764120669,-0.1582026005409627,1.4551509162766263,0.6133500351642639,0.4367917517450844,0.0,1.0,1.0,0.0,0.0,0.0,0.0,1.0,0.0,1
1.0881605685841127,0.6250755306186495,1.5316148379072878,1.6130385238934,-1.2548881543164354,0.0,1.0,0.0,0.0,1.0,0.0,0.0,0.0,1.0,0
-0.4419428227159915,0.9677597130009798,0.16495198523257215,0.8706769828142301,-0.40904820128567554,0.0,1.0,0.0,1.0,0.0,0.0,1.0,0.0,0.0,0
0.2925068051080585,1.3104438953833102,-0.5747759081898437,0.4423774316924495,-1.2548881543164354,0.0,1.0,0.0,1.0,0.0,0.0,0.0,1.0,0.0,0
1.0881605685841127,-1.6268490964652356,1.573479699976564,-1.1779296455910835,-0.40904820128567554,0.0,1.0,0.0,1.0,0.0,0.0,0.0,0.0,1.0,1
-1.2988007218440498,0.6250755306186495,0.13934868115714677,0.5768869596482795,-0.40904820128567554,0.0,1.0,1.0,0.0,0.0,0.0,0.0,0.0,1.0,0
0.6597316190200835,0.9188048298035041,-1.5321318862533726,-0.5875602189722143,1.2826317047758444,1.0,0.0,0.0,1.0,0.0,0.0,0.0,1.0,0.0,0
1.2105688398881211,-0.500886782923293,0.4694237093727619,-0.19982048025847382,2.128471657806604,1.0,0.0,1.0,0.0,0.0,0.0,0.0,1.0,0.0,1
0.9045481616281003,0.7719401802110768,0.2787828911895292,0.808670170552689,1.2826317047758444,0.0,1.0,1.0,0.0,0.0,0.0,0.0,0.0,1.0,0
-0.625555229672004,-1.4310295636753325,1.3447799162758076,-0.9516299223096326,-0.40904820128567554,1.0,0.0,0.0,1.0,0.0,0.0,0.0,1.0,0.0,1
0.7821398903240918,0.4782108810262222,0.5054067313166022,0.7218341686779259,2.128471657806604,1.0,0.0,1.0,0.0,0.0,0.0,0.0,1.0,0.0,1
0.7209357546720877,0.4782108810262222,-0.5467506699451219,-0.040434126213933184,-0.40904820128567554,0.0,1.0,0.0,0.0,1.0,0.0,0.0,1.0,0.0,0
0.47611921206407104,-0.9904356148980507,1.5883572955879597,-0.37560966069640045,0.4367917517450844,0.0,1.0,1.0,0.0,0.0,0.0,0.0,1.0,0.0,1
-1.4212089931480583,-0.5987965493182446,1.0188567752075588,-0.09351703873386467,-0.40904820128567554,1.0,0.0,1.0,0.0,0.0,0.0,0.0,0.0,1.0,1
1.3941812468441335,1.2125341289883587,0.4265208755166444,1.3224401445852134,-1.2548881543164354,1.0,0.0,0.0,0.0,1.0,0.0,0.0,1.0,0.0,0
-0.19712628010797484,0.8698499466060283,-0.7411973846801067,0.045173913181556995,-0.40904820128567554,1.0,0.0,0.0,1.0,0.0,0.0,0.0,1.0,0.0,0
0.2925068051080585,1.2614890121858344,-0.4623289646153418,0.5212316774519409,-1.2548881543164354,0.0,1.0,0.0,1.0,0.0,1.0,0.0,0.0,0.0,0
1.6389977894521501,-1.724758862860187,0.5635331513797296,-1.3106236945366099,-0.40904820128567554,0.0,1.0,0.0,1.0,0.0,1.0,0.0,0.0,0.0,1
0.9657522972801044,0.6250755306186495,-1.5054906103911059,-0.6589302451382085,-0.40904820128567554,0.0,1.0,0.0,0.0,1.0,0.0,0.0,0.0,1.0,0
-1.4212089931480583,-0.5498416661207688,-0.866445980292321,-0.7549389150154682,0.4367917517450844,0.0,1.0,1.0,0.0,0.0,0.0,0.0,1.0,0.0,1
0.47611921206407104,-1.2841649140829052,0.7154230228542107,-0.8692346985387907,-0.40904820128567554,0.0,1.0,0.0,1.0,0.0,1.0,0.0,0.0,0.0,1
1.7002019251041545,-0.9904356148980507,-0.09384898028658935,-0.7809060870987052,1.2826317047758444,0.0,1.0,1.0,0.0,0.0,0.0,0.0,1.0,0.0,1
0.23130266945605435,1.0656694793959314,-0.3623376824829385,0.47973501435928323,0.4367917517450844,1.0,0.0,1.0,0.0,0.0,0.0,0.0,1.0,0.0,1
1.4553853824961378,-0.35402213333086574,-1.2304280868780935,-0.8231913985077923,-1.2548881543164354,1.0,0.0,1.0,0.0,0.0,1.0,0.0,0.0,0.0,0
-0.4419428227159915,-1.4799844468728083,-0.2260173878110806,-1.155476986810592,2.128471657806604,0.0,1.0,1.0,0.0,0.0,0.0,1.0,0.0,0.0,1
-0.5031469583679957,-0.9904356148980507,0.9119456811628784,-0.5361975125116084,-0.40904820128567554,1.0,0.0,0.0,1.0,0.0,0.0,0.0,0.0,1.0,0
-1.4212089931480583,-0.7946160821081476,-0.8411886668125099,-0.8713307034603076,0.4367917517450844,0.0,1.0,0.0,0.0,1.0,0.0,0.0,1.0,0.0,1
-1.4212089931480583,1.7020829609631163,-1.7359203470699314,-0.5926784936164234,-1.2548881543164354,0.0,1.0,0.0,1.0,0.0,0.0,1.0,0.0,0.0,0
1.577793653800146,0.33134623143379494,0.5583432924455216,0.615853596598298,-0.40904820128567554,0.0,1.0,0.0,1.0,0.0,0.0,0.0,1.0,0.0,0
1.1493647042361168,-0.500886782923293,1.6105006937072461,0.2467555986259274,0.4367917517450844,1.0,0.0,1.0,0.0,0.0,0.0,1.0,0.0,0.0,1
-1.5436172644520665,1.7020829609631163,0.3448670949517753,1.6765855821957527,0.4367917517450844,1.0,0.0,1.0,0.0,0.0,0.0,0.0,0.0,1.0,1
0.04769026250004183,-0.1582026005409627,-1.339761115092071,-0.7925293871180262,-0.40904820128567554,1.0,0.0,1.0,0.0,0.0,0.0,0.0,0.0,1.0,1
-1.1151883148880375,-0.500886782923293,-0.6450119990994557,-0.6425221258031016,0.4367917517450844,0.0,1.0,0.0,1.0,0.0,0.0,0.0,0.0,1.0,0
0.04769026250004183,0.42925599782874646,1.2472105683127015,1.1804252252690024,0.4367917517450844,1.0,0.0,1.0,0.0,0.0,0.0,1.0,0.0,0.0,1
0.108894398152046,1.3104438953833102,-0.9498297138352595,0.08632653506234944,-1.2548881543164354,0.0,1.0,1.0,0.0,0.0,0.0,1.0,0.0,0.0,0
-0.31953455141198317,1.5062634281732132,0.3479810103122996,1.5072273259488442,2.9743116108373644,1.0,0.0,0.0,0.0,1.0,0.0,0.0,0.0,1.0,0
1.577793653800146,0.7719401802110768,-0.3612997106960969,0.29618638135836756,-0.40904820128567554,1.0,0.0,0.0,1.0,0.0,1.0,0.0,0.0,0.0,0
-1.2375965861920457,1.555218311370689,-1.0356353815474948,0.10631797594257492,-0.40904820128567554,0.0,1.0,0.0,1.0,0.0,0.0,0.0,0.0,1.0,0
1.577793653800146,-0.500886782923293,1.0596836654899937,0.03019488811112055,1.2826317047758444,1.0,0.0,0.0,1.0,0.0,1.0,0.0,0.0,0.0,1
-1.6048214001040708,-1.6758039796627113,0.8154143049866139,-1.2605048293804395,-1.2548881543164354,1.0,0.0,1.0,0.0,0.0,0.0,1.0,0.0,0.0,1
1.3329771111921294,-1.0883453812930022,0.5344699413481659,-0.7211434821268689,0.4367917517450844,0.0,1.0,1.0,0.0,0.0,0.0,0.0,1.0,0.0,1
0.108894398152046,-0.30506725013339,-0.9370280617975468,-0.6725172265360213,1.2826317047758444,1.0,0.0,0.0,0.0,1.0,0.0,0.0,1.0,0.0,1
0.6597316190200835,0.6250755306186495,-1.4158790461271182,-0.5942557902492821,0.4367917517450844,0.0,1.0,0.0,1.0,0.0,0.0,1.0,0.0,0.0,0
0.47611921206407104,-1.1862551476879537,0.23899397269393652,-0.8751945509166393,0.4367917517450844,1.0,0.0,0.0,1.0,0.0,0.0,1.0,0.0,0.0,1
0.4149150764120669,0.3803011146312707,0.16114608868081978,0.39631295989456683,-0.40904820128567554,1.0,0.0,1.0,0.0,0.0,0.0,0.0,1.0,0.0,0
-0.31953455141198317,-0.1582026005409627,-1.102757557096582,-0.6828331699502547,0.4367917517450844,1.0,0.0,0.0,1.0,0.0,0.0,0.0,1.0,0.0,0
0.108894398152046,-1.137300264490478,-1.5601571244980943,-1.1853397640004866,-0.40904820128567554,1.0,0.0,1.0,0.0,0.0,0.0,1.0,0.0,0.0,1
-1.4212089931480583,-0.500886782923293,-1.4753894285727007,-0.9724311832731715,1.2826317047758444,1.0,0.0,1.0,0.0,0.0,0.0,0.0,0.0,1.0,1
-1.666025535756075,-0.7456611989106718,1.6803907940212441,-0.04013242853583621,-0.40904820128567554,0.0,1.0,1.0,0.0,0.0,0.0,0.0,0.0,1.0,1
-0.5643510940199998,-0.4029770165283415,0.9565784679970656,0.09087317200069045,-1.2548881543164354,1.0,0.0,1.0,0.0,0.0,0.0,0.0,1.0,0.0,0
-0.0747180088039665,0.5761206474211737,1.435429452326637,1.490660418362107,-0.40904820128567554,0.0,1.0,1.0,0.0,0.0,0.0,1.0,0.0,0.0,0
-1.1151883148880375,0.18448158184136765,-1.0795761871904541,-0.5338368605040416,-0.40904820128567554,1.0,0.0,1.0,0.0,0.0,0.0,0.0,1.0,0.0,1
-1.5436172644520665,1.4573085449757375,1.5689818222335838,2.691819440759472,-0.40904820128567554,0.0,1.0,0.0,1.0,0.0,0.0,0.0,1.0,0.0,0
-0.8703717722800207,-0.6477514325157203,-1.2608752592921124,-0.9309345201805139,-1.2548881543164354,0.0,1.0,0.0,1.0,0.0,0.0,0.0,1.0,0.0,0
-1.4212089931480583,0.5761206474211737,0.006834283037041487,0.4332259354568366,-1.2548881543164354,1.0,0.0,1.0,0.0,0.0,0.0,1.0,0.0,0.0,0
1.516589518148142,-1.6758039796627113,1.1160801325750513,-1.254454996993334,-0.40904820128567554,0.0,1.0,1.0,0.0,0.0,1.0,0.0,0.0,0.0,1
1.2105688398881211,-0.7946160821081476,-0.5443287357758249,-0.7904069174879044,-1.2548881543164354,1.0,0.0,0.0,0.0,1.0,1.0,0.0,0.0,0.0,0
0.04769026250004183,1.1146243625934071,-0.28483578906543583,0.5887272702781615,-1.2548881543164354,0.0,1.0,1.0,0.0,0.0,0.0,0.0,0.0,1.0,0
1.6389977894521501,0.4782108810262222,-1.311043895656121,-0.551684659987261,2.128471657806604,0.0,1.0,1.0,0.0,0.0,0.0,1.0,0.0,0.0,0
0.5373233477160752,-1.6268490964652356,-1.3293813972236552,-1.3074373436205666,0.4367917517450844,1.0,0.0,0.0,1.0,0.0,1.0,0.0,0.0,0.0,0
1.3329771111921294,0.9188048298035041,0.38915389119034793,1.021520528921073,0.4367917517450844,0.0,1.0,1.0,0.0,0.0,1.0,0.0,0.0,0.0,0
1.7002019251041545,-1.1862551476879537,0.5825626341384914,-0.7935615107536216,2.128471657806604,0.0,1.0,0.0,1.0,0.0,0.0,1.0,0.0,0.0,1
-1.666025535756075,0.18448158184136765,0.934781060473393,0.6987145992405882,-0.40904820128567554,1.0,0.0,0.0,1.0,0.0,0.0,0.0,0.0,1.0,0
-0.8703717722800207,1.4573085449757375,0.17152580654923527,1.2846326618720947,-1.2548881543164354,0.0,1.0,0.0,0.0,1.0,1.0,0.0,0.0,0.0,0
-1.1151883148880375,-0.9904356148980507,0.47980342724117736,-0.6445546154239664,-0.40904820128567554,1.0,0.0,0.0,0.0,1.0,0.0,1.0,0.0,0.0,1
-1.2988007218440498,-0.10924771734348693,-1.7078951088252092,-0.978274590933158,0.4367917517450844,0.0,1.0,0.0,0.0,1.0,1.0,0.0,0.0,0.0,0
-0.19712628010797484,0.3803011146312707,-1.1934070931474114,-0.5133849336940888,-1.2548881543164354,0.0,1.0,1.0,0.0,0.0,0.0,0.0,0.0,1.0,0
1.3329771111921294,-1.4799844468728083,1.6530575369677496,-0.9911417322569145,1.2826317047758444,1.0,0.0,0.0,0.0,1.0,0.0,0.0,1.0,0.0,1
0.9657522972801044,1.359398778580786,-1.4916509865665517,-0.4245799574991132,-0.40904820128567554,0.0,1.0,1.0,0.0,0.0,1.0,0.0,0.0,0.0,0
0.9045481616281003,-0.6967063157131961,0.5939803237937484,-0.336881206123827,1.2826317047758444,0.0,1.0,0.0,1.0,0.0,0.0,0.0,0.0,1.0,0
-1.4824131288000624,-0.8925258485030991,-1.1453144003570859,-1.0074704574662063,0.4367917517450844,0.0,1.0,0.0,1.0,0.0,0.0,0.0,1.0,0.0,1
-1.4212089931480583,-1.1862551476879537,0.7251107595313986,-0.768615876422538,0.4367917517450844,0.0,1.0,1.0,0.0,0.0,0.0,1.0,0.0,0.0,1
-0.19712628010797484,0.7719401802110768,0.6880897658007161,1.1314655143497316,0.4367917517450844,1.0,0.0,0.0,1.0,0.0,0.0,0.0,1.0,0.0,0
1.516589518148142,0.722985297013601,-0.9442938643054377,-0.18983799217266353,-0.40904820128567554,0.0,1.0,1.0,0.0,0.0,0.0,0.0,0.0,1.0,0
-1.5436172644520665,1.7020829609631163,-0.8218131934581341,0.3981284389048707,-0.40904820128567554,1.0,0.0,1.0,0.0,0.0,1.0,0.0,0.0,0.0,0
-0.625555229672004,0.5761206474211737,0.5109425808464242,0.8096705365379581,0.4367917517450844,1.0,0.0,0.0,0.0,1.0,0.0,0.0,0.0,1.0,0
-0.5643510940199998,-0.8435709653056234,-0.4048945257434425,-0.7553835221200325,-0.40904820128567554,0.0,1.0,1.0,0.0,0.0,0.0,0.0,1.0,0.0,0
0.23130266945605435,-1.4799844468728083,-1.081652130764137,-1.2372370575749136,-0.40904820128567554,1.0,0.0,1.0,0.0,0.0,0.0,0.0,0.0,1.0,1
-0.5643510940199998,-0.45193189972581727,0.7770093488734764,-0.026947710708819458,0.4367917517450844,0.0,1.0,1.0,0.0,0.0,0.0,0.0,1.0,0.0,1
1.2105688398881211,0.8208950634085526,-1.2214323313921334,-0.362806034673296,-1.2548881543164354,1.0,0.0,0.0,0.0,1.0,0.0,0.0,1.0,0.0,0
-1.0539841792360332,0.5761206474211737,1.2056916968390392,1.3197301584240604,-0.40904820128567554,0.0,1.0,1.0,0.0,0.0,0.0,0.0,1.0,0.0,0
1.0881605685841127,-1.4310295636753325,0.02620975639141728,-1.098551398601213,0.4367917517450844,1.0,0.0,1.0,0.0,0.0,0.0,0.0,1.0,0.0,1
-1.727229671408079,1.1146243625934071,-1.3888917796692377,-0.4040327577381825,-1.2548881543164354,1.0,0.0,0.0,0.0,1.0,0.0,0.0,1.0,0.0,0
-0.19712628010797484,1.6041731945681648,0.6469168849226679,1.9029117701858087,-1.2548881543164354,0.0,1.0,1.0,0.0,0.0,0.0,0.0,0.0,1.0,0
-0.9315759079320248,-1.2352100308854295,0.04177933319404072,-0.9442039250750666,-0.40904820128567554,1.0,0.0,1.0,0.0,0.0,0.0,1.0,0.0,0.0,1
0.5373233477160752,-1.0393904980955264,-0.7232058737081862,-0.9607443679531985,0.4367917517450844,1.0,0.0,0.0,1.0,0.0,0.0,0.0,0.0,1.0,0
0.47611921206407104,1.359398778580786,-0.2927935727645543,0.7471608948129217,-1.2548881543164354,0.0,1.0,1.0,0.0,0.0,1.0,0.0,0.0,0.0,0
-1.1151883148880375,-1.6268490964652356,-0.7225138925169586,-1.2756373497607851,0.4367917517450844,0.0,1.0,0.0,0.0,1.0,0.0,0.0,0.0,1.0,0
0.4149150764120669,1.6041731945681648,-0.8446485727686485,0.32926726711463156,-0.40904820128567554,1.0,0.0,1.0,0.0,0.0,1.0,0.0,0.0,0.0,0
-0.992780043584029,-0.6477514325157203,-1.1885632248088174,-0.9255145478582075,-0.40904820128567554,1.0,0.0,0.0,0.0,1.0,1.0,0.0,0.0,0.0,0
0.843344025976096,0.8208950634085526,-0.49934995834602397,0.1994843361156564,0.4367917517450844,1.0,0.0,0.0,0.0,1.0,0.0,0.0,0.0,1.0,0
-1.6048214001040708,0.03761693224894037,-0.8861674442423106,-0.48767711575518097,-0.40904820128567554,1.0,0.0,1.0,0.0,0.0,0.0,0.0,1.0,0.0,0
0.23130266945605435,-1.333119797280381,0.609895891191986,-0.9491792902928086,-1.2548881543164354,1.0,0.0,1.0,0.0,0.0,0.0,0.0,1.0,0.0,0
-1.4212089931480583,-1.0393904980955264,0.611625844170055,-0.6580039803370331,-0.40904820128567554,1.0,0.0,0.0,0.0,1.0,1.0,0.0,0.0,0.0,0
1.2717729755401253,-1.6268490964652356,-0.018423030442769363,-1.2548837252727352,-1.2548881543164354,0.0,1.0,1.0,0.0,0.0,0.0,0.0,0.0,1.0,1
1.6389977894521501,1.6531280777656405,0.9368570040470763,2.251547255464785,0.4367917517450844,0.0,1.0,0.0,1.0,0.0,0.0,1.0,0.0,0.0,0
-1.1763924505400416,-0.9414807317005749,1.156215041666258,-0.42491341282753625,-0.40904820128567554,1.0,0.0,0.0,1.0,0.0,0.0,0.0,1.0,0.0,0
-1.4824131288000624,-0.500886782923293,0.25144963413603516,-0.29377548874798465,-0.40904820128567554,1.0,0.0,0.0,1.0,0.0,0.0,0.0,1.0,0.0,0
-0.38073868706398734,-0.7456611989106718,0.38673195702105123,-0.44850934701976436,1.2826317047758444,0.0,1.0,0.0,0.0,1.0,0.0,0.0,0.0,1.0,1
-1.1763924505400416,-0.7456611989106718,-0.7757964442414919,-0.8221116383967078,0.4367917517450844,0.0,1.0,1.0,0.0,0.0,0.0,1.0,0.0,0.0,1
0.9045481616281003,-1.2352100308854295,1.3416660009152828,-0.7208259056236088,-0.40904820128567554,1.0,0.0,1.0,0.0,0.0,0.0,0.0,0.0,1.0,1
-1.666025535756075,0.08657181544641612,-1.6708741150945272,-0.9237837559154398,1.2826317047758444,1.0,0.0,0.0,0.0,1.0,1.0,0.0,0.0,0.0,0
-0.992780043584029,-0.060292834146011165,-0.548480622923191,-0.3446459516285373,-0.40904820128567554,0.0,1.0,0.0,0.0,1.0,0.0,0.0,1.0,0.0,1
0.6597316190200835,-1.0883453812930022,0.7427562799077052,-0.678757604825083,-1.2548881543164354,0.0,1.0,0.0,1.0,0.0,0.0,0.0,0.0,1.0,0
-1.666025535756075,-1.0883453812930022,-1.4774653721463837,-1.160092431991306,0.4367917517450844,0.0,1.0,0.0,0.0,1.0,1.0,0.0,0.0,0.0,0
-0.5643510940199998,-1.2841649140829052,-1.1207490680685024,-1.169667363564599,-0.40904820128567554,0.0,1.0,0.0,1.0,0.0,0.0,1.0,0.0,0.0,1
-1.727229671408079,-1.1862551476879537,0.2843187407193512,-0.8604325364567639,-0.40904820128567554,0.0,1.0,1.0,0.0,0.0,0.0,0.0,1.0,0.0,1
0.47611921206407104,0.08657181544641612,0.18294349620449232,0.17305138516097118,-1.2548881543164354,0.0,1.0,0.0,0.0,1.0,0.0,0.0,0.0,1.0,0
-1.2375965861920457,-0.10924771734348693,0.8019206717576738,0.3147963644494114,-1.2548881543164354,1.0,0.0,1.0,0.0,0.0,1.0,0.0,0.0,0.0,0
-0.7479635009760124,0.2334364650388434,1.0569157407250829,0.8318585482323996,0.4367917517450844,0.0,1.0,1.0,0.0,0.0,0.0,0.0,1.0,0.0,1
-1.2375965861920457,-1.2841649140829052,-1.3096599332736656,-1.1865571405963171,-0.40904820128567554,1.0,0.0,1.0,0.0,0.0,1.0,0.0,0.0,0.0,1
-1.1151883148880375,-0.9414807317005749,-1.6909415696401304,-1.1587109742021247,0.4367917517450844,1.0,0.0,0.0,1.0,0.0,0.0,0.0,0.0,1.0,0
-0.8703717722800207,-0.9414807317005749,0.6313473081200444,-0.5623711093219645,-0.40904820128567554,0.0,1.0,0.0,0.0,1.0,0.0,0.0,1.0,0.0,0
-0.31953455141198317,1.5062634281732132,-0.7117881840529292,0.427139052477684,0.4367917517450844,1.0,0.0,1.0,0.0,0.0,0.0,1.0,0.0,0.0,0
0.5373233477160752,1.2614890121858344,0.4112972893096345,1.339938609914847,-0.40904820128567554,0.0,1.0,1.0,0.0,0.0,0.0,0.0,1.0,0.0,0
1.577793653800146,-1.724758862860187,-1.2338879928342321,-1.3505959904136189,-0.40904820128567554,1.0,0.0,0.0,1.0,0.0,0.0,1.0,0.0,0.0,1
0.35371094076006265,-1.1862551476879537,-0.13190794580411289,-0.9308762978215829,0.4367917517450844,0.0,1.0,0.0,0.0,1.0,0.0,1.0,0.0,0.0,1
0.04769026250004183,-1.5778942132677598,-0.009427274956809522,-1.2244863609690193,1.2826317047758444,1.0,0.0,0.0,1.0,0.0,1.0,0.0,0.0,0.0,1
0.108894398152046,0.2823913482363192,0.2697871357035694,0.38656865418620173,0.4367917517450844,1.0,0.0,0.0,1.0,0.0,0.0,0.0,1.0,0.0,1
1.2105688398881211,-1.137300264490478,0.021019897457209304,-0.8720029070588748,-0.40904820128567554,0.0,1.0,0.0,1.0,0.0,0.0,1.0,0.0,0.0,1
-1.4824131288000624,-1.5778942132677598,-0.03952845677521481,-1.2186588321341958,2.128471657806604,0.0,1.0,1.0,0.0,0.0,1.0,0.0,0.0,0.0,1
0.9045481616281003,1.6041731945681648,-0.6034931276257933,0.5820475778262567,-1.2548881543164354,1.0,0.0,1.0,0.0,0.0,0.0,0.0,1.0,0.0,0
1.2717729755401253,-0.8435709653056234,-1.5082585351560165,-1.0952697747341915,-0.40904820128567554,1.0,0.0,1.0,0.0,0.0,0.0,0.0,0.0,1.0,1
-0.9315759079320248,-1.6758039796627113,-1.4449422561586818,-1.332218896758299,0.4367917517450844,0.0,1.0,0.0,0.0,1.0,0.0,0.0,1.0,0.0,1
1.4553853824961378,-1.1862551476879537,-0.25369663546018895,-0.9585319183138196,0.4367917517450844,1.0,0.0,1.0,0.0,0.0,0.0,1.0,0.0,0.0,1
1.6389977894521501,-1.4799844468728083,-0.5235693000389937,-1.1868747170995773,-1.2548881543164354,0.0,1.0,0.0,1.0,0.0,0.0,1.0,0.0,0.0,1
-1.1151883148880375,-1.3820746804778568,0.03105362473001123,-1.061056199449633,1.2826317047758444,1.0,0.0,1.0,0.0,0.0,0.0,1.0,0.0,0.0,1
-1.2375965861920457,0.722985297013601,-0.7000245038020583,0.0028197935300970475,0.4367917517450844,0.0,1.0,1.0,0.0,0.0,1.0,0.0,0.0,0.0,0
0.2925068051080585,-1.2352100308854295,0.6254654679946093,-0.8354392656501914,-1.2548881543164354,1.0,0.0,1.0,0.0,0.0,0.0,0.0,0.0,1.0,1
-1.0539841792360332,1.3104438953833102,1.234754906870603,2.1853748980688144,-1.2548881543164354,0.0,1.0,1.0,0.0,0.0,0.0,0.0,1.0,0.0,0
0.35371094076006265,1.0167145961984556,-0.7204379489432755,0.14832805438216967,-1.2548881543164354,0.0,1.0,1.0,0.0,0.0,0.0,0.0,1.0,0.0,0
0.35371094076006265,-1.1862551476879537,-1.086841989698345,-1.1166797239956456,-0.40904820128567554,0.0,1.0,0.0,1.0,0.0,0.0,0.0,1.0,0.0,0
-1.727229671408079,-1.6758039796627113,-1.352562767129783,-1.334770094667822,0.4367917517450844,0.0,1.0,1.0,0.0,0.0,0.0,0.0,0.0,1.0,1
0.6597316190200835,-1.3820746804778568,0.3777362015350909,-1.0131339051076786,0.4367917517450844,1.0,0.0,0.0,1.0,0.0,0.0,1.0,0.0,0.0,1
-0.4419428227159915,-1.2352100308854295,-0.21875158530318994,-0.9875266530614698,1.2826317047758444,0.0,1.0,1.0,0.0,0.0,0.0,1.0,0.0,0.0,1
-0.013513873151962338,0.8208950634085526,-1.1041415194790376,-0.26676560714571024,-1.2548881543164354,1.0,0.0,1.0,0.0,0.0,0.0,0.0,1.0,0.0,0
-1.2988007218440498,-1.2841649140829052,0.5050607407209887,-0.9026278678565939,0.4367917517450844,0.0,1.0,1.0,0.0,0.0,1.0,0.0,0.0,0.0,1
-1.1151883148880375,-1.3820746804778568,-1.240807804746509,-1.2091738805701597,0.4367917517450844,0.0,1.0,0.0,0.0,1.0,0.0,0.0,0.0,1.0,1
0.7209357546720877,-0.011337950948535399,0.163222032254503,0.08043019798515301,-1.2548881543164354,0.0,1.0,1.0,0.0,0.0,0.0,0.0,0.0,1.0,0
0.47611921206407104,-1.0883453812930022,0.06911259024753477,-0.8405204897023535,-1.2548881543164354,0.0,1.0,1.0,0.0,0.0,1.0,0.0,0.0,0.0,1
-0.9315759079320248,0.8698499466060283,0.7856591137638227,1.311293209320783,2.128471657806604,0.0,1.0,0.0,0.0,1.0,0.0,0.0,0.0,1.0,1
0.04769026250004183,-0.7456611989106718,-1.5639630210498467,-1.073065884214587,-1.2548881543164354,0.0,1.0,1.0,0.0,0.0,0.0,1.0,0.0,0.0,1
0.35371094076006265,0.6740304138161253,1.3174466592223135,1.5111811534144326,0.4367917517450844,1.0,0.0,0.0,0.0,1.0,1.0,0.0,0.0,0.0,0
-0.5031469583679957,0.13552669864389189,0.6777100479323007,0.5028810485052261,0.4367917517450844,0.0,1.0,1.0,0.0,0.0,1.0,0.0,0.0,0.0,1
0.47611921206407104,-0.7946160821081476,-1.006918162111545,-0.9262238020488219,-0.40904820128567554,1.0,0.0,0.0,1.0,0.0,0.0,0.0,1.0,0.0,0
-1.4824131288000624,-1.4310295636753325,-1.1200570868772746,-1.213688759858175,-0.40904820128567554,1.0,0.0,1.0,0.0,0.0,0.0,0.0,1.0,0.0,1
-0.625555229672004,-1.333119797280381,-0.26096243796807983,-1.0653223104767608,1.2826317047758444,0.0,1.0,0.0,0.0,1.0,0.0,0.0,0.0,1.0,1
-0.9315759079320248,-1.724758862860187,1.0742152705057755,-1.3115182016874594,-1.2548881543164354,0.0,1.0,0.0,1.0,0.0,1.0,0.0,0.0,0.0,1
-0.19712628010797484,-0.500886782923293,1.16175089119608,0.07156452060247426,-0.40904820128567554,1.0,0.0,1.0,0.0,0.0,0.0,1.0,0.0,0.0,1
-1.5436172644520665,0.08657181544641612,0.04627721093702065,0.09987646586811515,0.4367917517450844,1.0,0.0,1.0,0.0,0.0,0.0,0.0,0.0,1.0,0
-0.258330415759979,0.08657181544641612,1.2236832078109594,0.7777435120768728,2.128471657806604,1.0,0.0,1.0,0.0,0.0,1.0,0.0,0.0,0.0,1
0.9657522972801044,1.2125341289883587,-1.7359203470699314,-0.6894705188683915,-1.2548881543164354,0.0,1.0,0.0,1.0,0.0,0.0,0.0,0.0,1.0,0
0.7821398903240918,0.3803011146312707,-1.6328151495770036,-0.8230220243727201,-1.2548881543164354,1.0,0.0,1.0,0.0,0.0,0.0,0.0,1.0,0.0,0
-0.258330415759979,0.3803011146312707,1.4001384115740243,1.2213661294809546,0.4367917517450844,1.0,0.0,1.0,0.0,0.0,1.0,0.0,0.0,0.0,1
-0.6867593653240082,1.2614890121858344,0.927861248561116,1.8464731326147619,-0.40904820128567554,1.0,0.0,0.0,1.0,0.0,1.0,0.0,0.0,0.0,0
0.6597316190200835,-1.4799844468728083,-0.19522422480144824,-1.1638504206132176,-0.40904820128567554,1.0,0.0,1.0,0.0,0.0,0.0,0.0,1.0,0.0,1
-1.2988007218440498,-0.9414807317005749,0.85278128931291,-0.5066893624170209,-0.40904820128567554,0.0,1.0,1.0,0.0,0.0,0.0,0.0,1.0,0.0,1
0.5985274833680794,0.722985297013601,1.5516822924528912,1.7691220823040348,-1.2548881543164354,0.0,1.0,1.0,0.0,0.0,0.0,0.0,0.0,1.0,1
0.6597316190200835,0.08657181544641612,0.9167895495014724,0.5889231091218385,-1.2548881543164354,1.0,0.0,0.0,1.0,0.0,0.0,0.0,1.0,0.0,0
-0.9315759079320248,-0.5987965493182446,1.1600209382180104,-0.046653332736110824,0.4367917517450844,1.0,0.0,0.0,0.0,1.0,0.0,1.0,0.0,0.0,1
0.17009853380405018,0.722985297013601,0.8770006310058797,1.2321108011745892,0.4367917517450844,0.0,1.0,1.0,0.0,0.0,0.0,0.0,0.0,1.0,1
1.3329771111921294,-1.2841649140829052,-1.1726476574105802,-1.1757171959517045,2.128471657806604,0.0,1.0,0.0,1.0,0.0,0.0,0.0,1.0,0.0,0
0.5373233477160752,-0.7456611989106718,1.1295737658039917,-0.20576974675288048,-0.40904820128567554,0.0,1.0,1.0,0.0,0.0,0.0,0.0,1.0,0.0,1
0.23130266945605435,1.6531280777656405,-1.0795761871904541,0.09794983508167039,-0.40904820128567554,0.0,1.0,1.0,0.0,0.0,0.0,1.0,0.0,0.0,0
-0.38073868706398734,1.0167145961984556,1.3337082172161645,1.929371185849099,0.4367917517450844,1.0,0.0,1.0,0.0,0.0,1.0,0.0,0.0,0.0,1
-0.8703717722800207,0.13552669864389189,-0.16789096774795373,-0.0015151257394038192,0.4367917517450844,1.0,0.0,1.0,0.0,0.0,1.0,0.0,0.0,0.0,0
0.23130266945605435,-0.1582026005409627,0.5877524930726994,0.16851004116435128,0.4367917517450844,0.0,1.0,1.0,0.0,0.0,0.0,0.0,1.0,0.0,1
-0.258330415759979,1.1146243625934071,-0.03433859784100683,0.8173929385089005,-1.2548881543164354,0.0,1.0,0.0,0.0,1.0,0.0,1.0,0.0,0.0,1
-0.7479635009760124,-0.8925258485030991,-1.4293726793560584,-1.0783164824018214,0.4367917517450844,0.0,1.0,0.0,0.0,1.0,0.0,0.0,0.0,1.0,0
0.23130266945605435,0.9677597130009798,-0.7488091777836113,0.09212759918856793,-0.40904820128567554,0.0,1.0,1.0,0.0,0.0,1.0,0.0,0.0,0.0,1
1.0881605685841127,1.0167145961984556,1.6489056498203838,2.2038684364419963,0.4367917517450844,1.0,0.0,1.0,0.0,0.0,0.0,1.0,0.0,0.0,1
1.577793653800146,0.5761206474211737,1.5693278128291974,1.5915756452147358,1.2826317047758444,1.0,0.0,0.0,0.0,1.0,0.0,0.0,1.0,0.0,1
-1.666025535756075,0.2823913482363192,-0.6457039802906835,-0.2077598928399772,0.4367917517450844,1.0,0.0,1.0,0.0,0.0,0.0,0.0,0.0,1.0,1
-0.9315759079320248,-0.45193189972581727,1.6925004648677289,0.34384402861427177,-0.40904820128567554,0.0,1.0,0.0,1.0,0.0,0.0,0.0,1.0,0.0,1
1.4553853824961378,0.7719401802110768,1.171092637277654,1.5174109458200524,-1.2548881543164354,1.0,0.0,1.0,0.0,0.0,0.0,0.0,0.0,1.0,0
0.6597316190200835,0.2823913482363192,0.3593986999675567,0.43148985057234773,0.4367917517450844,1.0,0.0,1.0,0.0,0.0,0.0,0.0,1.0,0.0,1
0.6597316190200835,-0.20715748373843845,-1.6158616103919246,-0.952445035334667,-0.40904820128567554,1.0,0.0,1.0,0.0,0.0,0.0,1.0,0.0,0.0,0
1.3329771111921294,-0.500886782923293,1.3641553896301835,0.15556350571477978,0.4367917517450844,0.0,1.0,0.0,0.0,1.0,0.0,0.0,0.0,1.0,1
0.5985274833680794,-0.5498416661207688,0.173947740718532,-0.3530246783728838,0.4367917517450844,0.0,1.0,0.0,0.0,1.0,1.0,0.0,0.0,0.0,1
1.3329771111921294,-0.6477514325157203,1.250324483673226,-0.06306145207121779,1.2826317047758444,0.0,1.0,1.0,0.0,0.0,0.0,1.0,0.0,0.0,1
-1.4212089931480583,1.0167145961984556,1.1323416905689023,1.766592056161396,-0.40904820128567554,0.0,1.0,0.0,0.0,1.0,0.0,1.0,0.0,0.0,0
-1.4212089931480583,0.7719401802110768,1.1274978222303085,1.4847799601100733,0.4367917517450844,0.0,1.0,1.0,0.0,0.0,0.0,0.0,0.0,1.0,1
-1.6048214001040708,-0.2561123669359142,0.6611024993428357,0.11245249539721659,2.128471657806604,0.0,1.0,1.0,0.0,0.0,0.0,0.0,0.0,1.0,1
-1.3600048574960542,1.359398778580786,-0.7463872436143144,0.31304440073975964,0.4367917517450844,0.0,1.0,0.0,1.0,0.0,0.0,0.0,1.0,0.0,0
1.3329771111921294,1.7020829609631163,-0.5913834567793087,0.6543544546768683,-1.2548881543164354,1.0,0.0,0.0,1.0,0.0,0.0,0.0,1.0,0.0,0
-1.2988007218440498,-0.1582026005409627,-0.6872228517643456,-0.4757415321743209,-0.40904820128567554,0.0,1.0,1.0,0.0,0.0,1.0,0.0,0.0,0.0,1
0.7821398903240918,-1.6758039796627113,-1.685405720110309,-1.3372366055098093,-1.2548881543164354,0.0,1.0,1.0,0.0,0.0,0.0,0.0,1.0,0.0,1
1.3941812468441335,-0.8925258485030991,0.2611373708132231,-0.6184286550890994,-1.2548881543164354,1.0,0.0,0.0,0.0,1.0,0.0,0.0,0.0,1.0,1
-0.8703717722800207,0.527165764223698,0.6631784429165188,0.8767268152013358,0.4367917517450844,1.0,0.0,0.0,0.0,1.0,0.0,0.0,1.0,0.0,0
1.0881605685841127,-0.1582026005409627,1.1998098567136037,0.4866264244800282,1.2826317047758444,1.0,0.0,0.0,0.0,1.0,1.0,0.0,0.0,0.0,1
-0.013513873151962338,-0.060292834146011165,-1.2695250241824587,-0.7309936466696542,-1.2548881543164354,1.0,0.0,1.0,0.0,0.0,0.0,0.0,0.0,1.0,1
0.23130266945605435,0.722985297013601,0.12827698209750374,0.6481881775719008,1.2826317047758444,1.0,0.0,0.0,1.0,0.0,0.0,0.0,1.0,0.0,0
1.3941812468441335,-0.8925258485030991,-1.7269245915839713,-1.1587903683279395,-0.40904820128567554,1.0,0.0,1.0,0.0,0.0,0.0,0.0,1.0,0.0,1
0.04769026250004183,-0.30506725013339,-1.425566782804306,-0.8863150214724649,0.4367917517450844,0.0,1.0,0.0,0.0,1.0,0.0,0.0,0.0,1.0,0
0.5985274833680794,0.3803011146312707,-1.5670769364103716,-0.7715746308445782,-1.2548881543164354,0.0,1.0,1.0,0.0,0.0,1.0,0.0,0.0,0.0,0
-0.13592214445597067,0.8208950634085526,0.7555579319454174,1.235995820397805,0.4367917517450844,0.0,1.0,1.0,0.0,0.0,0.0,0.0,0.0,1.0,0
0.4149150764120669,-1.2841649140829052,-1.4740054661902453,-1.2081523428180065,-1.2548881543164354,0.0,1.0,1.0,0.0,0.0,0.0,1.0,0.0,0.0,1
-0.013513873151962338,0.7719401802110768,0.724418778340171,1.1630749623075571,-1.2548881543164354,0.0,1.0,0.0,0.0,1.0,0.0,0.0,1.0,0.0,0
0.5373233477160752,0.6250755306186495,-0.8910113125809045,-0.20498109843645101,2.128471657806604,1.0,0.0,0.0,1.0,0.0,0.0,0.0,1.0,0.0,0
1.7002019251041545,-1.2352100308854295,1.2821556184697003,-0.7285165499442251,-1.2548881543164354,1.0,0.0,1.0,0.0,0.0,0.0,0.0,1.0,0.0,1
0.23130266945605435,1.4573085449757375,1.058645693703152,2.1806906446457273,-0.40904820128567554,1.0,0.0,0.0,1.0,0.0,0.0,0.0,0.0,1.0,0
0.47611921206407104,1.0656694793959314,1.559294085556396,2.1962995297809633,-1.2548881543164354,0.0,1.0,0.0,0.0,1.0,1.0,0.0,0.0,0.0,0
-0.13592214445597067,-0.011337950948535399,1.3032610448021453,0.6976454250129458,-0.40904820128567554,1.0,0.0,1.0,0.0,0.0,0.0,0.0,1.0,0.0,1
1.577793653800146,-0.1582026005409627,1.4745263896310021,0.6191246345818773,-0.40904820128567554,1.0,0.0,0.0,0.0,1.0,1.0,0.0,0.0,0.0,0
0.23130266945605435,0.527165764223698,1.2164174053030687,1.2769896540269672,-0.40904820128567554,0.0,1.0,0.0,0.0,1.0,0.0,0.0,0.0,1.0,0
-1.5436172644520665,-1.137300264490478,0.6444949507533712,-0.7511121181511837,0.4367917517450844,1.0,0.0,1.0,0.0,0.0,0.0,1.0,0.0,0.0,1
-0.4419428227159915,0.18448158184136765,-1.1653818549026893,-0.5804782629495132,0.4367917517450844,0.0,1.0,1.0,0.0,0.0,1.0,0.0,0.0,0.0,0
-1.666025535756075,1.555218311370689,-0.8145473909502432,0.3411128706862344,0.4367917517450844,0.0,1.0,1.0,0.0,0.0,1.0,0.0,0.0,0.0,0
-1.1763924505400416,0.2823913482363192,-1.018681842362416,-0.44726550571532875,0.4367917517450844,1.0,0.0,1.0,0.0,0.0,0.0,0.0,0.0,1.0,0
-1.4824131288000624,-0.8435709653056234,0.3337953958921318,-0.5541405849458061,0.4367917517450844,0.0,1.0,1.0,0.0,0.0,0.0,1.0,0.0,0.0,1
-1.1763924505400416,-0.8435709653056234,-0.01219519972172028,-0.6590784475063965,2.9743116108373644,0.0,1.0,0.0,1.0,0.0,0.0,1.0,0.0,0.0,1
0.23130266945605435,1.0656694793959314,1.2454806153346318,1.9243481841558678,2.128471657806604,1.0,0.0,0.0,1.0,0.0,0.0,0.0,0.0,1.0,1
1.516589518148142,-0.6477514325157203,1.5416485651800893,0.044845750794854915,-0.40904820128567554,1.0,0.0,1.0,0.0,0.0,0.0,0.0,0.0,1.0,1
0.5373233477160752,0.8698499466060283,-0.3536879175925922,0.36638666740402015,-0.40904820128567554,0.0,1.0,0.0,1.0,0.0,0.0,0.0,0.0,1.0,0
-0.992780043584029,1.4083536617782617,-0.002507463044532382,1.0667857665190843,1.2826317047758444,0.0,1.0,0.0,1.0,0.0,0.0,0.0,0.0,1.0,0
0.108894398152046,-1.1862551476879537,1.606694797155494,-0.6235998591505185,-1.2548881543164354,0.0,1.0,0.0,0.0,1.0,0.0,0.0,0.0,1.0,1
1.0881605685841127,-0.5987965493182446,-0.79897781414762,-0.756844374035029,1.2826317047758444,1.0,0.0,1.0,0.0,0.0,0.0,0.0,1.0,0.0,1
0.4149150764120669,-0.10924771734348693,0.9870256404110844,0.4282611561225364,-0.40904820128567554,0.0,1.0,0.0,1.0,0.0,0.0,1.0,0.0,0.0,0
0.9657522972801044,0.8208950634085526,-0.9754330179106844,-0.17267298217145333,-1.2548881543164354,0.0,1.0,0.0,0.0,1.0,0.0,0.0,0.0,1.0,0
-0.31953455141198317,-1.3820746804778568,0.6033220698753228,-0.9873625718681188,-1.2548881543164354,1.0,0.0,1.0,0.0,0.0,0.0,1.0,0.0,0.0,1
1.3941812468441335,-0.8925258485030991,-0.8771716887563505,-0.93096627783084,-1.2548881543164354,1.0,0.0,1.0,0.0,0.0,0.0,0.0,0.0,1.0,1
1.6389977894521501,1.0167145961984556,1.3029150542065318,1.9156201232579353,-0.40904820128567554,0.0,1.0,1.0,0.0,0.0,1.0,0.0,0.0,0.0,0
-0.8703717722800207,-1.528939330070284,0.1881333551387003,-1.1630247217047411,1.2826317047758444,1.0,0.0,0.0,0.0,1.0,0.0,0.0,1.0,0.0,1
-0.013513873151962338,-0.500886782923293,-1.1114073219869283,-0.8260072435033653,-0.40904820128567554,1.0,0.0,1.0,0.0,0.0,1.0,0.0,0.0,0.0,0
-1.2988007218440498,-0.30506725013339,-0.9782009426755954,-0.6799061731785404,-1.2548881543164354,0.0,1.0,0.0,0.0,1.0,0.0,0.0,0.0,1.0,0
-1.4824131288000624,0.8698499466060283,-0.046102278091877925,0.6198338887724917,-0.40904820128567554,0.0,1.0,0.0,0.0,1.0,0.0,0.0,0.0,1.0,0
-0.013513873151962338,-1.137300264490478,1.5724417281897223,-0.5650228731241866,1.2826317047758444,1.0,0.0,1.0,0.0,0.0,0.0,1.0,0.0,0.0,1
1.0881605685841127,-0.35402213333086574,0.9081397846111261,0.1319940362311569,-0.40904820128567554,0.0,1.0,0.0,1.0,0.0,0.0,0.0,1.0,0.0,0
-1.5436172644520665,-1.6268490964652356,-0.0651317608506397,-1.261314649463753,-0.40904820128567554,1.0,0.0,1.0,0.0,0.0,0.0,0.0,0.0,1.0,1
-1.0539841792360332,1.0656694793959314,-0.5861935978451007,0.29178794678821446,0.4367917517450844,0.0,1.0,1.0,0.0,0.0,0.0,0.0,1.0,0.0,1
0.9657522972801044,-1.6758039796627113,0.1459225024738104,-1.290198232435262,1.2826317047758444,0.0,1.0,0.0,1.0,0.0,0.0,1.0,0.0,0.0,1
-1.666025535756075,-0.4029770165283415,0.8347897783409898,0.0508373608230293,2.128471657806604,0.0,1.0,0.0,1.0,0.0,0.0,0.0,1.0,0.0,1
-0.13592214445597067,-1.6758039796627113,0.9576164397839072,-1.2583611879834335,0.4367917517450844,0.0,1.0,1.0,0.0,0.0,1.0,0.0,0.0,0.0,1
0.108894398152046,-1.4310295636753325,-0.6315183658705155,-1.16729612567359,0.4367917517450844,0.0,1.0,0.0,0.0,1.0,0.0,0.0,1.0,0.0,0
1.3329771111921294,-0.500886782923293,0.7406803363340221,-0.09729090618093933,-0.40904820128567554,0.0,1.0,1.0,0.0,0.0,0.0,0.0,0.0,1.0,1
1.3329771111921294,-0.9904356148980507,0.5213222987148397,-0.6431149352758537,1.2826317047758444,1.0,0.0,1.0,0.0,0.0,0.0,1.0,0.0,0.0,1
0.4149150764120669,-0.6477514325157203,1.563791963299376,0.05658020259031693,-0.40904820128567554,1.0,0.0,1.0,0.0,0.0,0.0,0.0,1.0,0.0,1
0.4149150764120669,0.18448158184136765,1.4669145965274974,1.0326515853603404,0.4367917517450844,1.0,0.0,1.0,0.0,0.0,1.0,0.0,0.0,0.0,1
-0.19712628010797484,1.163579245790883,0.9766459225426689,1.7979050993828452,2.9743116108373644,1.0,0.0,0.0,0.0,1.0,0.0,0.0,1.0,0.0,1
0.843344025976096,-0.20715748373843845,0.7482921294375268,0.19853160660587615,-0.40904820128567554,0.0,1.0,0.0,1.0,0.0,0.0,0.0,0.0,1.0,1
-0.13592214445597067,-1.0393904980955264,-0.8065896072511247,-0.9882782507858522,4.665991516898884,1.0,0.0,1.0,0.0,0.0,0.0,0.0,0.0,1.0,1
-1.4824131288000624,-1.137300264490478,1.1724765996601092,-0.6461954273574771,0.4367917517450844,0.0,1.0,1.0,0.0,0.0,0.0,0.0,0.0,1.0,1
-0.5643510940199998,-1.528939330070284,-0.2754940429838617,-1.1960473851020743,-0.40904820128567554,1.0,0.0,1.0,0.0,0.0,1.0,0.0,0.0,0.0,1
-1.1151883148880375,0.7719401802110768,-0.8128174379721741,-0.053195408703269664,-1.2548881543164354,1.0,0.0,1.0,0.0,0.0,1.0,0.0,0.0,0.0,0
-1.1763924505400416,0.2334364650388434,-0.4253079708846596,-0.0880600158195114,0.4367917517450844,1.0,0.0,0.0,1.0,0.0,0.0,0.0,1.0,0.0,0
0.6597316190200835,0.8208950634085526,1.1375315495031104,1.5368201631109677,1.2826317047758444,1.0,0.0,0.0,0.0,1.0,0.0,0.0,0.0,1.0,0
0.5373233477160752,0.6740304138161253,-1.2404618141508952,-0.43224943005284544,1.2826317047758444,1.0,0.0,0.0,0.0,1.0,0.0,0.0,1.0,0.0,0
-1.4212089931480583,-1.0393904980955264,-0.17619474204268598,-0.8365825410619278,1.2826317047758444,0.0,1.0,1.0,0.0,0.0,1.0,0.0,0.0,0.0,1
-1.2988007218440498,-1.4310295636753325,-0.05094614643047187,-1.1020976695542846,-0.40904820128567554,0.0,1.0,1.0,0.0,0.0,0.0,1.0,0.0,0.0,1
-0.38073868706398734,0.18448158184136765,-1.6279712812384097,-0.8638782415171364,-0.40904820128567554,1.0,0.0,1.0,0.0,0.0,0.0,0.0,1.0,0.0,0
1.0881605685841127,-0.4029770165283415,-1.0775002436167709,-0.7779737973852701,-0.40904820128567554,0.0,1.0,1.0,0.0,0.0,0.0,0.0,1.0,0.0,0
-0.19712628010797484,-0.20715748373843845,1.1057004147066358,0.37850750394511534,0.4367917517450844,1.0,0.0,1.0,0.0,0.0,0.0,0.0,1.0,0.0,1
1.0269564329321086,-1.0393904980955264,1.1198860291268038,-0.5457142217259705,-0.40904820128567554,1.0,0.0,1.0,0.0,0.0,0.0,1.0,0.0,0.0,1
0.843344025976096,1.6531280777656405,-0.7429273376581758,0.4701389110191061,0.4367917517450844,0.0,1.0,1.0,0.0,0.0,0.0,1.0,0.0,0.0,0
-1.0539841792360332,1.4083536617782617,1.2724678817925124,2.3337625192171125,-0.40904820128567554,1.0,0.0,0.0,1.0,0.0,0.0,0.0,0.0,1.0,0
-0.19712628010797484,-1.5778942132677598,0.9157515777146313,-1.1657400008076155,0.4367917517450844,1.0,0.0,0.0,1.0,0.0,0.0,0.0,0.0,1.0,1
-0.992780043584029,-1.2352100308854295,-0.30870914016279155,-1.0083120351998458,1.2826317047758444,1.0,0.0,1.0,0.0,0.0,0.0,0.0,1.0,0.0,1
0.6597316190200835,-0.500886782923293,0.8347897783409898,-0.06257979437460666,-0.40904820128567554,1.0,0.0,0.0,1.0,0.0,0.0,0.0,0.0,1.0,0
-0.6867593653240082,1.2125341289883587,1.5714037564028807,2.386908947037696,1.2826317047758444,1.0,0.0,1.0,0.0,0.0,1.0,0.0,0.0,0.0,1
-0.258330415759979,0.03761693224894037,-0.1665070053654981,-0.06946061861190957,-0.40904820128567554,1.0,0.0,1.0,0.0,0.0,0.0,0.0,0.0,1.0,1
0.23130266945605435,-0.6477514325157203,-0.9297622592896558,-0.8271981553905908,1.2826317047758444,1.0,0.0,0.0,0.0,1.0,0.0,1.0,0.0,0.0,0
1.0881605685841127,0.18448158184136765,1.50393559025818,1.058650515093904,2.9743116108373644,0.0,1.0,1.0,0.0,0.0,0.0,0.0,0.0,1.0,1
0.6597316190200835,-0.6477514325157203,0.33414138648774583,-0.38411012510033,0.4367917517450844,0.0,1.0,0.0,0.0,1.0,0.0,0.0,1.0,0.0,0
0.843344025976096,-0.9904356148980507,-1.3902757420516931,-1.1037808250215633,1.2826317047758444,1.0,0.0,1.0,0.0,0.0,1.0,0.0,0.0,0.0,1
-1.0539841792360332,1.2125341289883587,0.2268843018474514,1.1429035614088174,-0.40904820128567554,0.0,1.0,0.0,1.0,0.0,0.0,0.0,0.0,1.0,0
0.9045481616281003,1.555218311370689,-0.022574917590135746,1.1667959003374218,0.4367917517450844,1.0,0.0,0.0,1.0,0.0,0.0,1.0,0.0,0.0,0
0.4149150764120669,-0.2561123669359142,1.2056916968390392,0.37301872338043607,-1.2548881543164354,1.0,0.0,0.0,1.0,0.0,0.0,0.0,0.0,1.0,1
1.1493647042361168,0.8208950634085526,0.08156825168963341,0.693474586936796,0.4367917517450844,0.0,1.0,0.0,0.0,1.0,0.0,0.0,0.0,1.0,0
-1.5436172644520665,-0.5498416661207688,-0.8716358392265288,-0.7690393117602182,-1.2548881543164354,1.0,0.0,0.0,1.0,0.0,1.0,0.0,0.0,0.0,0
-1.4824131288000624,0.3803011146312707,0.5829086247341054,0.6736419343082004,-0.40904820128567554,1.0,0.0,0.0,1.0,0.0,0.0,0.0,0.0,1.0,0
1.6389977894521501,-1.1862551476879537,0.12274113256768224,-0.8918038020371443,1.2826317047758444,1.0,0.0,1.0,0.0,0.0,0.0,0.0,0.0,1.0,1
0.47611921206407104,-1.333119797280381,-0.9484457514528041,-1.1592085107238985,-0.40904820128567554,0.0,1.0,1.0,0.0,0.0,0.0,1.0,0.0,0.0,1
-1.2988007218440498,-1.1862551476879537,0.2299982172079762,-0.8780103959122124,-0.40904820128567554,0.0,1.0,0.0,1.0,0.0,0.0,0.0,1.0,0.0,1
0.7821398903240918,1.6041731945681648,1.0877089037347156,2.371697032531536,1.2826317047758444,0.0,1.0,0.0,1.0,0.0,0.0,0.0,1.0,0.0,0
1.2105688398881211,0.8698499466060283,-1.6556505288875176,-0.7004639588229131,2.128471657806604,1.0,0.0,0.0,0.0,1.0,0.0,1.0,0.0,0.0,0
-0.0747180088039665,0.8698499466060283,0.4282508284947136,1.0136181669316164,-1.2548881543164354,0.0,1.0,1.0,0.0,0.0,0.0,0.0,1.0,0.0,0
0.108894398152046,-0.4029770165283415,-0.5450207169670525,-0.5432318320588205,-1.2548881543164354,1.0,0.0,1.0,0.0,0.0,0.0,0.0,1.0,0.0,1
-1.2375965861920457,0.9677597130009798,-0.7418893658713342,0.09897666577554486,0.4367917517450844,0.0,1.0,0.0,1.0,0.0,0.0,0.0,0.0,1.0,0
1.516589518148142,1.6041731945681648,-0.3962447608530962,0.8007307579711854,-0.40904820128567554,0.0,1.0,0.0,0.0,1.0,0.0,0.0,1.0,0.0,0
1.3329771111921294,1.0656694793959314,-0.5713160022337052,0.3075714990002433,-1.2548881543164354,1.0,0.0,0.0,0.0,1.0,0.0,1.0,0.0,0.0,0
-0.013513873151962338,0.2823913482363192,1.1247298974653976,0.9258770720225624,-1.2548881543164354,1.0,0.0,1.0,0.0,0.0,0.0,0.0,0.0,1.0,1
-0.9315759079320248,0.08657181544641612,-0.803821682486214,-0.4160689072117416,0.4367917517450844,0.0,1.0,1.0,0.0,0.0,0.0,0.0,0.0,1.0,1
0.6597316190200835,1.555218311370689,0.7821992078076839,1.9899594897294117,1.2826317047758444,0.0,1.0,1.0,0.0,0.0,0.0,0.0,1.0,0.0,1
0.7209357546720877,0.8208950634085526,-1.4290266887604446,-0.5316349967481045,0.4367917517450844,0.0,1.0,1.0,0.0,0.0,0.0,0.0,1.0,0.0,0
-0.4419428227159915,-0.1582026005409627,1.5371506874371095,0.6503953342695585,2.128471657806604,0.0,1.0,0.0,0.0,1.0,1.0,0.0,0.0,0.0,1
-1.1151883148880375,1.7020829609631163,0.39849563727192233,1.731007608971098,0.4367917517450844,1.0,0.0,1.0,0.0,0.0,0.0,0.0,0.0,1.0,0
-0.38073868706398734,0.9677597130009798,0.6905116999700134,1.335196134132829,-0.40904820128567554,0.0,1.0,1.0,0.0,0.0,1.0,0.0,0.0,0.0,0
-1.727229671408079,0.722985297013601,-0.7235518643038003,-0.023036226776998868,-0.40904820128567554,0.0,1.0,1.0,0.0,0.0,0.0,0.0,1.0,0.0,1
1.0269564329321086,0.33134623143379494,-0.3287765947083949,0.03830896776941719,-0.40904820128567554,0.0,1.0,1.0,0.0,0.0,1.0,0.0,0.0,0.0,1
0.47611921206407104,-1.0393904980955264,-0.9802768862492783,-1.0268055735730275,-0.40904820128567554,1.0,0.0,0.0,0.0,1.0,0.0,0.0,1.0,0.0,0
-0.5031469583679957,0.08657181544641612,1.4717584648660913,0.9137350637145836,-0.40904820128567554,1.0,0.0,1.0,0.0,0.0,0.0,0.0,0.0,1.0,1
-0.19712628010797484,-1.0393904980955264,-0.06582374204186725,-0.8144421658429755,0.4367917517450844,0.0,1.0,1.0,0.0,0.0,1.0,0.0,0.0,0.0,1
1.0269564329321086,-1.528939330070284,0.4265208755166444,-1.1401592134700116,-0.40904820128567554,1.0,0.0,0.0,0.0,1.0,0.0,0.0,1.0,0.0,0
0.4149150764120669,0.8698499466060283,0.7860051043594367,1.3081068584047393,2.128471657806604,0.0,1.0,1.0,0.0,0.0,0.0,0.0,0.0,1.0,1
1.516589518148142,0.722985297013601,-0.4706327389100743,0.18367431919502275,-1.2548881543164354,0.0,1.0,0.0,1.0,0.0,0.0,0.0,1.0,0.0,0
-0.38073868706398734,-1.2841649140829052,0.7368744397822697,-0.8737284060599216,2.128471657806604,1.0,0.0,1.0,0.0,0.0,0.0,0.0,0.0,1.0,1
1.7002019251041545,-1.1862551476879537,0.5842925871165605,-0.8058411355463468,-0.40904820128567554,1.0,0.0,0.0,1.0,0.0,1.0,0.0,0.0,0.0,0
-1.727229671408079,-1.5778942132677598,0.6870517940138746,-1.171631044943091,0.4367917517450844,1.0,0.0,1.0,0.0,0.0,0.0,0.0,1.0,0.0,1
1.516589518148142,-0.8925258485030991,-0.0620178454901149,-0.7033009755853703,-0.40904820128567554,1.0,0.0,1.0,0.0,0.0,0.0,1.0,0.0,0.0,1
1.577793653800146,-0.011337950948535399,-0.42980584862763976,-0.25767233326902844,2.9743116108373644,0.0,1.0,1.0,0.0,0.0,0.0,0.0,0.0,1.0,1
1.3329771111921294,-0.5498416661207688,-0.9861587263747139,-0.8083288181552178,2.128471657806604,1.0,0.0,1.0,0.0,0.0,0.0,1.0,0.0,0.0,1
0.6597316190200835,-0.011337950948535399,1.0984346121987447,0.5892089279747726,-0.40904820128567554,0.0,1.0,1.0,0.0,0.0,0.0,0.0,1.0,0.0,1
-0.8703717722800207,1.5062634281732132,0.35040294448159687,1.5085082178453262,-1.2548881543164354,1.0,0.0,1.0,0.0,0.0,0.0,1.0,0.0,0.0,0
-0.5031469583679957,-1.333119797280381,-0.21702163232512078,-1.0428696516962694,1.2826317047758444,0.0,1.0,0.0,1.0,0.0,0.0,0.0,1.0,0.0,1
1.0881605685841127,1.2125341289883587,1.5115473833616846,2.331602998994944,0.4367917517450844,1.0,0.0,0.0,0.0,1.0,0.0,0.0,0.0,1.0,1
-1.2375965861920457,0.8208950634085526,-1.589220334529658,-0.6754283444825726,0.4367917517450844,0.0,1.0,1.0,0.0,0.0,0.0,1.0,0.0,0.0,1
1.4553853824961378,-0.8925258485030991,1.187008204675891,-0.3648067666438348,-1.2548881543164354,0.0,1.0,1.0,0.0,0.0,0.0,0.0,1.0,0.0,1
-1.2375965861920457,0.33134623143379494,1.6969983426107091,1.368001786919601,-0.40904820128567554,1.0,0.0,0.0,0.0,1.0,0.0,0.0,1.0,0.0,0
-1.1763924505400416,-0.060292834146011165,1.3139867532661746,0.6471983974700732,-0.40904820128567554,0.0,1.0,0.0,1.0,0.0,1.0,0.0,0.0,0.0,0
1.3941812468441335,1.3104438953833102,1.0493039476215782,2.0011381826441683,1.2826317047758444,1.0,0.0,1.0,0.0,0.0,0.0,0.0,0.0,1.0,1
1.7002019251041545,-1.5778942132677598,-0.459561039850431,-1.236130832755224,-0.40904820128567554,0.0,1.0,1.0,0.0,0.0,0.0,0.0,0.0,1.0,1
1.4553853824961378,0.2334364650388434,-0.9543275915782394,-0.4227538926053674,0.4367917517450844,0.0,1.0,1.0,0.0,0.0,0.0,0.0,1.0,0.0,1
-0.19712628010797484,0.42925599782874646,0.7880810479331195,0.8577886697235895,-0.40904820128567554,0.0,1.0,1.0,0.0,0.0,1.0,0.0,0.0,0.0,1
0.7209357546720877,0.6740304138161253,-0.7007164849932859,-0.03050986048705398,0.4367917517450844,0.0,1.0,0.0,0.0,1.0,0.0,0.0,1.0,0.0,0
0.35371094076006265,-0.4029770165283415,-1.1456603909526997,-0.7973512570258592,-0.40904820128567554,1.0,0.0,0.0,1.0,0.0,0.0,1.0,0.0,0.0,0
1.3941812468441335,0.2823913482363192,0.9666121952698675,0.8363575486952515,-0.40904820128567554,0.0,1.0,0.0,1.0,0.0,1.0,0.0,0.0,0.0,1
-0.258330415759979,1.6041731945681648,-0.6733832279397917,0.5041989909937558,-1.2548881543164354,1.0,0.0,1.0,0.0,0.0,1.0,0.0,0.0,0.0,0
-0.19712628010797484,-1.724758862860187,1.409134167059984,-1.3127249923998476,-1.2548881543164354,1.0,0.0,1.0,0.0,0.0,0.0,0.0,1.0,0.0,1
-1.1151883148880375,0.13552669864389189,1.1537931074969614,0.7882976378685512,0.4367917517450844,0.0,1.0,0.0,0.0,1.0,0.0,1.0,0.0,0.0,0
0.5373233477160752,-0.9414807317005749,1.178012449189931,-0.42011800762830825,-0.40904820128567554,1.0,0.0,1.0,0.0,0.0,0.0,0.0,0.0,1.0,1
-1.666025535756075,-0.060292834146011165,0.9150595965234032,0.43969920318162237,0.4367917517450844,1.0,0.0,1.0,0.0,0.0,0.0,1.0,0.0,0.0,1
-1.3600048574960542,0.4782108810262222,1.2932273175293438,1.2739038690036228,0.4367917517450844,1.0,0.0,1.0,0.0,0.0,0.0,0.0,1.0,0.0,0
-0.6867593653240082,0.2823913482363192,1.0330423896277268,0.8694648991601206,1.2826317047758444,0.0,1.0,0.0,1.0,0.0,1.0,0.0,0.0,0.0,0
-0.13592214445597067,0.13552669864389189,0.32998949934037947,0.29309001045158106,0.4367917517450844,0.0,1.0,1.0,0.0,0.0,0.0,0.0,0.0,1.0,0
0.2925068051080585,0.6250755306186495,-0.7311636574073049,-0.08006238087907717,-0.40904820128567554,1.0,0.0,1.0,0.0,0.0,0.0,0.0,1.0,0.0,1
-0.13592214445597067,1.2614890121858344,1.3184846310091547,2.20531340953183,0.4367917517450844,1.0,0.0,0.0,0.0,1.0,0.0,0.0,0.0,1.0,0
-0.7479635009760124,0.08657181544641612,1.1537931074969614,0.7347859970692183,-1.2548881543164354,1.0,0.0,0.0,1.0,0.0,0.0,0.0,1.0,0.0,0
0.843344025976096,-0.6477514325157203,-0.11841431257517264,-0.5412469789134446,-0.40904820128567554,0.0,1.0,1.0,0.0,0.0,0.0,0.0,0.0,1.0,1
0.9045481616281003,-0.6967063157131961,-1.6193215163480634,-1.0910354213573898,0.4367917517450844,1.0,0.0,0.0,1.0,0.0,0.0,0.0,0.0,1.0,0
1.3329771111921294,-1.5778942132677598,0.454546113761366,-1.1798192257854814,-0.40904820128567554,0.0,1.0,1.0,0.0,0.0,0.0,0.0,0.0,1.0,1
1.516589518148142,0.6250755306186495,-1.5795325978524701,-0.7130929177692245,0.4367917517450844,1.0,0.0,1.0,0.0,0.0,1.0,0.0,0.0,0.0,0
-0.31953455141198317,1.1146243625934071,1.4503070479380324,2.160148737826518,-1.2548881543164354,0.0,1.0,0.0,1.0,0.0,0.0,0.0,0.0,1.0,0
-0.258330415759979,1.555218311370689,1.5724417281897223,2.8142769404165797,-0.40904820128567554,1.0,0.0,1.0,0.0,0.0,0.0,0.0,1.0,0.0,0
-1.3600048574960542,1.7020829609631163,-1.0989516605448295,0.09765343034529429,0.4367917517450844,0.0,1.0,1.0,0.0,0.0,1.0,0.0,0.0,0.0,0
1.3941812468441335,-1.6758039796627113,0.5856765494990162,-1.2670733700562034,0.4367917517450844,0.0,1.0,0.0,1.0,0.0,0.0,1.0,0.0,0.0,1
-1.4212089931480583,0.6250755306186495,-1.4352545194814939,-0.6088907741078533,-1.2548881543164354,1.0,0.0,0.0,0.0,1.0,0.0,0.0,1.0,0.0,0
1.4553853824961378,-0.2561123669359142,0.7693975557699717,0.16249725936929266,-0.40904820128567554,0.0,1.0,1.0,0.0,0.0,0.0,0.0,1.0,0.0,1
-0.31953455141198317,0.18448158184136765,-0.5529785006661712,-0.20885553177622473,-0.40904820128567554,0.0,1.0,1.0,0.0,0.0,0.0,0.0,0.0,1.0,0
0.23130266945605435,0.5761206474211737,0.6019381074928671,0.875281842111502,-0.40904820128567554,0.0,1.0,1.0,0.0,0.0,1.0,0.0,0.0,0.0,0
1.2105688398881211,0.722985297013601,-0.46440490818902497,0.18513517111001926,0.4367917517450844,1.0,0.0,1.0,0.0,0.0,1.0,0.0,0.0,0.0,1
-0.013513873151962338,0.33134623143379494,-1.2508415320193107,-0.5745289964551067,0.4367917517450844,1.0,0.0,1.0,0.0,0.0,1.0,0.0,0.0,0.0,0
0.843344025976096,0.9188048298035041,-0.3495360304452261,0.40131478982091406,-0.40904820128567554,0.0,1.0,1.0,0.0,0.0,0.0,0.0,1.0,0.0,0
-0.4419428227159915,0.6250755306186495,-1.3646724379762682,-0.5484189149454027,0.4367917517450844,1.0,0.0,0.0,1.0,0.0,0.0,1.0,0.0,0.0,0
-0.19712628010797484,1.0167145961984556,0.24141590686323325,0.983490742655672,-0.40904820128567554,1.0,0.0,1.0,0.0,0.0,0.0,0.0,0.0,1.0,0
-0.0747180088039665,-1.0393904980955264,-1.6127476950314,-1.1703131024545612,0.4367917517450844,0.0,1.0,1.0,0.0,0.0,0.0,0.0,1.0,0.0,1
1.2717729755401253,-0.45193189972581727,0.06980457143876283,-0.32511499667803895,-1.2548881543164354,1.0,0.0,1.0,0.0,0.0,0.0,0.0,1.0,0.0,0
-0.5031469583679957,1.555218311370689,1.3122568002881057,2.554642270176257,-0.40904820128567554,1.0,0.0,1.0,0.0,0.0,0.0,0.0,0.0,1.0,1
1.2105688398881211,1.359398778580786,1.1444513614153875,2.15672949747475,-0.40904820128567554,1.0,0.0,0.0,0.0,1.0,1.0,0.0,0.0,0.0,0
-1.3600048574960542,-0.30506725013339,1.299801138846007,0.3526938271717874,0.4367917517450844,0.0,1.0,1.0,0.0,0.0,1.0,0.0,0.0,0.0,1
-0.7479635009760124,-0.011337950948535399,1.435429452326637,0.7801782652685337,0.4367917517450844,1.0,0.0,0.0,0.0,1.0,0.0,1.0,0.0,0.0,0
-0.5643510940199998,1.5062634281732132,-1.393043666816604,-0.27671104463947344,1.2826317047758444,1.0,0.0,0.0,0.0,1.0,0.0,0.0,1.0,0.0,0
0.7209357546720877,0.6250755306186495,-1.3093139426780518,-0.5091188226669611,-1.2548881543164354,0.0,1.0,0.0,0.0,1.0,0.0,1.0,0.0,0.0,0
1.2105688398881211,0.9188048298035041,0.17256377833607686,0.8424550175578462,-0.40904820128567554,0.0,1.0,1.0,0.0,0.0,1.0,0.0,0.0,0.0,0
-0.5643510940199998,0.9677597130009798,1.3385520855547586,1.8705877750956483,-0.40904820128567554,0.0,1.0,0.0,0.0,1.0,0.0,0.0,0.0,1.0,0
1.516589518148142,1.555218311370689,1.6163825338326818,2.8608971710951683,-0.40904820128567554,0.0,1.0,1.0,0.0,0.0,0.0,1.0,0.0,0.0,1
-0.4419428227159915,0.3803011146312707,-1.5944101934638661,-0.7831079508546421,-0.40904820128567554,1.0,0.0,1.0,0.0,0.0,1.0,0.0,0.0,0.0,0
-0.0747180088039665,-0.2561123669359142,-0.5235693000389937,-0.45336297457792335,-0.40904820128567554,0.0,1.0,1.0,0.0,0.0,0.0,0.0,1.0,0.0,1
0.6597316190200835,1.0656694793959314,-1.0179898611711884,-0.0944644753019243,-1.2548881543164354,0.0,1.0,1.0,0.0,0.0,0.0,1.0,0.0,0.0,0
1.2105688398881211,0.8208950634085526,0.8610850636076423,1.3160992004034529,0.4367917517450844,1.0,0.0,1.0,0.0,0.0,1.0,0.0,0.0,0.0,0
-1.3600048574960542,-0.6477514325157203,0.4604279538868016,-0.3371193885012721,-0.40904820128567554,0.0,1.0,1.0,0.0,0.0,1.0,0.0,0.0,0.0,1
-1.727229671408079,-0.4029770165283415,-1.339761115092071,-0.8849970789839354,0.4367917517450844,1.0,0.0,1.0,0.0,0.0,0.0,1.0,0.0,0.0,0
0.17009853380405018,-0.9904356148980507,-0.08173930944010473,-0.7801227317239969,-0.40904820128567554,0.0,1.0,0.0,1.0,0.0,0.0,0.0,0.0,1.0,0
-0.992780043584029,0.03761693224894037,0.616815703104263,0.36674658744104843,0.4367917517450844,0.0,1.0,1.0,0.0,0.0,1.0,0.0,0.0,0.0,1
0.04769026250004183,-0.7456611989106718,0.9406629005988286,-0.27243964067062476,0.4367917517450844,0.0,1.0,1.0,0.0,0.0,1.0,0.0,0.0,0.0,1
-0.38073868706398734,-0.9414807317005749,-1.685059729514695,-1.1547889043868618,0.4367917517450844,0.0,1.0,0.0,0.0,1.0,0.0,0.0,0.0,1.0,0
1.3329771111921294,0.03761693224894037,1.3264424147082734,0.7783998368502769,2.128471657806604,0.0,1.0,1.0,0.0,0.0,0.0,0.0,1.0,0.0,1
1.6389977894521501,-0.8435709653056234,0.2151206215965808,-0.5870362177418351,-1.2548881543164354,1.0,0.0,0.0,1.0,0.0,1.0,0.0,0.0,0.0,0
-0.625555229672004,-0.30506725013339,1.0544938065557856,0.2353757739257726,0.4367917517450844,1.0,0.0,0.0,0.0,1.0,0.0,0.0,1.0,0.0,0
0.17009853380405018,0.42925599782874646,1.040654182731232,1.0381403659250203,0.4367917517450844,0.0,1.0,1.0,0.0,0.0,1.0,0.0,0.0,0.0,1
0.04769026250004183,-0.8925258485030991,-1.097567698162374,-0.9810004559194742,2.128471657806604,1.0,0.0,1.0,0.0,0.0,0.0,1.0,0.0,0.0,0
-0.013513873151962338,1.2614890121858344,-1.3733222028666145,-0.3362407601755857,0.4367917517450844,1.0,0.0,0.0,0.0,1.0,0.0,0.0,1.0,0.0,0
1.2105688398881211,-0.011337950948535399,0.7410263269296355,0.39675756699913106,-0.40904820128567554,1.0,0.0,0.0,0.0,1.0,0.0,0.0,1.0,0.0,1
0.9657522972801044,0.7719401802110768,-1.2134745476930147,-0.38405719568312,-0.40904820128567554,0.0,1.0,0.0,1.0,0.0,0.0,0.0,1.0,0.0,0
-0.013513873151962338,-0.8435709653056234,1.1859702328890493,-0.30506533343888254,-1.2548881543164354,0.0,1.0,1.0,0.0,0.0,0.0,0.0,0.0,1.0,1
0.04769026250004183,0.3803011146312707,0.7579798661147147,0.7999315237713142,-1.2548881543164354,0.0,1.0,0.0,0.0,1.0,0.0,1.0,0.0,0.0,0
-0.8091676366280165,-1.4310295636753325,1.1579449946443277,-0.9702081477503505,2.9743116108373644,1.0,0.0,1.0,0.0,0.0,0.0,0.0,0.0,1.0,1
0.6597316190200835,0.3803011146312707,-0.7200919583476617,-0.19740689883369683,0.4367917517450844,1.0,0.0,1.0,0.0,0.0,0.0,0.0,1.0,0.0,0
-0.625555229672004,1.555218311370689,-0.6591976135196238,0.50269050260327,1.2826317047758444,0.0,1.0,1.0,0.0,0.0,1.0,0.0,0.0,0.0,0
-0.6867593653240082,-0.10924771734348693,0.567685038527096,0.20631752387747024,-0.40904820128567554,0.0,1.0,1.0,0.0,0.0,1.0,0.0,0.0,0.0,1
-1.727229671408079,1.4573085449757375,-1.64596279221033,-0.5533678154545397,-1.2548881543164354,1.0,0.0,0.0,1.0,0.0,0.0,0.0,0.0,1.0,0
-0.9315759079320248,1.6041731945681648,0.7590178379015563,2.0200869140053563,-0.40904820128567554,1.0,0.0,0.0,0.0,1.0,1.0,0.0,0.0,0.0,0
1.3329771111921294,0.9188048298035041,1.1371855589074964,1.656403595413571,0.4367917517450844,1.0,0.0,0.0,1.0,0.0,0.0,0.0,1.0,0.0,1
1.0881605685841127,-1.2841649140829052,-0.3180508862443654,-1.030267157458563,-0.40904820128567554,1.0,0.0,1.0,0.0,0.0,1.0,0.0,0.0,0.0,1
1.2717729755401253,0.2823913482363192,0.8918782266172751,0.7875725048527737,0.4367917517450844,0.0,1.0,0.0,1.0,0.0,0.0,0.0,1.0,0.0,0
-1.666025535756075,0.2334364650388434,-1.1505042592912935,-0.5547069297099533,1.2826317047758444,1.0,0.0,0.0,1.0,0.0,0.0,0.0,1.0,0.0,0
1.516589518148142,1.6041731945681648,-0.6394761495696342,0.5401645299879659,1.2826317047758444,1.0,0.0,1.0,0.0,0.0,0.0,1.0,0.0,0.0,1
-0.0747180088039665,-1.2841649140829052,1.6163825338326818,-0.7337883198983434,1.2826317047758444,0.0,1.0,0.0,0.0,1.0,0.0,0.0,0.0,1.0,1
1.2105688398881211,-1.2841649140829052,1.6579014053063437,-0.7323433468085097,1.2826317047758444,1.0,0.0,0.0,0.0,1.0,0.0,0.0,1.0,0.0,1
1.2717729755401253,1.163579245790883,0.018943953883526606,0.9030115637878329,-1.2548881543164354,1.0,0.0,0.0,1.0,0.0,0.0,1.0,0.0,0.0,0
0.04769026250004183,0.722985297013601,1.477986295587141,1.7017693989042812,-0.40904820128567554,0.0,1.0,1.0,0.0,0.0,1.0,0.0,0.0,0.0,0
0.5373233477160752,-0.7456611989106718,0.05388900404052535,-0.5486147537890798,-0.40904820128567554,1.0,0.0,0.0,1.0,0.0,0.0,0.0,1.0,0.0,0
1.3329771111921294,-1.3820746804778568,-0.7456952624230868,-1.1553817138596139,-1.2548881543164354,1.0,0.0,0.0,0.0,1.0,1.0,0.0,0.0,0.0,0
-1.5436172644520665,1.4083536617782617,-0.8311549395397082,0.2510587602451023,-0.40904820128567554,1.0,0.0,1.0,0.0,0.0,0.0,1.0,0.0,0.0,0
-1.727229671408079,-0.30506725013339,1.461378746997676,0.4335699766687018,1.2826317047758444,0.0,1.0,0.0,0.0,1.0,1.0,0.0,0.0,0.0,1
-1.2988007218440498,0.6250755306186495,-1.1581160523947984,-0.4038210400693424,-0.40904820128567554,0.0,1.0,1.0,0.0,0.0,0.0,0.0,1.0,0.0,1
-0.013513873151962338,-1.333119797280381,0.2507576529448071,-0.9941745878630488,-1.2548881543164354,1.0,0.0,0.0,1.0,0.0,1.0,0.0,0.0,0.0,0
1.577793653800146,-0.9414807317005749,0.16737391940186888,-0.6845957195433484,0.4367917517450844,0.0,1.0,0.0,1.0,0.0,1.0,0.0,0.0,0.0,0
0.5985274833680794,1.6041731945681648,0.8043426059269705,2.0761444597724914,-1.2548881543164354,1.0,0.0,0.0,1.0,0.0,0.0,1.0,0.0,0.0,0
-1.6048214001040708,1.0656694793959314,-0.02741878592872969,0.7917909794044127,0.4367917517450844,1.0,0.0,0.0,0.0,1.0,0.0,0.0,1.0,0.0,0
0.17009853380405018,1.0167145961984556,-0.8124714473765603,0.06560996116634674,0.4367917517450844,0.0,1.0,1.0,0.0,0.0,1.0,0.0,0.0,0.0,0
-1.1763924505400416,1.2614890121858344,-1.168495770263214,-0.15171822589800538,-0.40904820128567554,1.0,0.0,1.0,0.0,0.0,0.0,0.0,1.0,0.0,0
-1.1763924505400416,0.7719401802110768,0.39330577833771435,0.8931084698278376,1.2826317047758444,1.0,0.0,0.0,1.0,0.0,1.0,0.0,0.0,0.0,0
-0.625555229672004,1.2125341289883587,0.7330685432305173,1.6120116931995252,-0.40904820128567554,0.0,1.0,1.0,0.0,0.0,0.0,1.0,0.0,0.0,0
1.0269564329321086,0.18448158184136765,0.21581260278780837,0.26118415775737963,-0.40904820128567554,1.0,0.0,1.0,0.0,0.0,0.0,0.0,1.0,0.0,1
0.2925068051080585,0.08657181544641612,0.8001907187796046,0.5256883343810248,0.4367917517450844,1.0,0.0,1.0,0.0,0.0,0.0,0.0,1.0,0.0,1
0.23130266945605435,0.33134623143379494,-1.2650271464394787,-0.5714273326065995,-0.40904820128567554,1.0,0.0,1.0,0.0,0.0,0.0,0.0,0.0,1.0,0
-0.38073868706398734,1.3104438953833102,1.2987631670591653,2.2457197266299613,-0.40904820128567554,1.0,0.0,0.0,1.0,0.0,1.0,0.0,0.0,0.0,0
1.577793653800146,-0.8435709653056234,0.26044538962199504,-0.5810869512474286,0.4367917517450844,0.0,1.0,0.0,1.0,0.0,0.0,0.0,1.0,0.0,1
-0.0747180088039665,0.6740304138161253,-1.3158877639947149,-0.5056572387814255,-0.40904820128567554,1.0,0.0,1.0,0.0,0.0,1.0,0.0,0.0,0.0,0
0.17009853380405018,-0.1582026005409627,-0.15647327809269665,-0.19233626066497672,-0.40904820128567554,1.0,0.0,1.0,0.0,0.0,0.0,1.0,0.0,0.0,0
1.2717729755401253,-1.137300264490478,1.1683247125127432,-0.6404261208815847,0.4367917517450844,1.0,0.0,1.0,0.0,0.0,1.0,0.0,0.0,0.0,1
-1.3600048574960542,1.2614890121858344,1.351007746996857,2.2361289162315052,0.4367917517450844,1.0,0.0,1.0,0.0,0.0,1.0,0.0,0.0,0.0,0
-0.013513873151962338,0.33134623143379494,-0.8391127232388267,-0.3047689287025063,-0.40904820128567554,0.0,1.0,1.0,0.0,0.0,0.0,0.0,0.0,1.0,1
-1.2988007218440498,0.6250755306186495,0.7064272673682503,0.9988032230545313,-0.40904820128567554,1.0,0.0,1.0,0.0,0.0,0.0,1.0,0.0,0.0,0
-1.727229671408079,-0.011337950948535399,-1.4086132436192274,-0.7994102113553292,0.4367917517450844,0.0,1.0,0.0,1.0,0.0,0.0,0.0,1.0,0.0,0
1.7002019251041545,-1.2841649140829052,-1.6386969897024388,-1.233420846594071,-0.40904820128567554,0.0,1.0,0.0,1.0,0.0,0.0,0.0,1.0,0.0,1
1.577793653800146,-1.4799844468728083,0.18432745858694793,-1.1195167407581028,2.128471657806604,0.0,1.0,1.0,0.0,0.0,0.0,0.0,0.0,1.0,1
-1.6048214001040708,1.0167145961984556,0.6493388190919651,1.3421404736707838,-0.40904820128567554,1.0,0.0,0.0,1.0,0.0,1.0,0.0,0.0,0.0,0
-0.31953455141198317,-1.724758862860187,0.9987893206619555,-1.308437709605836,-1.2548881543164354,1.0,0.0,0.0,0.0,1.0,0.0,1.0,0.0,0.0,1
-0.38073868706398734,1.7020829609631163,-0.5775438329547544,0.6695769550664707,1.2826317047758444,1.0,0.0,1.0,0.0,0.0,0.0,0.0,1.0,0.0,0
-1.2988007218440498,1.0656694793959314,-1.7321144505181791,-0.7390759686776246,-1.2548881543164354,1.0,0.0,1.0,0.0,0.0,0.0,1.0,0.0,0.0,0
1.516589518148142,-0.7456611989106718,-0.09557893326465852,-0.601099563894538,-0.40904820128567554,1.0,0.0,0.0,1.0,0.0,0.0,1.0,0.0,0.0,1
1.7002019251041545,0.9677597130009798,-1.6995913345304767,-0.7270027686120184,-1.2548881543164354,1.0,0.0,1.0,0.0,0.0,0.0,0.0,0.0,1.0,0
1.0881605685841127,-0.7946160821081476,-1.4362924912683355,-1.0564778048609662,2.128471657806604,1.0,0.0,0.0,1.0,0.0,1.0,0.0,0.0,0.0,1
0.47611921206407104,0.8698499466060283,-0.6242525633626246,0.14143135131970389,-0.40904820128567554,0.0,1.0,0.0,0.0,1.0,0.0,0.0,1.0,0.0,0
-1.6048214001040708,-0.5498416661207688,-0.2419329552093181,-0.5289144247035094,-0.40904820128567554,0.0,1.0,1.0,0.0,0.0,0.0,0.0,1.0,0.0,1
1.3329771111921294,-0.4029770165283415,-0.7875601244923627,-0.6536373034172063,0.4367917517450844,1.0,0.0,0.0,1.0,0.0,0.0,1.0,0.0,0.0,0
0.23130266945605435,-1.528939330070284,0.2587154366439258,-1.1577053152751342,-0.40904820128567554,1.0,0.0,0.0,1.0,0.0,0.0,0.0,0.0,1.0,0
-0.0747180088039665,-0.7456611989106718,-1.5632710398586191,-1.079412121338069,0.4367917517450844,0.0,1.0,1.0,0.0,0.0,0.0,0.0,1.0,0.0,1
1.0881605685841127,-0.8925258485030991,-1.2543014379754491,-1.0418745786527208,0.4367917517450844,0.0,1.0,1.0,0.0,0.0,1.0,0.0,0.0,0.0,1
-1.2988007218440498,0.527165764223698,0.6510687720700342,0.870952215783722,-0.40904820128567554,1.0,0.0,0.0,0.0,1.0,0.0,1.0,0.0,0.0,0
0.2925068051080585,1.6531280777656405,-1.2629512028657957,-0.09157452912225705,0.4367917517450844,0.0,1.0,0.0,0.0,1.0,1.0,0.0,0.0,0.0,0
0.35371094076006265,1.0167145961984556,0.45904399150434644,1.1679021251571111,-0.40904820128567554,1.0,0.0,0.0,1.0,0.0,0.0,0.0,1.0,0.0,0
0.17009853380405018,-0.8435709653056234,-1.5653469834323024,-1.108121037232785,-0.40904820128567554,1.0,0.0,0.0,0.0,1.0,0.0,0.0,0.0,1.0,0
-0.31953455141198317,1.4083536617782617,-0.3450381527022459,0.7329599321754726,0.4367917517450844,0.0,1.0,1.0,0.0,0.0,1.0,0.0,0.0,0.0,0
-0.9315759079320248,-1.6268490964652356,-1.1408165226141058,-1.3026154737127333,-0.40904820128567554,0.0,1.0,1.0,0.0,0.0,0.0,0.0,1.0,0.0,1
0.17009853380405018,0.2823913482363192,-1.3753981464402976,-0.6794986166660232,0.4367917517450844,1.0,0.0,1.0,0.0,0.0,0.0,0.0,1.0,0.0,0
1.6389977894521501,-0.7456611989106718,0.20716283789746207,-0.5090923579583561,-1.2548881543164354,1.0,0.0,1.0,0.0,0.0,0.0,0.0,0.0,1.0,1
1.0269564329321086,0.18448158184136765,1.4572268598503095,1.021869863074659,0.4367917517450844,1.0,0.0,0.0,0.0,1.0,1.0,0.0,0.0,0.0,1
0.843344025976096,1.5062634281732132,-1.5650009928366884,-0.4613394377514738,1.2826317047758444,1.0,0.0,0.0,0.0,1.0,0.0,0.0,1.0,0.0,0
-0.8091676366280165,-0.5498416661207688,-0.2959074881250791,-0.5389286704396457,-0.40904820128567554,0.0,1.0,0.0,0.0,1.0,0.0,0.0,1.0,0.0,0
-1.5436172644520665,0.9188048298035041,0.6932796247349241,1.2862417161552793,-1.2548881543164354,1.0,0.0,0.0,1.0,0.0,0.0,0.0,1.0,0.0,0
1.3941812468441335,0.7719401802110768,-0.1537053533277859,0.47349463607022163,1.2826317047758444,1.0,0.0,1.0,0.0,0.0,0.0,0.0,1.0,0.0,0
0.47611921206407104,0.3803011146312707,1.0358103143926378,0.9900645762731565,-1.2548881543164354,1.0,0.0,1.0,0.0,0.0,0.0,0.0,1.0,0.0,0
1.516589518148142,0.9677597130009798,-1.133204729510601,-0.2364105863757624,-1.2548881543164354,0.0,1.0,1.0,0.0,0.0,0.0,0.0,0.0,1.0,0
-0.5031469583679957,0.9188048298035041,1.565521916277445,2.02649666642949,-1.2548881543164354,1.0,0.0,0.0,1.0,0.0,0.0,0.0,0.0,1.0,0
-0.9315759079320248,1.6531280777656405,-0.421848064928521,0.809972234216055,1.2826317047758444,1.0,0.0,1.0,0.0,0.0,0.0,0.0,0.0,1.0,0
0.108894398152046,1.4573085449757375,-0.5726999646161608,0.5256248190803728,-0.40904820128567554,0.0,1.0,0.0,0.0,1.0,0.0,0.0,0.0,1.0,0
1.577793653800146,-0.8435709653056234,1.2714299100056707,-0.2799979614482158,0.4367917517450844,0.0,1.0,0.0,0.0,1.0,0.0,0.0,1.0,0.0,0
1.1493647042361168,-1.4310295636753325,0.19643712943343258,-1.0816298639191688,0.4367917517450844,1.0,0.0,1.0,0.0,0.0,0.0,0.0,0.0,1.0,1
-0.6867593653240082,1.3104438953833102,0.032091596516852824,1.021086507699951,-0.40904820128567554,0.0,1.0,1.0,0.0,0.0,0.0,0.0,1.0,0.0,0
-1.3600048574960542,0.2823913482363192,0.7607477908796254,0.6933581422189338,-0.40904820128567554,0.0,1.0,0.0,1.0,0.0,0.0,0.0,1.0,0.0,0
-1.1763924505400416,0.2823913482363192,0.25144963413603516,0.3715631644071604,0.4367917517450844,0.0,1.0,1.0,0.0,0.0,0.0,0.0,1.0,0.0,1
-1.3600048574960542,1.1146243625934071,-1.1923691213605698,-0.22516308521863262,2.128471657806604,1.0,0.0,0.0,1.0,0.0,0.0,1.0,0.0,0.0,0
0.23130266945605435,-0.7946160821081476,0.5780647563955115,-0.43011108159756056,-1.2548881543164354,1.0,0.0,0.0,1.0,0.0,0.0,0.0,1.0,0.0,0
-0.38073868706398734,-0.9414807317005749,-1.2927063940885868,-1.067688255426049,0.4367917517450844,1.0,0.0,1.0,0.0,0.0,0.0,1.0,0.0,0.0,0
-0.5031469583679957,-0.45193189972581727,1.0337343708189548,0.0747402856350756,1.2826317047758444,0.0,1.0,1.0,0.0,0.0,0.0,0.0,0.0,1.0,1
-0.625555229672004,0.527165764223698,1.6696650855572148,1.6009917885363987,0.4367917517450844,1.0,0.0,1.0,0.0,0.0,0.0,0.0,0.0,1.0,1
1.1493647042361168,-1.6758039796627113,-0.4488353313864015,-1.299254455719897,-1.2548881543164354,1.0,0.0,0.0,0.0,1.0,1.0,0.0,0.0,0.0,1
-0.625555229672004,1.3104438953833102,-0.21563766994266514,0.792616678312889,0.4367917517450844,1.0,0.0,1.0,0.0,0.0,0.0,0.0,1.0,0.0,0
0.4149150764120669,1.2614890121858344,-1.594064202868252,-0.5548921826701885,-0.40904820128567554,1.0,0.0,0.0,0.0,1.0,0.0,0.0,1.0,0.0,0
-0.013513873151962338,-0.8435709653056234,-1.7072031276339814,-1.1395346463469331,0.4367917517450844,0.0,1.0,0.0,1.0,0.0,0.0,1.0,0.0,0.0,0
-0.6867593653240082,-0.9414807317005749,1.4333535087529539,-0.3521672218140815,-1.2548881543164354,1.0,0.0,0.0,1.0,0.0,0.0,0.0,0.0,1.0,0
-1.666025535756075,1.6041731945681648,-1.3096599332736656,-0.1570799758613807,0.4367917517450844,0.0,1.0,1.0,0.0,0.0,0.0,0.0,1.0,0.0,0
-1.727229671408079,0.13552669864389189,-0.21217776398652682,-0.030107596916257934,0.4367917517450844,1.0,0.0,0.0,1.0,0.0,0.0,0.0,1.0,0.0,0
1.0881605685841127,1.7020829609631163,1.0666034774022708,2.4549867634532268,-0.40904820128567554,0.0,1.0,0.0,1.0,0.0,0.0,1.0,0.0,0.0,0
-1.4824131288000624,0.13552669864389189,1.3222905275609076,0.8789551436658778,-0.40904820128567554,0.0,1.0,1.0,0.0,0.0,0.0,1.0,0.0,0.0,0
-0.5643510940199998,-0.011337950948535399,0.04247131438526829,0.00517515259594295,0.4367917517450844,0.0,1.0,0.0,1.0,0.0,0.0,0.0,0.0,1.0,0
-1.1151883148880375,0.18448158184136765,0.20024302598518492,0.2573626538348159,-0.40904820128567554,1.0,0.0,0.0,1.0,0.0,0.0,0.0,1.0,0.0,1
0.7821398903240918,0.42925599782874646,0.562495179592888,0.7108195569565203,0.4367917517450844,0.0,1.0,0.0,0.0,1.0,0.0,1.0,0.0,0.0,0
-1.666025535756075,-1.5778942132677598,1.5717497469984947,-1.1011025965107362,-0.40904820128567554,1.0,0.0,1.0,0.0,0.0,0.0,0.0,1.0,0.0,1
-1.6048214001040708,-0.5498416661207688,0.330681480531607,-0.30104269773092074,0.4367917517450844,0.0,1.0,0.0,0.0,1.0,0.0,0.0,0.0,1.0,1
-0.38073868706398734,1.6041731945681648,0.18121354322642316,1.4053223189943875,-0.40904820128567554,0.0,1.0,1.0,0.0,0.0,1.0,0.0,0.0,0.0,0
1.577793653800146,-0.30506725013339,-1.7044352028690708,-1.0115724872999832,0.4367917517450844,1.0,0.0,0.0,0.0,1.0,0.0,0.0,0.0,1.0,0
-1.0539841792360332,1.555218311370689,-1.474697447381473,-0.3444554057265812,-0.40904820128567554,0.0,1.0,0.0,0.0,1.0,1.0,0.0,0.0,0.0,0
-0.5643510940199998,-0.35402213333086574,0.24245387865007484,-0.1743402588135691,-1.2548881543164354,0.0,1.0,1.0,0.0,0.0,0.0,1.0,0.0,0.0,1
-1.4824131288000624,1.555218311370689,1.484560116903804,2.730690804758513,2.9743116108373644,1.0,0.0,1.0,0.0,0.0,1.0,0.0,0.0,0.0,1
0.47611921206407104,0.722985297013601,1.2440966529521766,1.5226880087158918,-0.40904820128567554,0.0,1.0,0.0,1.0,0.0,0.0,0.0,0.0,1.0,0
0.5373233477160752,-0.5987965493182446,1.6450997532686313,0.1419500596083621,0.4367917517450844,0.0,1.0,1.0,0.0,0.0,0.0,0.0,1.0,0.0,1
0.04769026250004183,-1.0883453812930022,0.07153452441683199,-0.820147957018216,0.4367917517450844,0.0,1.0,1.0,0.0,0.0,0.0,0.0,1.0,0.0,1
-1.2375965861920457,1.6041731945681648,0.9714560636084615,2.243412004039604,-0.40904820128567554,1.0,0.0,1.0,0.0,0.0,0.0,0.0,1.0,0.0,0
0.2925068051080585,-0.8925258485030991,1.1531011263057338,-0.3672944492527059,-0.40904820128567554,1.0,0.0,0.0,0.0,1.0,0.0,0.0,0.0,1.0,0
1.4553853824961378,0.2823913482363192,0.48741522034468204,0.521353415111524,-0.40904820128567554,1.0,0.0,0.0,0.0,1.0,0.0,0.0,0.0,1.0,0
0.9045481616281003,1.0167145961984556,-0.5827336918889624,0.2500636872015538,0.4367917517450844,1.0,0.0,0.0,1.0,0.0,0.0,0.0,1.0,0.0,0
0.35371094076006265,-1.1862551476879537,-0.12844803984797457,-0.9345919429097264,-0.40904820128567554,0.0,1.0,0.0,1.0,0.0,0.0,0.0,1.0,0.0,1
1.3941812468441335,-0.9414807317005749,1.213649480538158,-0.4181543262498164,1.2826317047758444,0.0,1.0,0.0,1.0,0.0,0.0,0.0,1.0,0.0,1
-0.4419428227159915,-0.30506725013339,-0.7218219113257308,-0.5642606895163623,-0.40904820128567554,1.0,0.0,1.0,0.0,0.0,0.0,0.0,0.0,1.0,1
0.9045481616281003,-0.6477514325157203,1.4413112924520726,0.0007978897926741037,-1.2548881543164354,0.0,1.0,1.0,0.0,0.0,0.0,0.0,0.0,1.0,1
-0.31953455141198317,-1.724758862860187,-0.9595174505124474,-1.3505959904136189,0.4367917517450844,0.0,1.0,0.0,1.0,0.0,0.0,0.0,0.0,1.0,1
-0.7479635009760124,-0.20715748373843845,0.8385956748927421,0.23766232474924565,-0.40904820128567554,0.0,1.0,0.0,0.0,1.0,1.0,0.0,0.0,0.0,0
-1.1763924505400416,-1.333119797280381,0.42721285670787196,-0.9657303190543826,-1.2548881543164354,0.0,1.0,0.0,1.0,0.0,1.0,0.0,0.0,0.0,0
0.04769026250004183,-1.0393904980955264,0.8389416654883557,-0.6062654750142362,-0.40904820128567554,1.0,0.0,0.0,1.0,0.0,0.0,0.0,0.0,1.0,1
1.6389977894521501,-0.4029770165283415,-0.2415869646137043,-0.424167108044875,0.4367917517450844,0.0,1.0,0.0,1.0,0.0,0.0,0.0,1.0,0.0,1
1.0269564329321086,-0.5987965493182446,1.4721044554617053,0.07189268298917634,0.4367917517450844,1.0,0.0,1.0,0.0,0.0,0.0,0.0,0.0,1.0,1
-0.38073868706398734,1.163579245790883,0.4337866780245351,1.2826001722512297,0.4367917517450844,0.0,1.0,0.0,1.0,0.0,0.0,0.0,0.0,1.0,0
0.17009853380405018,-0.060292834146011165,-0.7571129520783438,-0.45144692967492056,0.4367917517450844,1.0,0.0,1.0,0.0,0.0,0.0,0.0,1.0,0.0,1
-0.7479635009760124,-0.45193189972581727,0.454546113761366,-0.16929079241173298,-0.40904820128567554,0.0,1.0,1.0,0.0,0.0,0.0,1.0,0.0,0.0,1
1.2717729755401253,-0.7946160821081476,-0.7623028110125516,-0.843855042986585,0.4367917517450844,0.0,1.0,0.0,1.0,0.0,0.0,0.0,0.0,1.0,1
1.3329771111921294,1.4083536617782617,-0.7387754505108096,0.32780112225791397,1.2826317047758444,1.0,0.0,0.0,1.0,0.0,1.0,0.0,0.0,0.0,0
-0.7479635009760124,0.6250755306186495,-0.3720254191601264,0.19557814512555668,-1.2548881543164354,1.0,0.0,1.0,0.0,0.0,0.0,0.0,0.0,1.0,0
-0.9315759079320248,-1.724758862860187,1.1946199977793956,-1.3014774912427178,0.4367917517450844,0.0,1.0,0.0,1.0,0.0,0.0,0.0,1.0,0.0,1
-1.2375965861920457,-1.2841649140829052,-0.02361288937697734,-0.9877436636720309,0.4367917517450844,0.0,1.0,0.0,1.0,0.0,0.0,0.0,1.0,0.0,0
0.6597316190200835,0.527165764223698,0.5943263143893625,0.8305035551518233,-0.40904820128567554,0.0,1.0,0.0,1.0,0.0,1.0,0.0,0.0,0.0,0
-1.666025535756075,1.1146243625934071,-0.3983207044267791,0.4924486603731306,-1.2548881543164354,0.0,1.0,0.0,0.0,1.0,0.0,0.0,1.0,0.0,0
0.9657522972801044,1.2614890121858344,-0.8425726291949653,0.1699550142541849,-1.2548881543164354,0.0,1.0,1.0,0.0,0.0,0.0,0.0,1.0,0.0,0
-0.258330415759979,-0.8925258485030991,1.5482223864967524,-0.2605834512155797,-0.40904820128567554,0.0,1.0,0.0,0.0,1.0,0.0,1.0,0.0,0.0,0
0.5985274833680794,0.4782108810262222,0.3337953958921318,0.6051777331470365,0.4367917517450844,0.0,1.0,0.0,1.0,0.0,0.0,0.0,0.0,1.0,0
-1.2375965861920457,-0.20715748373843845,1.4769483238002994,0.5545242808770451,0.4367917517450844,0.0,1.0,0.0,1.0,0.0,0.0,0.0,1.0,0.0,0
1.516589518148142,-0.45193189972581727,-1.0508589677545042,-0.7857703005403063,-1.2548881543164354,1.0,0.0,0.0,1.0,0.0,0.0,0.0,1.0,0.0,0
-0.4419428227159915,-0.8925258485030991,-1.2463436542763306,-1.0312886952107165,-1.2548881543164354,1.0,0.0,1.0,0.0,0.0,0.0,0.0,0.0,1.0,0
0.843344025976096,0.13552669864389189,1.2063836780302668,0.8127298568526973,-0.40904820128567554,1.0,0.0,1.0,0.0,0.0,0.0,0.0,1.0,0.0,1
1.0269564329321086,0.6250755306186495,0.6012461263016396,0.9109721481362202,1.2826317047758444,0.0,1.0,0.0,1.0,0.0,0.0,0.0,1.0,0.0,0
-1.5436172644520665,0.3803011146312707,-1.1089853878176315,-0.45623174899070656,-0.40904820128567554,0.0,1.0,1.0,0.0,0.0,0.0,0.0,0.0,1.0,0
-0.19712628010797484,0.8698499466060283,-0.8225051746493619,-0.024470613983390496,-1.2548881543164354,1.0,0.0,0.0,1.0,0.0,0.0,0.0,1.0,0.0,0
-0.013513873151962338,-0.10924771734348693,1.0157428598470342,0.43755556178461635,-0.40904820128567554,0.0,1.0,1.0,0.0,0.0,1.0,0.0,0.0,0.0,0
0.9657522972801044,1.7020829609631163,-0.18415252574180474,1.1045561986401562,0.4367917517450844,0.0,1.0,1.0,0.0,0.0,1.0,0.0,0.0,0.0,0
0.2925068051080585,-0.011337950948535399,0.5652631043577988,0.3005477653364733,-0.40904820128567554,1.0,0.0,1.0,0.0,0.0,0.0,0.0,1.0,0.0,1
-0.38073868706398734,-0.8925258485030991,-0.6529697827985742,-0.8580771773909179,0.4367917517450844,1.0,0.0,0.0,1.0,0.0,0.0,0.0,1.0,0.0,1
0.47611921206407104,0.08657181544641612,-0.4356876887530753,-0.19156349117371038,2.9743116108373644,1.0,0.0,1.0,0.0,0.0,0.0,0.0,0.0,1.0,1
-1.1151883148880375,1.1146243625934071,1.673124991513353,2.360116076045983,-1.2548881543164354,0.0,1.0,0.0,1.0,0.0,0.0,0.0,0.0,1.0,0
-1.4212089931480583,-1.333119797280381,-0.8979311244931817,-1.1492366085215304,1.2826317047758444,0.0,1.0,1.0,0.0,0.0,0.0,0.0,1.0,0.0,1
-0.6867593653240082,0.722985297013601,-0.002161472448918353,0.5414507148261694,-0.40904820128567554,1.0,0.0,0.0,1.0,0.0,0.0,0.0,1.0,0.0,0
-0.5031469583679957,-0.060292834146011165,1.1669407501302875,0.5765217466695304,1.2826317047758444,0.0,1.0,1.0,0.0,0.0,0.0,1.0,0.0,0.0,1
0.7821398903240918,-1.528939330070284,-0.9269943345247451,-1.247256596252771,2.128471657806604,1.0,0.0,1.0,0.0,0.0,0.0,0.0,1.0,0.0,1
0.4149150764120669,-1.0883453812930022,-0.3180508862443654,-0.9018974418990956,-0.40904820128567554,1.0,0.0,0.0,1.0,0.0,0.0,1.0,0.0,0.0,1
0.7209357546720877,-0.30506725013339,0.373584314387725,-0.06991581159991583,0.4367917517450844,1.0,0.0,0.0,1.0,0.0,0.0,0.0,1.0,0.0,0
0.5373233477160752,-1.5778942132677598,-0.08969709313922297,-1.2178860626429295,0.4367917517450844,0.0,1.0,1.0,0.0,0.0,0.0,0.0,1.0,0.0,1
0.2925068051080585,0.13552669864389189,-0.16477705238742893,-0.00031362796873631943,-0.40904820128567554,0.0,1.0,0.0,0.0,1.0,0.0,0.0,0.0,1.0,0
-0.7479635009760124,1.359398778580786,-0.5003879301328655,0.5499776439387041,-1.2548881543164354,1.0,0.0,1.0,0.0,0.0,0.0,0.0,1.0,0.0,0
0.47611921206407104,-0.5498416661207688,0.27497699463777686,-0.3225690917102369,1.2826317047758444,1.0,0.0,1.0,0.0,0.0,0.0,0.0,1.0,0.0,1
-0.258330415759979,-0.4029770165283415,0.405761439779813,-0.13311882869040356,0.4367917517450844,1.0,0.0,1.0,0.0,0.0,0.0,0.0,1.0,0.0,0
0.5373233477160752,1.4573085449757375,0.5057527219122162,1.6148963464374715,0.4367917517450844,0.0,1.0,1.0,0.0,0.0,0.0,1.0,0.0,0.0,1
-1.0539841792360332,-0.6967063157131961,-1.5110264599209275,-1.0448862624919713,0.4367917517450844,0.0,1.0,1.0,0.0,0.0,0.0,0.0,0.0,1.0,1
-0.38073868706398734,-0.2561123669359142,0.4285968190903271,-0.001308701012284799,0.4367917517450844,1.0,0.0,1.0,0.0,0.0,0.0,0.0,0.0,1.0,1
1.4553853824961378,-0.6477514325157203,1.5433785181581585,0.04860373941676646,-1.2548881543164354,1.0,0.0,0.0,1.0,0.0,1.0,0.0,0.0,0.0,1
0.7821398903240918,0.5761206474211737,0.11720528303786022,0.5170767182009541,-1.2548881543164354,1.0,0.0,1.0,0.0,0.0,1.0,0.0,0.0,0.0,0
-0.4419428227159915,-0.7946160821081476,0.7202668911928046,-0.396051001622911,-1.2548881543164354,0.0,1.0,0.0,1.0,0.0,1.0,0.0,0.0,0.0,0
-0.5031469583679957,0.08657181544641612,0.17152580654923527,0.15413441145010925,-1.2548881543164354,1.0,0.0,1.0,0.0,0.0,0.0,0.0,1.0,0.0,1
-0.13592214445597067,0.9188048298035041,1.2025777814785144,1.7097193973692268,-0.40904820128567554,1.0,0.0,1.0,0.0,0.0,0.0,0.0,1.0,0.0,1
1.7002019251041545,1.555218311370689,1.4617247375932894,2.7076029929715006,2.9743116108373644,1.0,0.0,1.0,0.0,0.0,0.0,0.0,1.0,0.0,1
0.108894398152046,-1.724758862860187,-1.1172891621123637,-1.3382899009122886,-1.2548881543164354,0.0,1.0,0.0,1.0,0.0,0.0,0.0,1.0,0.0,0
-1.4212089931480583,-1.4310295636753325,-0.2429709269961597,-1.1259688367160046,0.4367917517450844,0.0,1.0,0.0,1.0,0.0,0.0,0.0,1.0,0.0,1
-0.13592214445597067,1.0167145961984556,-0.3969367420443237,0.4225765367141801,0.4367917517450844,1.0,0.0,0.0,0.0,1.0,0.0,0.0,1.0,0.0,0
0.6597316190200835,-1.1862551476879537,-0.3526499458057506,-0.9782640050497159,-1.2548881543164354,0.0,1.0,1.0,0.0,0.0,0.0,1.0,0.0,0.0,1
0.2925068051080585,-1.528939330070284,-1.3203856417376951,-1.2763148463010732,0.4367917517450844,0.0,1.0,0.0,1.0,0.0,0.0,1.0,0.0,0.0,0
-1.0539841792360332,0.6740304138161253,1.0603756466812213,1.3226201046037276,-1.2548881543164354,1.0,0.0,0.0,1.0,0.0,0.0,0.0,1.0,0.0,0
0.9657522972801044,0.2823913482363192,-1.6307392060033203,-0.8360161962977806,0.4367917517450844,0.0,1.0,1.0,0.0,0.0,0.0,0.0,1.0,0.0,0
1.7002019251041545,-1.1862551476879537,0.07291848679928711,-0.8894537359130192,0.4367917517450844,1.0,0.0,1.0,0.0,0.0,0.0,0.0,1.0,0.0,1
1.4553853824961378,-0.8925258485030991,0.5355079131350076,-0.5398125917070531,-1.2548881543164354,0.0,1.0,1.0,0.0,0.0,0.0,0.0,1.0,0.0,0
-1.3600048574960542,1.4573085449757375,-1.0366733533343364,0.06426555396921217,0.4367917517450844,1.0,0.0,0.0,1.0,0.0,0.0,0.0,1.0,0.0,0
-1.1763924505400416,-0.9414807317005749,1.3797249664328068,-0.3657171526198472,-0.40904820128567554,1.0,0.0,1.0,0.0,0.0,0.0,1.0,0.0,0.0,1
0.9657522972801044,1.555218311370689,1.1465273049890703,2.3748569187389736,-0.40904820128567554,0.0,1.0,0.0,1.0,0.0,0.0,0.0,1.0,0.0,0
-0.7479635009760124,1.7020829609631163,-0.12464214329622221,1.162677991678482,2.128471657806604,0.0,1.0,1.0,0.0,0.0,0.0,0.0,1.0,0.0,0
-0.19712628010797484,1.2614890121858344,-0.3322365006645335,0.6419901428166072,1.2826317047758444,0.0,1.0,1.0,0.0,0.0,0.0,0.0,1.0,0.0,0
-0.5031469583679957,0.2334364650388434,-0.9359900900107054,-0.4140205387657137,-1.2548881543164354,0.0,1.0,1.0,0.0,0.0,0.0,1.0,0.0,0.0,0
-0.0747180088039665,-0.10924771734348693,0.7711275087480409,0.318580817779928,2.9743116108373644,1.0,0.0,0.0,1.0,0.0,0.0,1.0,0.0,0.0,1
1.0269564329321086,1.6531280777656405,-1.298934224809636,-0.1347808123907982,0.4367917517450844,1.0,0.0,1.0,0.0,0.0,1.0,0.0,0.0,0.0,0
-1.666025535756075,0.42925599782874646,0.5988241921323424,0.7373477808621836,2.128471657806604,0.0,1.0,1.0,0.0,0.0,0.0,0.0,0.0,1.0,1
1.516589518148142,1.0656694793959314,1.1603669288136245,1.8260635493385768,-1.2548881543164354,0.0,1.0,0.0,1.0,0.0,0.0,0.0,1.0,0.0,0
0.843344025976096,0.722985297013601,-0.9640153282554274,-0.20546804907478325,-0.40904820128567554,0.0,1.0,1.0,0.0,0.0,0.0,0.0,1.0,0.0,1
-1.727229671408079,-0.10924771734348693,1.2430586811653352,0.5553076362517534,-0.40904820128567554,1.0,0.0,1.0,0.0,0.0,0.0,0.0,0.0,1.0,1
1.3329771111921294,0.3803011146312707,-1.6393889708936666,-0.8172156673047807,-0.40904820128567554,0.0,1.0,1.0,0.0,0.0,1.0,0.0,0.0,0.0,0
1.4553853824961378,-1.0393904980955264,1.4035983175301625,-0.47893317603208524,-0.40904820128567554,1.0,0.0,1.0,0.0,0.0,0.0,0.0,1.0,0.0,1
0.4149150764120669,1.6531280777656405,-1.3449509740262784,-0.18073942535426088,2.9743116108373644,1.0,0.0,1.0,0.0,0.0,0.0,0.0,1.0,0.0,0
1.3329771111921294,0.6740304138161253,0.47980342724117736,0.875197155043966,-0.40904820128567554,1.0,0.0,1.0,0.0,0.0,0.0,0.0,0.0,1.0,0
-0.19712628010797484,-0.20715748373843845,-0.8892813596028354,-0.5967858163919212,-1.2548881543164354,0.0,1.0,1.0,0.0,0.0,0.0,0.0,1.0,0.0,0
-0.013513873151962338,1.5062634281732132,1.139953483672407,2.305805201046778,-0.40904820128567554,1.0,0.0,1.0,0.0,0.0,0.0,0.0,0.0,1.0,0
-0.5031469583679957,-1.6268490964652356,0.017905982096685008,-1.247489485688495,1.2826317047758444,0.0,1.0,0.0,0.0,1.0,0.0,0.0,0.0,1.0,1
-1.1151883148880375,0.722985297013601,-1.2868245539631513,-0.4613023871594267,1.2826317047758444,0.0,1.0,1.0,0.0,0.0,0.0,0.0,1.0,0.0,1
0.6597316190200835,1.5062634281732132,0.22100246172201585,1.3791751868926367,-1.2548881543164354,1.0,0.0,1.0,0.0,0.0,0.0,0.0,0.0,1.0,0
-1.1151883148880375,0.5761206474211737,-0.34330819972417675,0.17821200333894835,-0.40904820128567554,1.0,0.0,1.0,0.0,0.0,0.0,1.0,0.0,0.0,0
0.4149150764120669,-0.9414807317005749,0.5337779601569383,-0.5808275971030995,-1.2548881543164354,0.0,1.0,1.0,0.0,0.0,0.0,0.0,1.0,0.0,0
1.2105688398881211,-1.4310295636753325,1.296687223485482,-0.9603950337996123,-1.2548881543164354,0.0,1.0,0.0,0.0,1.0,0.0,0.0,1.0,0.0,0
0.5985274833680794,-1.137300264490478,-0.338118340789969,-0.9515452352420967,0.4367917517450844,0.0,1.0,0.0,1.0,0.0,0.0,0.0,1.0,0.0,1
0.6597316190200835,1.4573085449757375,-0.7515771025485221,0.34556952761531834,-0.40904820128567554,0.0,1.0,1.0,0.0,0.0,1.0,0.0,0.0,0.0,0
0.35371094076006265,-1.5778942132677598,-1.7044352028690708,-1.311280019310014,0.4367917517450844,0.0,1.0,0.0,1.0,0.0,0.0,1.0,0.0,0.0,0
1.516589518148142,-1.2841649140829052,0.23415010435534256,-0.9468980324110566,-0.40904820128567554,0.0,1.0,1.0,0.0,0.0,0.0,0.0,0.0,1.0,1
0.2925068051080585,-0.9414807317005749,-0.36268367307855254,-0.8261078093960644,-0.40904820128567554,0.0,1.0,0.0,0.0,1.0,0.0,0.0,1.0,0.0,1
1.577793653800146,0.7719401802110768,-0.45852306806358945,0.22857963675600587,0.4367917517450844,1.0,0.0,0.0,0.0,1.0,0.0,1.0,0.0,0.0,0
1.0881605685841127,-1.4799844468728083,-1.121787039855344,-1.239714154300343,0.4367917517450844,1.0,0.0,0.0,1.0,0.0,1.0,0.0,0.0,0.0,0
-0.31953455141198317,1.6041731945681648,-0.2664982874979016,0.9447093586658885,-0.40904820128567554,1.0,0.0,1.0,0.0,0.0,0.0,0.0,0.0,1.0,0
1.516589518148142,-1.333119797280381,1.6513275839896806,-0.8033905035295228,-0.40904820128567554,0.0,1.0,1.0,0.0,0.0,0.0,0.0,1.0,0.0,1
-0.4419428227159915,-0.7456611989106718,-0.7242438454950278,-0.8102819136502677,-0.40904820128567554,1.0,0.0,1.0,0.0,0.0,0.0,0.0,1.0,0.0,1
-1.4824131288000624,-0.5987965493182446,0.32030176266319155,-0.3431162914711676,0.4367917517450844,1.0,0.0,1.0,0.0,0.0,1.0,0.0,0.0,0.0,1
1.6389977894521501,-1.5778942132677598,0.9320131357084823,-1.1560962609919492,-0.40904820128567554,1.0,0.0,1.0,0.0,0.0,0.0,0.0,0.0,1.0,1
0.23130266945605435,-0.5987965493182446,0.8375577031059005,-0.17086808904459164,0.4367917517450844,1.0,0.0,0.0,0.0,1.0,0.0,0.0,0.0,1.0,1
0.4149150764120669,1.1146243625934071,-0.6169867608547336,0.2891626476945976,2.128471657806604,1.0,0.0,1.0,0.0,0.0,0.0,0.0,1.0,0.0,0
1.0881605685841127,-1.6268490964652356,0.35905270937194317,-1.2428211110905711,-1.2548881543164354,1.0,0.0,0.0,1.0,0.0,0.0,0.0,0.0,1.0,1
-0.5643510940199998,1.555218311370689,1.2600122203504138,2.4889727422437824,0.4367917517450844,0.0,1.0,0.0,1.0,0.0,0.0,1.0,0.0,0.0,0
-0.625555229672004,0.18448158184136765,-1.7013212875085462,-0.9125680124086359,0.4367917517450844,1.0,0.0,0.0,0.0,1.0,0.0,1.0,0.0,0.0,0
0.35371094076006265,0.5761206474211737,-0.24712281414352583,0.2598820940940131,-0.40904820128567554,1.0,0.0,1.0,0.0,0.0,0.0,0.0,1.0,0.0,0
1.3941812468441335,0.8698499466060283,-0.9785469332712091,-0.14079888712757793,1.2826317047758444,1.0,0.0,1.0,0.0,0.0,1.0,0.0,0.0,0.0,1
0.843344025976096,-0.060292834146011165,-0.4100843846776502,-0.2689727638433682,-0.40904820128567554,1.0,0.0,0.0,1.0,0.0,0.0,0.0,0.0,1.0,0
-0.7479635009760124,0.9677597130009798,-0.31528296147945467,0.4634539256254805,2.128471657806604,0.0,1.0,0.0,0.0,1.0,0.0,1.0,0.0,0.0,0
0.9657522972801044,0.18448158184136765,0.8289079382155542,0.6432974994216946,0.4367917517450844,0.0,1.0,0.0,0.0,1.0,1.0,0.0,0.0,0.0,0
0.843344025976096,1.555218311370689,-1.4300646605472862,-0.29774519503873637,-1.2548881543164354,1.0,0.0,0.0,1.0,0.0,0.0,1.0,0.0,0.0,0
0.2925068051080585,0.4782108810262222,0.018943953883526606,0.363327347089281,0.4367917517450844,1.0,0.0,1.0,0.0,0.0,0.0,1.0,0.0,0.0,0
-1.2375965861920457,-1.137300264490478,0.19747510122027417,-0.8410391979910118,-1.2548881543164354,1.0,0.0,1.0,0.0,0.0,0.0,0.0,1.0,0.0,1
-0.19712628010797484,-0.45193189972581727,-0.0447183157094223,-0.3637905218334023,-0.40904820128567554,0.0,1.0,1.0,0.0,0.0,1.0,0.0,0.0,0.0,1
-1.666025535756075,-1.4799844468728083,0.777701330064704,-1.058817285101649,1.2826317047758444,0.0,1.0,0.0,1.0,0.0,0.0,0.0,0.0,1.0,1
1.4553853824961378,-0.9414807317005749,-0.42669193326711496,-0.8327557441976432,0.4367917517450844,1.0,0.0,0.0,1.0,0.0,0.0,0.0,1.0,0.0,1
-1.2375965861920457,-0.011337950948535399,1.5150072893178228,0.8150375794430545,-0.40904820128567554,1.0,0.0,0.0,1.0,0.0,0.0,0.0,1.0,0.0,0
-1.2375965861920457,-1.6758039796627113,-0.08762114956553978,-1.2837673082442445,0.4367917517450844,1.0,0.0,0.0,0.0,1.0,0.0,0.0,1.0,0.0,0
0.6597316190200835,0.7719401802110768,0.22169444291324392,0.7686184805498647,1.2826317047758444,0.0,1.0,0.0,1.0,0.0,1.0,0.0,0.0,0.0,1
-0.7479635009760124,1.4573085449757375,1.1015485275592696,2.2250402033260053,0.4367917517450844,1.0,0.0,1.0,0.0,0.0,0.0,0.0,1.0,0.0,0
-1.727229671408079,0.7719401802110768,-0.8024377201037584,-0.06647539948126438,-0.40904820128567554,0.0,1.0,1.0,0.0,0.0,0.0,1.0,0.0,0.0,1
-0.258330415759979,0.33134623143379494,-1.4944189113314628,-0.7341747046439765,1.2826317047758444,1.0,0.0,0.0,0.0,1.0,1.0,0.0,0.0,0.0,0
0.843344025976096,-0.6967063157131961,0.6943175965217657,-0.30100035419715276,0.4367917517450844,0.0,1.0,1.0,0.0,0.0,1.0,0.0,0.0,0.0,1
0.6597316190200835,0.9188048298035041,-0.08346926241817389,0.6243805257108327,1.2826317047758444,0.0,1.0,1.0,0.0,0.0,0.0,0.0,1.0,0.0,0
0.7821398903240918,1.5062634281732132,1.3472018504451049,2.5282940062891077,-0.40904820128567554,1.0,0.0,1.0,0.0,0.0,0.0,0.0,0.0,1.0,0
-0.258330415759979,1.163579245790883,1.645445743864245,2.392080151099115,-1.2548881543164354,1.0,0.0,1.0,0.0,0.0,0.0,0.0,0.0,1.0,0
0.5985274833680794,1.0656694793959314,-0.3737553721381958,0.4734364137112905,0.4367917517450844,0.0,1.0,1.0,0.0,0.0,0.0,0.0,1.0,0.0,0
0.35371094076006265,-1.1862551476879537,-0.31735890505313785,-0.9623110787026151,-0.40904820128567554,1.0,0.0,0.0,0.0,1.0,0.0,1.0,0.0,0.0,0
-1.6048214001040708,1.6041731945681648,-0.34296220912856296,0.860451019409254,-1.2548881543164354,0.0,1.0,0.0,0.0,1.0,1.0,0.0,0.0,0.0,0
1.2717729755401253,0.13552669864389189,-0.6315183658705155,-0.2841317489323186,-1.2548881543164354,0.0,1.0,0.0,0.0,1.0,0.0,0.0,1.0,0.0,0
0.47611921206407104,-1.137300264490478,0.9500046466804025,-0.6929797392294159,1.2826317047758444,0.0,1.0,1.0,0.0,0.0,0.0,1.0,0.0,0.0,1
0.9045481616281003,0.2334364650388434,0.8714647814760582,0.7153926586034662,0.4367917517450844,0.0,1.0,0.0,0.0,1.0,0.0,0.0,1.0,0.0,0
0.9045481616281003,1.0167145961984556,-0.09869284862518331,0.6816078115983089,2.128471657806604,1.0,0.0,0.0,0.0,1.0,0.0,0.0,0.0,1.0,0
1.3329771111921294,0.8208950634085526,-1.5999460429936876,-0.6739569066841339,0.4367917517450844,0.0,1.0,0.0,0.0,1.0,0.0,0.0,0.0,1.0,0
0.04769026250004183,-1.1862551476879537,-0.6834169552125933,-1.0349355320564868,0.4367917517450844,1.0,0.0,0.0,1.0,0.0,0.0,0.0,1.0,0.0,1
0.5373233477160752,-1.137300264490478,-0.7432733282537899,-1.0198771128602355,-1.2548881543164354,1.0,0.0,0.0,1.0,0.0,1.0,0.0,0.0,0.0,0
0.2925068051080585,1.0167145961984556,1.051725881790875,1.6853136430936857,0.4367917517450844,0.0,1.0,1.0,0.0,0.0,1.0,0.0,0.0,0.0,0
-1.0539841792360332,0.18448158184136765,-1.4515160774753448,-0.7474070589464821,-0.40904820128567554,1.0,0.0,0.0,0.0,1.0,1.0,0.0,0.0,0.0,0
-0.625555229672004,0.42925599782874646,1.0330423896277268,1.0407180285431483,-1.2548881543164354,0.0,1.0,1.0,0.0,0.0,0.0,0.0,1.0,0.0,0
0.47611921206407104,-0.060292834146011165,0.5607652266148189,0.2476606916602188,-1.2548881543164354,1.0,0.0,1.0,0.0,0.0,0.0,0.0,1.0,0.0,1
0.9045481616281003,-1.6268490964652356,0.7794312830427732,-1.2185900238918228,0.4367917517450844,0.0,1.0,0.0,0.0,1.0,0.0,0.0,1.0,0.0,1
1.2105688398881211,-1.528939330070284,-0.25923248499001067,-1.1933426918826422,-1.2548881543164354,0.0,1.0,1.0,0.0,0.0,0.0,1.0,0.0,0.0,1
-0.7479635009760124,-1.2352100308854295,0.5970942391542733,-0.8375670282220343,-0.40904820128567554,0.0,1.0,1.0,0.0,0.0,0.0,0.0,1.0,0.0,1
-1.1763924505400416,1.7020829609631163,0.35247888805528005,1.6734309889300352,-0.40904820128567554,0.0,1.0,0.0,0.0,1.0,0.0,0.0,0.0,1.0,0
1.7002019251041545,0.9677597130009798,0.9060638410374434,1.5081959342837876,-1.2548881543164354,0.0,1.0,0.0,0.0,1.0,0.0,1.0,0.0,0.0,0
1.577793653800146,-1.2841649140829052,-0.208717858030388,-1.018532705663101,0.4367917517450844,1.0,0.0,1.0,0.0,0.0,1.0,0.0,0.0,0.0,1
1.2105688398881211,-0.10924771734348693,-0.11876030317078666,-0.14754209488013467,-0.40904820128567554,1.0,0.0,0.0,0.0,1.0,0.0,1.0,0.0,0.0,0
1.0881605685841127,1.5062634281732132,0.4721916341376726,1.619940519897587,0.4367917517450844,1.0,0.0,1.0,0.0,0.0,0.0,1.0,0.0,0.0,0
-1.0539841792360332,-0.2561123669359142,-1.3805880053745052,-0.848735135253349,-0.40904820128567554,1.0,0.0,1.0,0.0,0.0,0.0,0.0,0.0,1.0,0
-0.8091676366280165,1.7020829609631163,-0.24539286116545667,1.0364889681080671,-0.40904820128567554,0.0,1.0,1.0,0.0,0.0,0.0,0.0,1.0,0.0,0
-0.31953455141198317,1.4573085449757375,1.6084247501335631,2.7307649059426065,-1.2548881543164354,0.0,1.0,1.0,0.0,0.0,0.0,0.0,1.0,0.0,0
-0.625555229672004,1.6531280777656405,-1.6245113752822709,-0.46653181357977697,-1.2548881543164354,0.0,1.0,1.0,0.0,0.0,0.0,0.0,1.0,0.0,0
-1.2988007218440498,0.2334364650388434,-0.6612735570933067,-0.2349073909269977,-1.2548881543164354,0.0,1.0,1.0,0.0,0.0,0.0,0.0,0.0,1.0,0
0.108894398152046,1.3104438953833102,-0.6678473784099701,0.3593258831482033,0.4367917517450844,1.0,0.0,0.0,0.0,1.0,0.0,0.0,1.0,0.0,0
-0.5031469583679957,-0.20715748373843845,0.4372465839806734,0.05683955673464593,-1.2548881543164354,1.0,0.0,0.0,1.0,0.0,1.0,0.0,0.0,0.0,0
-0.7479635009760124,-0.7946160821081476,-1.388545789073624,-1.0313310387444845,-0.40904820128567554,0.0,1.0,0.0,0.0,1.0,0.0,0.0,1.0,0.0,0
-0.38073868706398734,1.0167145961984556,0.4199470541999808,1.1382669444612192,-0.40904820128567554,0.0,1.0,0.0,1.0,0.0,0.0,0.0,1.0,0.0,0
0.47611921206407104,0.6740304138161253,-1.42591277339992,-0.5811134159560336,-1.2548881543164354,1.0,0.0,1.0,0.0,0.0,1.0,0.0,0.0,0.0,0
1.516589518148142,-0.5498416661207688,-1.42591277339992,-0.9758239589163339,1.2826317047758444,1.0,0.0,0.0,0.0,1.0,0.0,0.0,1.0,0.0,1
-0.8091676366280165,-1.1862551476879537,0.7648996780269913,-0.7746868805765277,-1.2548881543164354,0.0,1.0,0.0,0.0,1.0,1.0,0.0,0.0,0.0,0
-1.4212089931480583,1.7020829609631163,-0.6332483188485849,0.6067338580130112,-0.40904820128567554,1.0,0.0,1.0,0.0,0.0,0.0,1.0,0.0,0.0,0
-1.2988007218440498,0.13552669864389189,1.6271082422967107,1.0696069044563785,-0.40904820128567554,1.0,0.0,1.0,0.0,0.0,1.0,0.0,0.0,0.0,1
-0.258330415759979,-0.9414807317005749,-1.625203356473499,-1.1391112110092532,0.4367917517450844,0.0,1.0,0.0,1.0,0.0,0.0,0.0,1.0,0.0,0
-0.6867593653240082,0.42925599782874646,-0.21459969815582355,0.1642068795451764,-1.2548881543164354,0.0,1.0,0.0,1.0,0.0,0.0,1.0,0.0,0.0,0
-0.258330415759979,-1.2352100308854295,-1.3632884755938126,-1.1717686614278369,-0.40904820128567554,1.0,0.0,0.0,0.0,1.0,0.0,0.0,1.0,0.0,0
-1.0539841792360332,1.6531280777656405,-0.5387928862460031,0.6764313145951686,0.4367917517450844,1.0,0.0,1.0,0.0,0.0,1.0,0.0,0.0,0.0,0
-0.8703717722800207,-0.6477514325157203,1.699074286184392,0.09692300438779593,-1.2548881543164354,1.0,0.0,1.0,0.0,0.0,0.0,0.0,1.0,0.0,1
-0.19712628010797484,1.6531280777656405,1.320560574582838,2.6690544984174416,-0.40904820128567554,0.0,1.0,0.0,1.0,0.0,0.0,0.0,1.0,0.0,0
0.7209357546720877,0.08657181544641612,-1.5874903815515888,-0.8519585367614394,1.2826317047758444,0.0,1.0,0.0,1.0,0.0,0.0,1.0,0.0,0.0,0
0.9657522972801044,-1.6758039796627113,0.19436118585974937,-1.2830262964033043,2.128471657806604,1.0,0.0,1.0,0.0,0.0,0.0,0.0,0.0,1.0,1
-0.19712628010797484,0.03761693224894037,0.4867232391534545,0.301897465475329,0.4367917517450844,1.0,0.0,1.0,0.0,0.0,0.0,1.0,0.0,0.0,1
1.0881605685841127,0.6250755306186495,-1.029753541422059,-0.2960937972217837,2.128471657806604,0.0,1.0,0.0,1.0,0.0,0.0,0.0,0.0,1.0,0
0.17009853380405018,0.7719401802110768,-1.2525714849973801,-0.4174927085346911,2.128471657806604,1.0,0.0,0.0,1.0,0.0,0.0,1.0,0.0,0.0,0
-1.1763924505400416,-0.1582026005409627,1.3745351074985988,0.5673279069001496,-1.2548881543164354,1.0,0.0,1.0,0.0,0.0,0.0,1.0,0.0,0.0,1
-0.8091676366280165,-0.6967063157131961,1.5973530510739196,0.006196690348096537,-0.40904820128567554,1.0,0.0,1.0,0.0,0.0,0.0,0.0,0.0,1.0,1
-1.3600048574960542,-1.528939330070284,1.6772768786607195,-1.0503697501149294,-0.40904820128567554,1.0,0.0,0.0,0.0,1.0,0.0,0.0,0.0,1.0,1
-0.7479635009760124,-0.8925258485030991,0.9780298849251245,-0.41378235638826855,-1.2548881543164354,1.0,0.0,0.0,0.0,1.0,1.0,0.0,0.0,0.0,0
-0.38073868706398734,0.08657181544641612,0.541043762664829,0.37383912934719127,-0.40904820128567554,0.0,1.0,1.0,0.0,0.0,0.0,1.0,0.0,0.0,0
-0.19712628010797484,0.03761693224894037,-0.5585143501959927,-0.28632831974653455,-1.2548881543164354,1.0,0.0,1.0,0.0,0.0,0.0,0.0,1.0,0.0,1
-0.5031469583679957,1.359398778580786,-1.1615759583509369,-0.093824029353683,-1.2548881543164354,0.0,1.0,0.0,0.0,1.0,1.0,0.0,0.0,0.0,0
-0.4419428227159915,-1.2841649140829052,-1.4812712686981362,-1.2241370268154332,1.2826317047758444,1.0,0.0,1.0,0.0,0.0,0.0,0.0,1.0,0.0,1
-1.3600048574960542,0.2823913482363192,0.6441489601577571,0.6175738026576237,-0.40904820128567554,0.0,1.0,0.0,1.0,0.0,0.0,0.0,1.0,0.0,0
-0.9315759079320248,0.5761206474211737,0.9603843645488179,1.1382351868108935,0.4367917517450844,1.0,0.0,0.0,1.0,0.0,0.0,0.0,1.0,0.0,0
-0.8703717722800207,0.3803011146312707,1.1050084335154085,1.0371823434735186,-0.40904820128567554,0.0,1.0,1.0,0.0,0.0,1.0,0.0,0.0,0.0,1
1.4553853824961378,-0.9904356148980507,1.407058223486301,-0.4151214706436821,1.2826317047758444,0.0,1.0,0.0,1.0,0.0,0.0,1.0,0.0,0.0,1
-1.3600048574960542,0.8698499466060283,1.289767411573205,1.7187862065373039,-0.40904820128567554,0.0,1.0,0.0,1.0,0.0,0.0,0.0,0.0,1.0,0
-1.2375965861920457,-0.060292834146011165,1.7042641451186,0.8648917975131745,-1.2548881543164354,0.0,1.0,0.0,1.0,0.0,0.0,0.0,0.0,1.0,1
1.3329771111921294,-0.4029770165283415,-0.9100407953396665,-0.7078529054654323,0.4367917517450844,1.0,0.0,1.0,0.0,0.0,1.0,0.0,0.0,0.0,1
1.1493647042361168,-1.6758039796627113,0.8863423770874536,-1.2545979064198012,-1.2548881543164354,1.0,0.0,0.0,0.0,1.0,0.0,0.0,0.0,1.0,0
-1.2988007218440498,-1.137300264490478,0.27463100404216334,-0.8171521520041287,-0.40904820128567554,1.0,0.0,1.0,0.0,0.0,0.0,1.0,0.0,0.0,1
1.2717729755401253,0.2334364650388434,-0.8508764034896978,-0.365187858447747,-0.40904820128567554,0.0,1.0,0.0,1.0,0.0,0.0,0.0,0.0,1.0,0
-0.38073868706398734,1.1146243625934071,1.6426778190993343,2.3293482058217965,2.128471657806604,0.0,1.0,0.0,0.0,1.0,0.0,0.0,1.0,0.0,0
-0.013513873151962338,1.6041731945681648,1.3520457187836987,2.6549752734395757,-0.40904820128567554,0.0,1.0,1.0,0.0,0.0,0.0,0.0,1.0,0.0,1
-0.6867593653240082,0.8208950634085526,-1.3100059238692794,-0.44966850125666374,2.128471657806604,0.0,1.0,0.0,1.0,0.0,0.0,1.0,0.0,0.0,0
0.108894398152046,0.42925599782874646,-1.66395430318225,-0.8208201606167833,0.4367917517450844,1.0,0.0,0.0,0.0,1.0,0.0,1.0,0.0,0.0,0
0.04769026250004183,-0.7946160821081476,0.6268494303770645,-0.4266971341875141,-0.40904820128567554,0.0,1.0,1.0,0.0,0.0,0.0,0.0,1.0,0.0,1
1.3941812468441335,-0.5987965493182446,0.33552534887020097,-0.33981349583726217,0.4367917517450844,0.0,1.0,1.0,0.0,0.0,0.0,0.0,1.0,0.0,1
0.5985274833680794,1.2125341289883587,1.4831761545213484,2.3083934495483485,0.4367917517450844,0.0,1.0,0.0,0.0,1.0,0.0,0.0,0.0,1.0,0
0.35371094076006265,1.0656694793959314,-0.9449858454966655,-0.018187892160560888,-0.40904820128567554,0.0,1.0,1.0,0.0,0.0,1.0,0.0,0.0,0.0,1
-0.6867593653240082,-0.45193189972581727,-1.4625877765349884,-0.9548850814680491,0.4367917517450844,1.0,0.0,1.0,0.0,0.0,1.0,0.0,0.0,0.0,1
0.7821398903240918,-0.500886782923293,-0.8577962154019747,-0.7214875233387341,1.2826317047758444,1.0,0.0,0.0,0.0,1.0,0.0,1.0,0.0,0.0,0
0.5985274833680794,-1.4310295636753325,-1.6892116166620614,-1.2845241989103477,-0.40904820128567554,0.0,1.0,0.0,0.0,1.0,0.0,1.0,0.0,0.0,0
-0.7479635009760124,0.2823913482363192,-1.6303932154077063,-0.8393878001740591,0.4367917517450844,0.0,1.0,0.0,0.0,1.0,0.0,1.0,0.0,0.0,0
-0.9315759079320248,0.527165764223698,1.4108641200380532,1.4154424235649439,1.2826317047758444,0.0,1.0,1.0,0.0,0.0,0.0,0.0,0.0,1.0,1
0.108894398152046,0.8208950634085526,-0.53671694267232,0.18839033026843569,-0.40904820128567554,0.0,1.0,1.0,0.0,0.0,0.0,0.0,1.0,0.0,0
-0.31953455141198317,1.1146243625934071,-0.33327447245137504,0.5445100351409088,0.4367917517450844,0.0,1.0,1.0,0.0,0.0,1.0,0.0,0.0,0.0,0
0.35371094076006265,0.08657181544641612,-1.6909415696401304,-0.9237943417988818,-0.40904820128567554,1.0,0.0,0.0,1.0,0.0,0.0,0.0,0.0,1.0,0
0.9045481616281003,1.6041731945681648,-0.8186992780976096,0.3642006824732464,-1.2548881543164354,1.0,0.0,0.0,1.0,0.0,0.0,0.0,1.0,0.0,0
0.9657522972801044,0.8208950634085526,1.0295824836715883,1.455737588886934,-1.2548881543164354,1.0,0.0,1.0,0.0,0.0,0.0,0.0,1.0,0.0,0
0.2925068051080585,-1.0393904980955264,0.37496827677018013,-0.719126871331167,2.128471657806604,0.0,1.0,1.0,0.0,0.0,0.0,0.0,0.0,1.0,1
-1.6048214001040708,-0.500886782923293,0.8534732705041376,-0.0531213075191757,-0.40904820128567554,0.0,1.0,0.0,1.0,0.0,0.0,0.0,0.0,1.0,1
0.47611921206407104,0.5761206474211737,-0.2073338956479329,0.28664850037712153,-0.40904820128567554,1.0,0.0,0.0,1.0,0.0,0.0,0.0,0.0,1.0,0
0.843344025976096,-0.8435709653056234,-0.6830709646169795,-0.8366513493043009,-1.2548881543164354,1.0,0.0,1.0,0.0,0.0,0.0,0.0,1.0,0.0,1
0.6597316190200835,-1.333119797280381,-0.08416124360940146,-1.0386935206783985,-0.40904820128567554,1.0,0.0,0.0,0.0,1.0,0.0,0.0,0.0,1.0,1
-0.19712628010797484,1.359398778580786,-0.6367082248047232,0.42218485902682584,-0.40904820128567554,0.0,1.0,1.0,0.0,0.0,0.0,0.0,1.0,0.0,0
1.577793653800146,0.8698499466060283,1.14825725796714,1.6084177857709647,0.4367917517450844,1.0,0.0,0.0,1.0,0.0,1.0,0.0,0.0,0.0,0
-0.38073868706398734,0.722985297013601,-0.7245898360906416,-0.019172379320667374,-0.40904820128567554,0.0,1.0,0.0,0.0,1.0,0.0,0.0,0.0,1.0,0
0.9045481616281003,0.13552669864389189,0.5282421106271168,0.40884135294817914,-1.2548881543164354,1.0,0.0,0.0,1.0,0.0,0.0,1.0,0.0,0.0,0
0.5985274833680794,-1.5778942132677598,-1.2805967232421018,-1.2908810219172715,-0.40904820128567554,1.0,0.0,1.0,0.0,0.0,1.0,0.0,0.0,0.0,1
-0.8703717722800207,-1.6268490964652356,0.6220055620384706,-1.2243540374259942,-1.2548881543164354,1.0,0.0,1.0,0.0,0.0,1.0,0.0,0.0,0.0,1
1.6389977894521501,1.359398778580786,1.4053282705082317,2.40567771838037,-1.2548881543164354,0.0,1.0,0.0,0.0,1.0,1.0,0.0,0.0,0.0,0
1.2105688398881211,-0.35402213333086574,0.3510949256728244,-0.1287627376540187,-0.40904820128567554,1.0,0.0,1.0,0.0,0.0,0.0,0.0,0.0,1.0,1
-1.5436172644520665,-1.2352100308854295,0.1825975056088783,-0.9094028332594768,-0.40904820128567554,0.0,1.0,0.0,1.0,0.0,0.0,0.0,1.0,0.0,1
-0.013513873151962338,1.0656694793959314,1.570711775211653,2.2089179028438326,2.128471657806604,0.0,1.0,0.0,0.0,1.0,1.0,0.0,0.0,0.0,0
-0.4419428227159915,-0.45193189972581727,0.41614115764822845,-0.17730959911905142,0.4367917517450844,0.0,1.0,0.0,0.0,1.0,0.0,0.0,0.0,1.0,0
-0.258330415759979,-0.7456611989106718,-0.8564122530195193,-0.851090494319195,0.4367917517450844,1.0,0.0,1.0,0.0,0.0,0.0,0.0,0.0,1.0,1
-0.992780043584029,0.13552669864389189,-0.7429273376581758,-0.34477827517156234,1.2826317047758444,0.0,1.0,0.0,0.0,1.0,0.0,0.0,0.0,1.0,0
-0.6867593653240082,0.4782108810262222,0.6856678316314194,0.8388875748378903,0.4367917517450844,0.0,1.0,0.0,0.0,1.0,0.0,1.0,0.0,0.0,1
0.23130266945605435,1.4573085449757375,0.789811000911189,1.9004876028775899,1.2826317047758444,1.0,0.0,1.0,0.0,0.0,0.0,0.0,1.0,0.0,1
-0.8091676366280165,-0.011337950948535399,-0.7045223815450382,-0.3979882182927979,0.4367917517450844,0.0,1.0,1.0,0.0,0.0,0.0,0.0,1.0,0.0,1
0.9657522972801044,1.4083536617782617,-0.5598983125784481,0.5134881037141146,-0.40904820128567554,1.0,0.0,1.0,0.0,0.0,0.0,1.0,0.0,0.0,0
0.7821398903240918,1.3104438953833102,1.6745089538958087,2.6123300419934603,-0.40904820128567554,0.0,1.0,1.0,0.0,0.0,0.0,1.0,0.0,0.0,1
0.9045481616281003,-0.060292834146011165,-1.4016934317069503,-0.8105148030859918,-1.2548881543164354,0.0,1.0,0.0,0.0,1.0,0.0,0.0,1.0,0.0,0
-1.666025535756075,-0.2561123669359142,-0.3547258893794338,-0.3708142554971724,0.4367917517450844,1.0,0.0,0.0,1.0,0.0,0.0,1.0,0.0,0.0,0
1.577793653800146,-0.4029770165283415,-1.5387057075700359,-0.978401621534462,1.2826317047758444,0.0,1.0,0.0,0.0,1.0,0.0,0.0,1.0,0.0,0
0.35371094076006265,-1.724758862860187,1.0863249413522602,-1.3045738621495044,-1.2548881543164354,0.0,1.0,0.0,1.0,0.0,1.0,0.0,0.0,0.0,1
0.7821398903240918,-0.5498416661207688,-1.4352545194814939,-0.969133680580987,0.4367917517450844,1.0,0.0,0.0,1.0,0.0,0.0,0.0,0.0,1.0,0
0.2925068051080585,0.33134623143379494,0.5773727752042839,0.6357391786441036,-0.40904820128567554,1.0,0.0,0.0,1.0,0.0,0.0,0.0,0.0,1.0,1
0.04769026250004183,1.5062634281732132,-1.5591191527112531,-0.454892634735293,0.4367917517450844,1.0,0.0,1.0,0.0,0.0,1.0,0.0,0.0,0.0,0
1.577793653800146,1.3104438953833102,0.5735668786525315,1.5435792496886873,-1.2548881543164354,0.0,1.0,0.0,0.0,1.0,0.0,0.0,1.0,0.0,0
-0.992780043584029,0.722985297013601,1.1620968817916937,1.4520748732160005,-0.40904820128567554,0.0,1.0,1.0,0.0,0.0,0.0,0.0,1.0,0.0,1
-0.992780043584029,-1.6758039796627113,-0.37479334392503716,-1.301493370067881,-0.40904820128567554,1.0,0.0,0.0,1.0,0.0,1.0,0.0,0.0,0.0,1
-0.6867593653240082,1.359398778580786,0.05181306046684216,1.0872006427369898,0.4367917517450844,1.0,0.0,1.0,0.0,0.0,0.0,0.0,1.0,0.0,1
0.17009853380405018,1.6041731945681648,-0.3654515978434633,0.8281481960859769,1.2826317047758444,1.0,0.0,0.0,0.0,1.0,0.0,1.0,0.0,0.0,0
0.17009853380405018,-1.333119797280381,-0.714902099413454,-1.1320451338117152,-1.2548881543164354,1.0,0.0,0.0,0.0,1.0,0.0,0.0,0.0,1.0,0
0.35371094076006265,-1.6758039796627113,1.0247386153329945,-1.2568050631174592,-1.2548881543164354,1.0,0.0,1.0,0.0,0.0,0.0,0.0,1.0,0.0,1
0.5985274833680794,-0.10924771734348693,-0.8135094191634016,-0.5079226178380145,-0.40904820128567554,0.0,1.0,0.0,1.0,0.0,1.0,0.0,0.0,0.0,0
1.0269564329321086,1.163579245790883,0.7465621764594575,1.5642958235846902,1.2826317047758444,0.0,1.0,0.0,1.0,0.0,0.0,0.0,1.0,0.0,0
1.3941812468441335,1.2125341289883587,-1.0411712310773165,-0.04519248082111433,-0.40904820128567554,1.0,0.0,1.0,0.0,0.0,0.0,0.0,1.0,0.0,0
-0.013513873151962338,-0.2561123669359142,-0.889973340794063,-0.6210486612409956,-1.2548881543164354,0.0,1.0,1.0,0.0,0.0,0.0,0.0,0.0,1.0,0
1.2105688398881211,-1.2841649140829052,-0.5903454849924672,-1.0690273696814625,-0.40904820128567554,0.0,1.0,0.0,1.0,0.0,0.0,1.0,0.0,0.0,0
-0.013513873151962338,-0.011337950948535399,0.2839727501237372,0.13836144512152249,2.128471657806604,1.0,0.0,1.0,0.0,0.0,0.0,0.0,0.0,1.0,1
1.4553853824961378,0.6250755306186495,-0.18242257276373558,0.3275311822301427,-0.40904820128567554,1.0,0.0,1.0,0.0,0.0,0.0,0.0,1.0,0.0,0
0.9045481616281003,1.6531280777656405,0.8233720886857328,2.1436400525987116,-0.40904820128567554,0.0,1.0,1.0,0.0,0.0,0.0,0.0,0.0,1.0,0
1.7002019251041545,0.6250755306186495,-1.0155679270018914,-0.2870111092285438,-0.40904820128567554,0.0,1.0,1.0,0.0,0.0,0.0,0.0,1.0,0.0,0
-0.8091676366280165,-1.6268490964652356,-1.7175828455023971,-1.3266560150095257,1.2826317047758444,0.0,1.0,1.0,0.0,0.0,0.0,0.0,1.0,0.0,1
1.6389977894521501,-1.528939330070284,0.9323591263040958,-1.108274532542694,-0.40904820128567554,1.0,0.0,1.0,0.0,0.0,0.0,1.0,0.0,0.0,1
0.9045481616281003,1.2125341289883587,1.0880548943303292,1.9413544059054482,1.2826317047758444,1.0,0.0,1.0,0.0,0.0,0.0,1.0,0.0,0.0,1
1.0881605685841127,-0.500886782923293,-1.5487394348428374,-1.0074175280489963,3.8201515638681243,0.0,1.0,1.0,0.0,0.0,0.0,0.0,1.0,0.0,1
1.7002019251041545,-1.528939330070284,0.35905270937194317,-1.1455103775499447,-0.40904820128567554,0.0,1.0,0.0,1.0,0.0,0.0,0.0,0.0,1.0,0
-1.1763924505400416,-1.0393904980955264,-0.44606740662149075,-0.9045597915847596,2.128471657806604,1.0,0.0,0.0,0.0,1.0,0.0,1.0,0.0,0.0,1
0.04769026250004183,-0.9904356148980507,0.9922154993452924,-0.5176034082457276,-1.2548881543164354,0.0,1.0,1.0,0.0,0.0,0.0,0.0,1.0,0.0,1
-0.258330415759979,-1.724758862860187,1.2707379288144431,-1.310639573361773,-1.2548881543164354,1.0,0.0,0.0,0.0,1.0,0.0,0.0,1.0,0.0,1
0.5985274833680794,-0.9904356148980507,1.1897761294408018,-0.4684743231913848,-0.40904820128567554,1.0,0.0,1.0,0.0,0.0,0.0,1.0,0.0,0.0,1
-0.5643510940199998,0.03761693224894037,0.934435069877779,0.5560380622092516,-1.2548881543164354,0.0,1.0,0.0,1.0,0.0,1.0,0.0,0.0,0.0,0
-1.4824131288000624,-1.6268490964652356,-0.8235431464362035,-1.2860803237763225,-0.40904820128567554,1.0,0.0,1.0,0.0,0.0,0.0,0.0,1.0,0.0,1
-1.727229671408079,0.7719401802110768,1.0544938065557856,1.4326021406244331,-1.2548881543164354,0.0,1.0,0.0,1.0,0.0,0.0,0.0,0.0,1.0,0
0.04769026250004183,0.527165764223698,0.09125598836682132,0.46462895868754284,-1.2548881543164354,0.0,1.0,0.0,1.0,0.0,0.0,0.0,1.0,0.0,0
1.2105688398881211,-1.137300264490478,-1.5719208047489655,-1.1823704236950046,-0.40904820128567554,1.0,0.0,1.0,0.0,0.0,0.0,0.0,0.0,1.0,1
-1.6048214001040708,0.9188048298035041,-0.17377280787338928,0.5516184558722147,-0.40904820128567554,0.0,1.0,1.0,0.0,0.0,1.0,0.0,0.0,0.0,1
0.9657522972801044,-0.7456611989106718,1.5053195526406349,-0.0872184380858722,2.9743116108373644,1.0,0.0,0.0,0.0,1.0,0.0,0.0,0.0,1.0,1
-0.9315759079320248,1.4573085449757375,1.3174466592223135,2.431110303349786,0.4367917517450844,1.0,0.0,1.0,0.0,0.0,1.0,0.0,0.0,0.0,0
1.6389977894521501,0.8698499466060283,-1.4006554599201086,-0.4969768143589819,0.4367917517450844,0.0,1.0,1.0,0.0,0.0,0.0,0.0,1.0,0.0,0
0.04769026250004183,-0.45193189972581727,0.8199121827295939,-0.01793912389967365,2.128471657806604,0.0,1.0,1.0,0.0,0.0,0.0,0.0,1.0,0.0,1
1.2717729755401253,0.08657181544641612,1.0333883802233408,0.6625426355192588,-0.40904820128567554,0.0,1.0,1.0,0.0,0.0,0.0,0.0,1.0,0.0,1
-1.5436172644520665,1.0656694793959314,-0.8155853627370848,0.0880043975879072,-0.40904820128567554,0.0,1.0,1.0,0.0,0.0,0.0,1.0,0.0,0.0,1
-0.6867593653240082,1.2614890121858344,-0.12291219031815305,0.8470281192047919,-0.40904820128567554,0.0,1.0,1.0,0.0,0.0,1.0,0.0,0.0,0.0,0
0.47611921206407104,0.4782108810262222,0.7053892955814088,0.8594718251908683,-0.40904820128567554,0.0,1.0,1.0,0.0,0.0,0.0,0.0,1.0,0.0,1
-0.258330415759979,-1.2352100308854295,-0.23570512448826875,-0.9909247216463534,0.4367917517450844,0.0,1.0,1.0,0.0,0.0,0.0,0.0,0.0,1.0,1
1.1493647042361168,-1.3820746804778568,-1.3643264473806542,-1.232722178286899,-0.40904820128567554,1.0,0.0,0.0,1.0,0.0,0.0,1.0,0.0,0.0,1
-1.727229671408079,1.7020829609631163,0.6877437752051027,2.030778656281781,1.2826317047758444,1.0,0.0,0.0,1.0,0.0,0.0,0.0,0.0,1.0,0
1.4553853824961378,1.359398778580786,1.3994464303827963,2.4047091100454265,-0.40904820128567554,1.0,0.0,0.0,0.0,1.0,0.0,0.0,1.0,0.0,0
1.0269564329321086,-0.7456611989106718,0.5029847971473055,-0.4075896145746959,-1.2548881543164354,0.0,1.0,0.0,0.0,1.0,0.0,0.0,1.0,0.0,0
-0.8703717722800207,1.3104438953833102,0.922671389626908,1.886577752034796,-0.40904820128567554,0.0,1.0,0.0,0.0,1.0,0.0,0.0,1.0,0.0,0
-1.2375965861920457,1.359398778580786,-0.5145735445530334,0.5299385665829894,0.4367917517450844,1.0,0.0,0.0,1.0,0.0,0.0,1.0,0.0,0.0,0
-0.8703717722800207,-0.7946160821081476,-1.1207490680685024,-0.954773929691908,1.2826317047758444,0.0,1.0,0.0,1.0,0.0,0.0,0.0,0.0,1.0,1
1.2105688398881211,-1.3820746804778568,0.4694237093727619,-1.0063642326465168,0.4367917517450844,0.0,1.0,1.0,0.0,0.0,1.0,0.0,0.0,0.0,1
1.7002019251041545,1.0656694793959314,-0.6204466668108722,0.2601467411800632,-0.40904820128567554,1.0,0.0,0.0,1.0,0.0,0.0,1.0,0.0,0.0,0
-0.31953455141198317,0.4782108810262222,1.2212612736416626,1.2177563432272311,-0.40904820128567554,1.0,0.0,1.0,0.0,0.0,0.0,1.0,0.0,0.0,0
-1.5436172644520665,-0.2561123669359142,-1.3304193690104968,-0.8366142987122538,2.128471657806604,1.0,0.0,0.0,0.0,1.0,0.0,0.0,1.0,0.0,0
-1.0539841792360332,-1.333119797280381,-0.2547346072470305,-1.0598017722617554,2.128471657806604,0.0,1.0,1.0,0.0,0.0,0.0,0.0,1.0,0.0,1
0.47611921206407104,-1.0393904980955264,-0.3820591464329281,-0.8879505404642547,0.4367917517450844,1.0,0.0,0.0,1.0,0.0,0.0,0.0,0.0,1.0,1
0.47611921206407104,-0.500886782923293,1.4911339382204671,0.21495560476614597,0.4367917517450844,1.0,0.0,1.0,0.0,0.0,0.0,0.0,1.0,0.0,1
0.843344025976096,-1.2841649140829052,-1.2248922373482718,-1.178554212714162,-0.40904820128567554,1.0,0.0,1.0,0.0,0.0,1.0,0.0,0.0,0.0,1
-1.4212089931480583,-0.35402213333086574,-1.7206967608629218,-1.039990291400044,-1.2548881543164354,1.0,0.0,1.0,0.0,0.0,0.0,1.0,0.0,0.0,1
0.5985274833680794,-0.011337950948535399,-0.9308002310764975,-0.527760563408331,0.4367917517450844,1.0,0.0,1.0,0.0,0.0,1.0,0.0,0.0,0.0,0
1.6389977894521501,0.03761693224894037,1.0835570165873494,0.634590610290646,0.4367917517450844,1.0,0.0,1.0,0.0,0.0,0.0,0.0,1.0,0.0,1
1.0269564329321086,1.7020829609631163,-1.030445522613287,0.17967814819566597,1.2826317047758444,0.0,1.0,1.0,0.0,0.0,0.0,0.0,1.0,0.0,0
-0.31953455141198317,-0.6477514325157203,-0.9211124943993095,-0.8125949291823457,-0.40904820128567554,1.0,0.0,1.0,0.0,0.0,0.0,0.0,0.0,1.0,1
-1.1151883148880375,0.2334364650388434,-1.3051620555306855,-0.6469629039070224,-1.2548881543164354,1.0,0.0,1.0,0.0,0.0,0.0,1.0,0.0,0.0,0
-0.992780043584029,-0.4029770165283415,0.7206128817884186,-0.0018062375340587983,-0.40904820128567554,1.0,0.0,0.0,0.0,1.0,0.0,0.0,1.0,0.0,0
0.2925068051080585,0.5761206474211737,-1.5151783470682938,-0.6873692210051536,-1.2548881543164354,0.0,1.0,1.0,0.0,0.0,0.0,0.0,1.0,0.0,0
-0.258330415759979,0.08657181544641612,-0.6086829865600013,-0.2948552488590692,0.4367917517450844,0.0,1.0,1.0,0.0,0.0,0.0,0.0,1.0,0.0,1
-1.3600048574960542,-0.2561123669359142,-0.7771804066239473,-0.5612595915605542,-0.40904820128567554,1.0,0.0,0.0,0.0,1.0,0.0,1.0,0.0,0.0,0
1.3941812468441335,-1.0883453812930022,0.1663359476150273,-0.8018608433721531,-0.40904820128567554,1.0,0.0,0.0,1.0,0.0,1.0,0.0,0.0,0.0,0
-1.5436172644520665,-0.35402213333086574,0.7725114711304965,0.06959554628226128,0.4367917517450844,1.0,0.0,1.0,0.0,0.0,0.0,1.0,0.0,0.0,1
-1.2988007218440498,0.722985297013601,0.08918004479313862,0.6139110869866902,2.128471657806604,1.0,0.0,1.0,0.0,0.0,1.0,0.0,0.0,0.0,1
-0.5643510940199998,0.6250755306186495,1.4665686059318834,1.5734790774706289,0.4367917517450844,1.0,0.0,0.0,0.0,1.0,0.0,0.0,0.0,1.0,0
-0.013513873151962338,0.33134623143379494,1.5371506874371095,1.2680075319264268,-0.40904820128567554,1.0,0.0,1.0,0.0,0.0,0.0,0.0,1.0,0.0,1
1.516589518148142,-1.528939330070284,-0.5038478360890042,-1.2187223474348479,1.2826317047758444,1.0,0.0,1.0,0.0,0.0,0.0,0.0,1.0,0.0,1
1.4553853824961378,0.2823913482363192,0.9361650228558482,0.8238556203502442,2.9743116108373644,1.0,0.0,0.0,1.0,0.0,0.0,0.0,0.0,1.0,0
1.3329771111921294,-1.4310295636753325,0.8015746811620597,-1.0215338036189092,0.4367917517450844,1.0,0.0,1.0,0.0,0.0,0.0,1.0,0.0,0.0,1
0.9657522972801044,0.2823913482363192,1.3350921795986197,1.0660235829112596,2.9743116108373644,0.0,1.0,0.0,0.0,1.0,0.0,0.0,1.0,0.0,1
1.0269564329321086,-0.011337950948535399,-0.20491196147863566,-0.13105987436093375,-0.40904820128567554,0.0,1.0,1.0,0.0,0.0,0.0,0.0,1.0,0.0,0
-1.1763924505400416,-0.45193189972581727,0.08087627049840586,-0.3186681936618582,-0.40904820128567554,1.0,0.0,0.0,1.0,0.0,0.0,0.0,0.0,1.0,0
0.843344025976096,1.0656694793959314,-0.31597494267068243,0.5247726554632914,0.4367917517450844,0.0,1.0,0.0,1.0,0.0,0.0,0.0,1.0,0.0,0
0.2925068051080585,0.4782108810262222,1.187700185867119,1.1913869075731982,-0.40904820128567554,0.0,1.0,1.0,0.0,0.0,1.0,0.0,0.0,0.0,1
1.7002019251041545,1.4573085449757375,-0.9598634411080612,0.13362426228122556,-1.2548881543164354,0.0,1.0,0.0,0.0,1.0,0.0,0.0,1.0,0.0,0
-0.19712628010797484,-0.5498416661207688,-0.925264381546676,-0.7759466007061261,-0.40904820128567554,0.0,1.0,0.0,0.0,1.0,0.0,0.0,1.0,0.0,0
0.7209357546720877,-0.45193189972581727,-0.4654428799758666,-0.5441422180348328,-0.40904820128567554,0.0,1.0,1.0,0.0,0.0,0.0,0.0,0.0,1.0,1
1.2105688398881211,-1.724758862860187,-0.957787497534378,-1.3410528164906517,-0.40904820128567554,0.0,1.0,0.0,0.0,1.0,0.0,0.0,0.0,1.0,1
-1.6048214001040708,0.2823913482363192,0.18640340216063064,0.33204076857643666,0.4367917517450844,1.0,0.0,1.0,0.0,0.0,0.0,0.0,0.0,1.0,1
1.6389977894521501,0.7719401802110768,-1.2892464881324481,-0.44844053877739126,1.2826317047758444,1.0,0.0,0.0,0.0,1.0,0.0,0.0,1.0,0.0,0
-1.4212089931480583,-0.5498416661207688,-0.6467419520775249,-0.6712151628726548,-0.40904820128567554,0.0,1.0,1.0,0.0,0.0,0.0,1.0,0.0,0.0,1
-1.4824131288000624,0.8698499466060283,1.4056742611038457,1.8206276981911078,2.9743116108373644,0.0,1.0,1.0,0.0,0.0,0.0,0.0,1.0,0.0,1
-1.4824131288000624,1.5062634281732132,-0.3388103219811966,0.7988729354271137,-0.40904820128567554,1.0,0.0,1.0,0.0,0.0,0.0,0.0,1.0,0.0,0
1.516589518148142,-1.4799844468728083,0.8340977971497617,-1.0573087967111634,0.4367917517450844,0.0,1.0,1.0,0.0,0.0,1.0,0.0,0.0,0.0,1
1.0881605685841127,1.0656694793959314,-1.3619045132113572,-0.39006468453645754,1.2826317047758444,1.0,0.0,1.0,0.0,0.0,0.0,0.0,1.0,0.0,1
-0.38073868706398734,1.6531280777656405,-0.8979311244931817,0.2989122463446835,0.4367917517450844,1.0,0.0,0.0,0.0,1.0,0.0,0.0,0.0,1.0,0
1.2105688398881211,0.8208950634085526,1.0385782391575487,1.463497041449923,1.2826317047758444,1.0,0.0,0.0,0.0,1.0,0.0,1.0,0.0,0.0,0
-1.2375965861920457,1.4573085449757375,0.8853044053006119,1.9966444751230377,-0.40904820128567554,0.0,1.0,1.0,0.0,0.0,1.0,0.0,0.0,0.0,1
0.35371094076006265,1.0656694793959314,-0.4183881589723827,0.4257417158633395,1.2826317047758444,1.0,0.0,1.0,0.0,0.0,1.0,0.0,0.0,0.0,0
-0.5643510940199998,-1.6758039796627113,1.547530405305525,-1.2383009388608353,0.4367917517450844,0.0,1.0,0.0,0.0,1.0,0.0,0.0,0.0,1.0,1
1.2105688398881211,-0.6967063157131961,1.3959865244266578,-0.07461594384816589,-0.40904820128567554,1.0,0.0,1.0,0.0,0.0,0.0,0.0,1.0,0.0,1
0.7821398903240918,0.03761693224894037,1.5748636623590195,0.901608934231767,-1.2548881543164354,1.0,0.0,1.0,0.0,0.0,0.0,0.0,0.0,1.0,0
0.35371094076006265,-0.7946160821081476,-0.27411008060140635,-0.6983520750762333,-1.2548881543164354,0.0,1.0,1.0,0.0,0.0,0.0,0.0,1.0,0.0,1
1.2717729755401253,-0.5987965493182446,-1.0712724128957216,-0.8549702206006897,0.4367917517450844,0.0,1.0,1.0,0.0,0.0,0.0,1.0,0.0,0.0,0
-0.6867593653240082,1.4083536617782617,0.4137192234789317,1.4869447732739631,-0.40904820128567554,0.0,1.0,1.0,0.0,0.0,0.0,0.0,1.0,0.0,0
-0.7479635009760124,1.4083536617782617,0.6147397595305799,1.688510579893171,0.4367917517450844,1.0,0.0,0.0,1.0,0.0,0.0,0.0,0.0,1.0,0
-0.31953455141198317,-1.724758862860187,-1.320731632333309,-1.3393220245478838,-1.2548881543164354,0.0,1.0,0.0,1.0,0.0,0.0,1.0,0.0,0.0,0
-1.6048214001040708,-1.6268490964652356,0.9666121952698675,-1.1997577372484969,0.4367917517450844,1.0,0.0,1.0,0.0,0.0,1.0,0.0,0.0,0.0,1
0.17009853380405018,0.4782108810262222,-1.691979541426972,-0.8379322412007835,1.2826317047758444,0.0,1.0,0.0,0.0,1.0,0.0,1.0,0.0,0.0,0
0.35371094076006265,0.9188048298035041,-0.08450723420501549,0.625444406996754,2.128471657806604,1.0,0.0,0.0,1.0,0.0,1.0,0.0,0.0,0.0,0
0.5373233477160752,1.359398778580786,-0.6093749677512289,0.44064134680796063,-0.40904820128567554,1.0,0.0,1.0,0.0,0.0,0.0,0.0,1.0,0.0,0
-0.992780043584029,0.42925599782874646,0.8067645400962676,0.8786904965798277,-1.2548881543164354,1.0,0.0,1.0,0.0,0.0,0.0,1.0,0.0,0.0,0
1.6389977894521501,-0.500886782923293,-0.67234525615295,-0.6563049460445914,0.4367917517450844,1.0,0.0,1.0,0.0,0.0,0.0,0.0,1.0,0.0,1
1.0881605685841127,1.4083536617782617,1.1060464053022498,2.1715814919438823,0.4367917517450844,0.0,1.0,1.0,0.0,0.0,0.0,0.0,1.0,0.0,0
-0.258330415759979,-0.5987965493182446,0.30404020466934056,-0.34998652982502854,-1.2548881543164354,0.0,1.0,1.0,0.0,0.0,1.0,0.0,0.0,0.0,1
-1.2375965861920457,-0.060292834146011165,0.9922154993452924,0.4796397414083053,0.4367917517450844,1.0,0.0,1.0,0.0,0.0,1.0,0.0,0.0,0.0,1
-1.5436172644520665,-0.5987965493182446,1.6682811231747596,0.14511523875752147,0.4367917517450844,0.0,1.0,1.0,0.0,0.0,0.0,1.0,0.0,0.0,1
-0.9315759079320248,-0.4029770165283415,0.5953642861762041,-0.06720053249704162,0.4367917517450844,0.0,1.0,0.0,1.0,0.0,0.0,1.0,0.0,0.0,1
0.47611921206407104,-0.9904356148980507,1.6534035275633636,-0.3587198836646822,-1.2548881543164354,0.0,1.0,0.0,1.0,0.0,0.0,1.0,0.0,0.0,1
0.2925068051080585,1.1146243625934071,-1.6549585476962902,-0.6463753873759912,0.4367917517450844,0.0,1.0,1.0,0.0,0.0,0.0,0.0,1.0,0.0,0
-1.1151883148880375,0.8698499466060283,-0.5848096354626454,0.17705814204376996,0.4367917517450844,0.0,1.0,0.0,1.0,0.0,1.0,0.0,0.0,0.0,0
0.7209357546720877,-0.9904356148980507,-1.381279986565733,-1.0953862194520536,2.128471657806604,1.0,0.0,0.0,0.0,1.0,1.0,0.0,0.0,0.0,0
1.6389977894521501,-1.0393904980955264,-0.8470705069379455,-0.9881565131262692,1.2826317047758444,0.0,1.0,0.0,1.0,0.0,0.0,1.0,0.0,0.0,1
-1.6048214001040708,-1.2352100308854295,1.147911267371526,-0.7568602528601921,0.4367917517450844,1.0,0.0,1.0,0.0,0.0,0.0,0.0,0.0,1.0,1
-0.0747180088039665,1.4083536617782617,-1.642848876849805,-0.5624875540398266,-0.40904820128567554,0.0,1.0,1.0,0.0,0.0,0.0,0.0,1.0,0.0,0
-0.013513873151962338,1.555218311370689,0.04523923915017905,1.2339950884272661,-0.40904820128567554,1.0,0.0,0.0,0.0,1.0,0.0,1.0,0.0,0.0,0
-1.2375965861920457,0.33134623143379494,0.20750882849307561,0.38697091775699805,0.4367917517450844,0.0,1.0,1.0,0.0,0.0,0.0,0.0,1.0,0.0,0
-1.6048214001040708,1.6041731945681648,0.1870953833518587,1.4164745472005396,-0.40904820128567554,1.0,0.0,1.0,0.0,0.0,0.0,0.0,0.0,1.0,0
-0.258330415759979,-1.137300264490478,-0.11011053828044036,-0.8930317645164167,-0.40904820128567554,1.0,0.0,0.0,1.0,0.0,0.0,0.0,0.0,1.0,0
0.2925068051080585,-1.2841649140829052,0.9807978096900353,-0.8376358364644074,-0.40904820128567554,0.0,1.0,0.0,1.0,0.0,0.0,0.0,0.0,1.0,0
-1.0539841792360332,0.2334364650388434,-1.2927063940885868,-0.6381131053495067,-0.40904820128567554,1.0,0.0,0.0,1.0,0.0,1.0,0.0,0.0,0.0,0
0.7821398903240918,0.6740304138161253,-0.6799570492564547,-0.007596715776835282,1.2826317047758444,1.0,0.0,1.0,0.0,0.0,0.0,0.0,0.0,1.0,0
-1.2375965861920457,1.7020829609631163,0.3756602579614077,1.7026162695796419,-0.40904820128567554,1.0,0.0,1.0,0.0,0.0,1.0,0.0,0.0,0.0,0
-0.8703717722800207,1.1146243625934071,0.6361911764586383,1.421767488921542,0.4367917517450844,1.0,0.0,0.0,0.0,1.0,0.0,0.0,1.0,0.0,0
0.6597316190200835,0.13552669864389189,-0.3564558423575032,-0.11259280069635698,-1.2548881543164354,0.0,1.0,1.0,0.0,0.0,0.0,0.0,1.0,0.0,0
-0.258330415759979,-1.6268490964652356,1.274197834770582,-1.18609665466659,-0.40904820128567554,1.0,0.0,1.0,0.0,0.0,0.0,0.0,1.0,0.0,1
-1.4824131288000624,-1.4310295636753325,-0.31701291445752405,-1.129176359398932,-0.40904820128567554,0.0,1.0,1.0,0.0,0.0,1.0,0.0,0.0,0.0,1
-1.1151883148880375,0.6250755306186495,-0.36095372010048316,0.20361812359975914,0.4367917517450844,0.0,1.0,0.0,0.0,1.0,0.0,0.0,1.0,0.0,0
0.2925068051080585,-0.500886782923293,-1.6293552436208647,-1.0499410218355283,-0.40904820128567554,1.0,0.0,0.0,1.0,0.0,1.0,0.0,0.0,0.0,0
-0.31953455141198317,-0.1582026005409627,0.15215033319485946,-0.04797127522464051,0.4367917517450844,0.0,1.0,0.0,0.0,1.0,1.0,0.0,0.0,0.0,1
-0.8703717722800207,0.5761206474211737,0.6974315118822906,0.9495788650492104,-0.40904820128567554,1.0,0.0,1.0,0.0,0.0,1.0,0.0,0.0,0.0,0
0.5373233477160752,-1.6758039796627113,-1.3587905978508328,-1.324718798339639,0.4367917517450844,1.0,0.0,1.0,0.0,0.0,1.0,0.0,0.0,0.0,1
-1.2988007218440498,1.7020829609631163,-0.6979485602283751,0.533045523373218,0.4367917517450844,1.0,0.0,1.0,0.0,0.0,0.0,0.0,0.0,1.0,0
-1.4824131288000624,-0.20715748373843845,0.9486206842979469,0.2896548912746507,1.2826317047758444,1.0,0.0,0.0,0.0,1.0,0.0,0.0,0.0,1.0,1
1.1493647042361168,-1.5778942132677598,-0.4886242498819945,-1.2371047340318886,1.2826317047758444,0.0,1.0,1.0,0.0,0.0,0.0,0.0,0.0,1.0,1
-0.19712628010797484,-0.7946160821081476,-0.9186905602300128,-0.9001931146649328,1.2826317047758444,0.0,1.0,1.0,0.0,0.0,0.0,0.0,1.0,0.0,1
-0.6867593653240082,-0.011337950948535399,0.5711449444832343,0.30722745778837807,-0.40904820128567554,0.0,1.0,0.0,1.0,0.0,0.0,1.0,0.0,0.0,0
-1.4212089931480583,-0.20715748373843845,-1.0736943470650184,-0.6921699191461026,-0.40904820128567554,0.0,1.0,1.0,0.0,0.0,0.0,1.0,0.0,0.0,0
0.47611921206407104,-0.4029770165283415,1.3444339256801936,0.25723562323351196,0.4367917517450844,0.0,1.0,1.0,0.0,0.0,0.0,0.0,1.0,0.0,1
1.1493647042361168,-1.724758862860187,-1.3892377702648515,-1.3431541143538896,-0.40904820128567554,0.0,1.0,0.0,0.0,1.0,0.0,0.0,0.0,1.0,0
-0.992780043584029,1.163579245790883,0.6898197187787858,1.5209095802976347,1.2826317047758444,1.0,0.0,1.0,0.0,0.0,0.0,1.0,0.0,0.0,1
-0.0747180088039665,0.9677597130009798,-0.026380814141888097,0.7151174256339741,-1.2548881543164354,1.0,0.0,1.0,0.0,0.0,0.0,0.0,1.0,0.0,0
-1.4824131288000624,-0.060292834146011165,1.2551683520118198,0.6234966044434253,0.4367917517450844,0.0,1.0,1.0,0.0,0.0,1.0,0.0,0.0,0.0,1
-0.992780043584029,-0.30506725013339,-1.317963707568398,-0.8469619997768133,1.2826317047758444,1.0,0.0,1.0,0.0,0.0,0.0,0.0,1.0,0.0,1
-0.7479635009760124,0.8698499466060283,0.5908664084332241,1.1399395140450563,-0.40904820128567554,0.0,1.0,1.0,0.0,0.0,0.0,0.0,0.0,1.0,0
1.2717729755401253,-0.011337950948535399,0.22480835827376822,0.10795878787608557,-1.2548881543164354,0.0,1.0,0.0,1.0,0.0,0.0,1.0,0.0,0.0,0
0.6597316190200835,0.9188048298035041,-0.09350298969097533,0.6126037303816027,-0.40904820128567554,1.0,0.0,1.0,0.0,0.0,0.0,0.0,0.0,1.0,0
0.9657522972801044,1.0656694793959314,-0.0544060523866102,0.7636431153321226,-0.40904820128567554,1.0,0.0,0.0,0.0,1.0,1.0,0.0,0.0,0.0,0
0.17009853380405018,1.4083536617782617,0.7434482610989328,1.8155041306051776,0.4367917517450844,1.0,0.0,1.0,0.0,0.0,0.0,1.0,0.0,0.0,0
-0.013513873151962338,1.6041731945681648,1.4897499758380115,2.7947618642912446,0.4367917517450844,0.0,1.0,1.0,0.0,0.0,1.0,0.0,0.0,0.0,0
1.3329771111921294,0.722985297013601,-1.4387144254376325,-0.574851865900088,-0.40904820128567554,1.0,0.0,1.0,0.0,0.0,1.0,0.0,0.0,0.0,0
-1.6048214001040708,-0.6967063157131961,-1.6871356730883782,-1.1072265300819355,1.2826317047758444,1.0,0.0,0.0,1.0,0.0,0.0,0.0,0.0,1.0,0
1.6389977894521501,0.8208950634085526,1.0330423896277268,1.4652542981012964,-1.2548881543164354,1.0,0.0,1.0,0.0,0.0,1.0,0.0,0.0,0.0,1
0.6597316190200835,-0.011337950948535399,-1.3802420147788914,-0.7836054873764163,-0.40904820128567554,1.0,0.0,0.0,0.0,1.0,0.0,1.0,0.0,0.0,0
0.2925068051080585,1.555218311370689,1.6592853676887993,2.903605917841935,0.4367917517450844,1.0,0.0,0.0,1.0,0.0,0.0,1.0,0.0,0.0,0
0.6597316190200835,-0.011337950948535399,0.38811591940350687,0.20963090539481774,-0.40904820128567554,1.0,0.0,0.0,0.0,1.0,1.0,0.0,0.0,0.0,1
-0.13592214445597067,0.7719401802110768,0.497448947617484,0.97413282169294,-0.40904820128567554,1.0,0.0,0.0,1.0,0.0,1.0,0.0,0.0,0.0,0
-0.992780043584029,0.8208950634085526,-1.0664285445571275,-0.23935346197263963,-0.40904820128567554,1.0,0.0,1.0,0.0,0.0,0.0,0.0,1.0,0.0,0
0.9657522972801044,0.6740304138161253,-0.9231884379729928,-0.19203985592860062,0.4367917517450844,1.0,0.0,0.0,0.0,1.0,0.0,1.0,0.0,0.0,0
0.23130266945605435,0.2334364650388434,0.5268581482446613,0.49361310755175125,0.4367917517450844,0.0,1.0,0.0,0.0,1.0,1.0,0.0,0.0,0.0,1
-1.4212089931480583,-0.8925258485030991,1.392872609066133,-0.313115897796527,-1.2548881543164354,1.0,0.0,0.0,0.0,1.0,1.0,0.0,0.0,0.0,0
-0.31953455141198317,-0.6967063157131961,1.6444077720774033,0.022356041422316255,0.4367917517450844,0.0,1.0,1.0,0.0,0.0,0.0,0.0,1.0,0.0,1
-0.625555229672004,1.4573085449757375,-1.0695424599176524,0.02401802512271113,-1.2548881543164354,0.0,1.0,0.0,1.0,0.0,0.0,1.0,0.0,0.0,0
-0.8091676366280165,-0.7456611989106718,-1.2906304505149038,-0.994830912636453,-1.2548881543164354,1.0,0.0,1.0,0.0,0.0,0.0,0.0,1.0,0.0,0
0.6597316190200835,0.3803011146312707,-1.5594651433068667,-0.7668109832956762,1.2826317047758444,1.0,0.0,1.0,0.0,0.0,0.0,0.0,1.0,0.0,0
-0.0747180088039665,0.527165764223698,1.2496325024819983,1.2912753037319527,-0.40904820128567554,1.0,0.0,0.0,1.0,0.0,1.0,0.0,0.0,0.0,0
0.23130266945605435,0.13552669864389189,-0.7349695539590573,-0.33721466145225015,0.4367917517450844,0.0,1.0,0.0,0.0,1.0,1.0,0.0,0.0,0.0,0
1.1493647042361168,-0.35402213333086574,-1.7483760085120301,-1.0576845955733545,0.4367917517450844,1.0,0.0,0.0,1.0,0.0,0.0,0.0,1.0,0.0,0
0.7209357546720877,0.8698499466060283,-0.9802768862492783,-0.16028749854430804,0.4367917517450844,0.0,1.0,0.0,0.0,1.0,1.0,0.0,0.0,0.0,0
-0.992780043584029,-0.9414807317005749,-0.5768518517635269,-0.8688112632011106,0.4367917517450844,1.0,0.0,1.0,0.0,0.0,0.0,0.0,0.0,1.0,1
0.843344025976096,1.163579245790883,1.6741629633001947,2.415157377002685,-0.40904820128567554,1.0,0.0,1.0,0.0,0.0,0.0,0.0,1.0,0.0,1
0.9657522972801044,-0.2561123669359142,0.05665692880543611,-0.17803473213482868,0.4367917517450844,1.0,0.0,0.0,1.0,0.0,0.0,0.0,1.0,0.0,0
-0.258330415759979,0.6250755306186495,-1.046361090011524,-0.3071825101272834,-1.2548881543164354,1.0,0.0,1.0,0.0,0.0,0.0,1.0,0.0,0.0,0
1.4553853824961378,-1.6758039796627113,-0.5962273251179027,-1.3041980632873131,1.2826317047758444,1.0,0.0,0.0,0.0,1.0,0.0,0.0,1.0,0.0,1
0.7821398903240918,0.5761206474211737,-0.6117969019205259,-0.008009565231073563,-0.40904820128567554,1.0,0.0,1.0,0.0,0.0,0.0,0.0,1.0,0.0,0
0.4149150764120669,-1.0883453812930022,-1.6864436918971506,-1.1939090366467895,0.4367917517450844,0.0,1.0,1.0,0.0,0.0,1.0,0.0,0.0,0.0,1
-0.13592214445597067,1.1146243625934071,-1.2868245539631513,-0.3168050781760654,0.4367917517450844,0.0,1.0,1.0,0.0,0.0,0.0,0.0,0.0,1.0,0
0.5373233477160752,1.0656694793959314,0.6507227814744202,1.3924075411951424,-0.40904820128567554,1.0,0.0,1.0,0.0,0.0,1.0,0.0,0.0,0.0,0
-1.3600048574960542,1.0656694793959314,-1.3383771527096153,-0.37700170436902397,-0.40904820128567554,1.0,0.0,0.0,0.0,1.0,0.0,1.0,0.0,0.0,0
-1.4824131288000624,0.722985297013601,-0.9564035351519226,-0.2017153533945926,1.2826317047758444,0.0,1.0,1.0,0.0,0.0,0.0,1.0,0.0,0.0,0
0.843344025976096,-1.6758039796627113,-0.5412148204153001,-1.301350460641414,-1.2548881543164354,1.0,0.0,1.0,0.0,0.0,0.0,0.0,1.0,0.0,1
0.9657522972801044,0.2334364650388434,0.8669669037330777,0.710200282775163,2.128471657806604,0.0,1.0,0.0,0.0,1.0,0.0,0.0,0.0,1.0,0
1.7002019251041545,-0.9904356148980507,0.26044538962199504,-0.6941759440583625,-0.40904820128567554,1.0,0.0,1.0,0.0,0.0,1.0,0.0,0.0,0.0,0
1.3329771111921294,-1.5778942132677598,0.6292713645463617,-1.169238635285198,0.4367917517450844,1.0,0.0,0.0,0.0,1.0,0.0,0.0,1.0,0.0,1
0.108894398152046,-1.1862551476879537,0.20716283789746207,-0.8733843648480565,0.4367917517450844,1.0,0.0,1.0,0.0,0.0,0.0,0.0,1.0,0.0,1
-0.38073868706398734,-0.35402213333086574,0.6105878723832134,-0.015049177720006404,1.2826317047758444,1.0,0.0,1.0,0.0,0.0,0.0,0.0,0.0,1.0,1
0.7821398903240918,-1.4310295636753325,-1.7449161025558915,-1.2799352184382389,-1.2548881543164354,0.0,1.0,0.0,0.0,1.0,0.0,0.0,1.0,0.0,0
-1.1763924505400416,-1.0883453812930022,1.4662226153362699,-0.5208585674041439,-1.2548881543164354,0.0,1.0,0.0,0.0,1.0,0.0,1.0,0.0,0.0,0
0.17009853380405018,-1.1862551476879537,-1.3709002686973173,-1.1638345417880547,-0.40904820128567554,1.0,0.0,1.0,0.0,0.0,1.0,0.0,0.0,0.0,1
0.843344025976096,-1.528939330070284,-0.3491900398496123,-1.2017108327435466,-0.40904820128567554,1.0,0.0,0.0,1.0,0.0,0.0,0.0,1.0,0.0,1
1.4553853824961378,-0.20715748373843845,0.9129836529497201,0.2805986679900158,0.4367917517450844,0.0,1.0,0.0,0.0,1.0,0.0,0.0,1.0,0.0,0
0.04769026250004183,0.33134623143379494,-0.248852767121595,0.08269028410002097,-0.40904820128567554,1.0,0.0,1.0,0.0,0.0,0.0,1.0,0.0,0.0,1
0.5985274833680794,1.6041731945681648,1.5212351200388725,2.831150838623135,-0.40904820128567554,0.0,1.0,1.0,0.0,0.0,0.0,0.0,0.0,1.0,0
0.108894398152046,0.42925599782874646,-0.13675181414270685,0.22618722709811287,0.4367917517450844,1.0,0.0,1.0,0.0,0.0,1.0,0.0,0.0,0.0,1
-0.6867593653240082,-1.333119797280381,1.2724678817925124,-0.8505876648556998,1.2826317047758444,1.0,0.0,1.0,0.0,0.0,0.0,0.0,0.0,1.0,1
0.4149150764120669,0.6250755306186495,1.0506879100040334,1.2596923204827322,1.2826317047758444,0.0,1.0,1.0,0.0,0.0,0.0,1.0,0.0,0.0,1
-1.666025535756075,-0.1582026005409627,1.6395639037388094,0.7011070088984812,0.4367917517450844,0.0,1.0,0.0,0.0,1.0,1.0,0.0,0.0,0.0,0
-0.9315759079320248,-0.8925258485030991,1.4509990291292605,-0.29120311907157764,0.4367917517450844,1.0,0.0,1.0,0.0,0.0,0.0,0.0,1.0,0.0,1
-0.992780043584029,-1.333119797280381,1.3527376999749263,-0.8389855366032628,-1.2548881543164354,1.0,0.0,0.0,0.0,1.0,0.0,0.0,1.0,0.0,1
-0.013513873151962338,1.2614890121858344,0.7766633582778624,1.697794399671809,-0.40904820128567554,1.0,0.0,1.0,0.0,0.0,0.0,0.0,0.0,1.0,0
-1.0539841792360332,1.0167145961984556,-0.48481835333024215,0.344653848697585,0.4367917517450844,1.0,0.0,0.0,1.0,0.0,0.0,1.0,0.0,0.0,0
0.5985274833680794,-0.35402213333086574,-1.3875078172867823,-0.8922113585496615,-0.40904820128567554,1.0,0.0,0.0,1.0,0.0,0.0,0.0,1.0,0.0,0
-1.666025535756075,-0.5498416661207688,0.627887402163906,-0.17513420007171943,0.4367917517450844,1.0,0.0,1.0,0.0,0.0,1.0,0.0,0.0,0.0,1
0.17009853380405018,-1.0393904980955264,1.6316061200396912,-0.4256967682022446,0.4367917517450844,1.0,0.0,1.0,0.0,0.0,0.0,0.0,1.0,0.0,1
-0.992780043584029,-1.4799844468728083,0.7593638284971698,-1.0718379217353147,-0.40904820128567554,0.0,1.0,1.0,0.0,0.0,0.0,1.0,0.0,0.0,1
1.0269564329321086,0.2823913482363192,1.4586108222327652,1.1424166107704852,-0.40904820128567554,0.0,1.0,0.0,1.0,0.0,1.0,0.0,0.0,0.0,0
-0.13592214445597067,-0.35402213333086574,1.0281985212891331,0.17367595228404958,-1.2548881543164354,0.0,1.0,1.0,0.0,0.0,0.0,0.0,0.0,1.0,1
1.2105688398881211,-1.5778942132677598,-1.1902931777868866,-1.2756955721197158,-0.40904820128567554,1.0,0.0,1.0,0.0,0.0,0.0,0.0,1.0,0.0,0
0.7209357546720877,1.0167145961984556,-0.8923952749633599,-0.0006206185885544111,0.4367917517450844,0.0,1.0,0.0,0.0,1.0,0.0,0.0,1.0,0.0,1
-0.7479635009760124,0.6250755306186495,-0.5716619928293192,0.037430339443730656,-0.40904820128567554,1.0,0.0,0.0,0.0,1.0,1.0,0.0,0.0,0.0,0
0.6597316190200835,0.3803011146312707,-1.1723016668149664,-0.5023173925554731,-1.2548881543164354,1.0,0.0,1.0,0.0,0.0,0.0,0.0,0.0,1.0,0
0.108894398152046,-1.0883453812930022,0.2580234554526983,-0.7754490641843519,-0.40904820128567554,1.0,0.0,1.0,0.0,0.0,0.0,0.0,1.0,0.0,1
0.2925068051080585,-1.6268490964652356,1.6205344209800476,-1.1747380017333193,2.9743116108373644,0.0,1.0,0.0,1.0,0.0,0.0,1.0,0.0,0.0,1
-0.31953455141198317,1.2614890121858344,0.8801145463664045,1.7914953469587116,1.2826317047758444,0.0,1.0,0.0,0.0,1.0,0.0,0.0,0.0,1.0,0
0.9657522972801044,1.359398778580786,-0.2896796574040295,0.7624363246197342,-1.2548881543164354,0.0,1.0,1.0,0.0,0.0,1.0,0.0,0.0,0.0,0
0.35371094076006265,0.42925599782874646,-1.739034262430456,-0.884181965958901,-0.40904820128567554,0.0,1.0,1.0,0.0,0.0,0.0,0.0,1.0,0.0,0
1.1493647042361168,1.0656694793959314,-0.6706153031748808,0.22853729322223765,-1.2548881543164354,0.0,1.0,0.0,0.0,1.0,0.0,0.0,1.0,0.0,0
-1.4212089931480583,-0.7946160821081476,0.06807461846069367,-0.5914822887874769,0.4367917517450844,1.0,0.0,0.0,0.0,1.0,0.0,0.0,0.0,1.0,1
-0.625555229672004,1.0656694793959314,-0.6325563376573571,0.25519784067092616,0.4367917517450844,1.0,0.0,0.0,1.0,0.0,1.0,0.0,0.0,0.0,0
0.04769026250004183,1.0167145961984556,-1.3705542781017035,-0.4292589179804791,0.4367917517450844,1.0,0.0,1.0,0.0,0.0,0.0,0.0,0.0,1.0,0
-1.3600048574960542,1.555218311370689,-0.22255748185494229,0.9485414484718939,-0.40904820128567554,1.0,0.0,1.0,0.0,0.0,0.0,1.0,0.0,0.0,0
-1.1763924505400416,0.7719401802110768,-0.878209660543192,-0.11926720020654064,-0.40904820128567554,0.0,1.0,0.0,1.0,0.0,0.0,0.0,0.0,1.0,0
0.7209357546720877,0.03761693224894037,1.391142656088064,0.8105279930967604,-0.40904820128567554,1.0,0.0,1.0,0.0,0.0,0.0,0.0,1.0,0.0,1
0.17009853380405018,-1.3820746804778568,-1.402385412898178,-1.2317588628936764,-1.2548881543164354,1.0,0.0,1.0,0.0,0.0,0.0,1.0,0.0,0.0,0
0.2925068051080585,0.3803011146312707,-1.5843764661910642,-0.7751738312148598,0.4367917517450844,0.0,1.0,1.0,0.0,0.0,0.0,0.0,0.0,1.0,0
-0.0747180088039665,-1.528939330070284,-1.7362663376655452,-1.3159060503741702,-1.2548881543164354,1.0,0.0,1.0,0.0,0.0,0.0,0.0,1.0,0.0,1
-0.8703717722800207,1.6041731945681648,-0.6194086950240306,0.5683388587688609,0.4367917517450844,0.0,1.0,1.0,0.0,0.0,0.0,0.0,1.0,0.0,0
0.04769026250004183,-0.2561123669359142,0.5303180542008,0.05530989657727634,-0.40904820128567554,1.0,0.0,0.0,0.0,1.0,1.0,0.0,0.0,0.0,1
0.47611921206407104,0.42925599782874646,0.7725114711304965,0.8605939288357207,-0.40904820128567554,1.0,0.0,0.0,1.0,0.0,0.0,1.0,0.0,0.0,0
-0.013513873151962338,-1.333119797280381,-0.18622846931548792,-1.0523069667848164,-1.2548881543164354,0.0,1.0,0.0,0.0,1.0,0.0,0.0,1.0,0.0,0
-0.4419428227159915,-0.20715748373843845,0.6130098065525107,0.13432822353011883,1.2826317047758444,1.0,0.0,0.0,0.0,1.0,0.0,0.0,0.0,1.0,0
-1.5436172644520665,-0.1582026005409627,-0.5093836856188256,-0.38370786152953384,-0.40904820128567554,1.0,0.0,1.0,0.0,0.0,1.0,0.0,0.0,0.0,0
-0.5643510940199998,1.5062634281732132,0.5559213582762249,1.7172565463799339,1.2826317047758444,1.0,0.0,1.0,0.0,0.0,0.0,1.0,0.0,0.0,1
0.17009853380405018,-0.30506725013339,-1.6141316574138553,-0.9722406373712155,-1.2548881543164354,0.0,1.0,1.0,0.0,0.0,0.0,0.0,0.0,1.0,0
0.4149150764120669,-0.35402213333086574,-0.4024725915741455,-0.4607360423952795,-0.40904820128567554,1.0,0.0,1.0,0.0,0.0,0.0,1.0,0.0,0.0,1
1.2717729755401253,-1.6268490964652356,0.9814897908812629,-1.2080147263332603,-1.2548881543164354,0.0,1.0,0.0,0.0,1.0,0.0,0.0,0.0,1.0,1
-1.5436172644520665,1.0167145961984556,1.0237006435461529,1.6578009320279157,-1.2548881543164354,0.0,1.0,1.0,0.0,0.0,0.0,0.0,1.0,0.0,1
-0.13592214445597067,-0.30506725013339,0.7230348159577155,0.09574267838401242,-1.2548881543164354,0.0,1.0,1.0,0.0,0.0,0.0,0.0,1.0,0.0,0
-0.7479635009760124,-1.333119797280381,-1.0480910429895933,-1.1628077110941801,0.4367917517450844,1.0,0.0,0.0,1.0,0.0,0.0,0.0,1.0,0.0,0
-1.0539841792360332,-0.500886782923293,-0.8993150868756371,-0.7532822242567946,1.2826317047758444,1.0,0.0,1.0,0.0,0.0,0.0,0.0,0.0,1.0,1
-0.4419428227159915,-1.6758039796627113,1.6918084836765013,-1.2340930501926384,-0.40904820128567554,1.0,0.0,0.0,1.0,0.0,0.0,1.0,0.0,0.0,1
-0.7479635009760124,1.2614890121858344,-1.3968495633683562,-0.36009075557042186,0.4367917517450844,1.0,0.0,1.0,0.0,0.0,0.0,0.0,1.0,0.0,0
-1.1763924505400416,-1.6268490964652356,-1.1293988329588487,-1.29657622720907,-0.40904820128567554,0.0,1.0,1.0,0.0,0.0,0.0,0.0,0.0,1.0,0
1.516589518148142,0.4782108810262222,-1.3048160649350717,-0.5536218766571479,1.2826317047758444,0.0,1.0,1.0,0.0,0.0,0.0,0.0,1.0,0.0,1
-1.727229671408079,1.555218311370689,-0.6207926574064859,0.5318175608939454,-0.40904820128567554,0.0,1.0,0.0,0.0,1.0,1.0,0.0,0.0,0.0,0
-0.4419428227159915,-0.5498416661207688,-1.0273316072527623,-0.8143204281833923,-1.2548881543164354,0.0,1.0,1.0,0.0,0.0,0.0,1.0,0.0,0.0,0
-0.19712628010797484,0.722985297013601,-0.03260864486293767,0.5212052127433358,0.4367917517450844,0.0,1.0,1.0,0.0,0.0,0.0,0.0,1.0,0.0,1
1.6389977894521501,-1.137300264490478,-0.10768860411114363,-0.8903747077724736,0.4367917517450844,0.0,1.0,1.0,0.0,0.0,0.0,0.0,0.0,1.0,1
-0.6867593653240082,0.3803011146312707,1.3645013802257975,1.2064717914780545,2.128471657806604,0.0,1.0,1.0,0.0,0.0,0.0,0.0,1.0,0.0,1
1.2717729755401253,-0.060292834146011165,-1.6345451025550728,-0.9307122166282318,0.4367917517450844,0.0,1.0,1.0,0.0,0.0,0.0,0.0,0.0,1.0,0
-0.9315759079320248,0.9188048298035041,-0.6477799238643664,0.15378507729652297,-0.40904820128567554,0.0,1.0,0.0,1.0,0.0,0.0,0.0,1.0,0.0,0
1.0881605685841127,-1.333119797280381,0.3099220447947761,-0.9773271543650985,0.4367917517450844,0.0,1.0,0.0,1.0,0.0,0.0,0.0,0.0,1.0,0
-0.013513873151962338,-1.6758039796627113,0.33794728303949817,-1.2786649124251983,-1.2548881543164354,1.0,0.0,0.0,1.0,0.0,1.0,0.0,0.0,0.0,0
-1.0539841792360332,1.2125341289883587,-0.09350298969097533,0.8353360109430978,0.4367917517450844,1.0,0.0,1.0,0.0,0.0,0.0,0.0,0.0,1.0,0
0.4149150764120669,0.2334364650388434,1.067641449189112,0.8359182345324083,0.4367917517450844,1.0,0.0,1.0,0.0,0.0,0.0,0.0,1.0,0.0,1
0.35371094076006265,0.3803011146312707,-1.5376677357831943,-0.7464755012035857,0.4367917517450844,0.0,1.0,1.0,0.0,0.0,0.0,0.0,0.0,1.0,0
1.3941812468441335,1.359398778580786,1.0669494679978844,2.0785104047217793,-0.40904820128567554,0.0,1.0,1.0,0.0,0.0,1.0,0.0,0.0,0.0,1
-1.0539841792360332,-0.2561123669359142,-0.042642372135739105,-0.21630799371939588,-0.40904820128567554,1.0,0.0,1.0,0.0,0.0,0.0,0.0,0.0,1.0,1
-1.3600048574960542,0.527165764223698,-1.2916684223017452,-0.528035796377823,1.2826317047758444,0.0,1.0,1.0,0.0,0.0,0.0,0.0,1.0,0.0,1
-0.013513873151962338,-1.6758039796627113,1.3098348661188084,-1.2484051646062284,1.2826317047758444,0.0,1.0,0.0,1.0,0.0,0.0,1.0,0.0,0.0,1
-1.1151883148880375,1.6041731945681648,0.49156710749204846,1.735728912986232,0.4367917517450844,0.0,1.0,0.0,1.0,0.0,0.0,0.0,0.0,1.0,0
0.23130266945605435,1.0656694793959314,-1.1889092154044312,-0.25096617610851857,1.2826317047758444,0.0,1.0,0.0,0.0,1.0,0.0,0.0,1.0,0.0,0
-1.4212089931480583,0.3803011146312707,-1.638350999106825,-0.8198356734566767,1.2826317047758444,0.0,1.0,0.0,1.0,0.0,0.0,0.0,1.0,0.0,0
1.0881605685841127,0.9677597130009798,-1.266411108821934,-0.34545047877012963,-0.40904820128567554,0.0,1.0,1.0,0.0,0.0,0.0,1.0,0.0,0.0,0
-0.8703717722800207,0.33134623143379494,0.351786906864052,0.4703241639793414,-0.40904820128567554,1.0,0.0,1.0,0.0,0.0,0.0,0.0,1.0,0.0,0
0.17009853380405018,-0.10924771734348693,-1.1342427012974425,-0.6840770112546902,-0.40904820128567554,0.0,1.0,1.0,0.0,0.0,0.0,1.0,0.0,0.0,0
1.3329771111921294,-0.30506725013339,-0.9733570743370015,-0.6805148614764557,0.4367917517450844,0.0,1.0,1.0,0.0,0.0,0.0,0.0,0.0,1.0,1
-1.1151883148880375,1.7020829609631163,-1.6677601997340024,-0.5082243155161116,-0.40904820128567554,1.0,0.0,1.0,0.0,0.0,0.0,0.0,0.0,1.0,0
-0.38073868706398734,1.6531280777656405,0.7465621764594575,2.0530143044517115,0.4367917517450844,0.0,1.0,1.0,0.0,0.0,1.0,0.0,0.0,0.0,0
-0.19712628010797484,0.9188048298035041,1.0493039476215782,1.5746699893578544,-1.2548881543164354,0.0,1.0,1.0,0.0,0.0,0.0,0.0,1.0,0.0,0
0.2925068051080585,1.5062634281732132,1.0022492266180942,2.1811881811675016,-1.2548881543164354,1.0,0.0,0.0,1.0,0.0,0.0,0.0,1.0,0.0,0
1.0269564329321086,-1.137300264490478,-1.3131198392298042,-1.136422396614984,1.2826317047758444,0.0,1.0,0.0,1.0,0.0,0.0,0.0,1.0,0.0,0
0.2925068051080585,-1.6268490964652356,1.3707292109468465,-1.1907279786724672,0.4367917517450844,0.0,1.0,1.0,0.0,0.0,0.0,1.0,0.0,0.0,1
-0.013513873151962338,-0.500886782923293,0.5714909350788484,-0.15522215331730904,1.2826317047758444,0.0,1.0,1.0,0.0,0.0,0.0,0.0,0.0,1.0,1
-1.5436172644520665,1.0167145961984556,1.350661756401243,1.9526124929460196,-0.40904820128567554,0.0,1.0,1.0,0.0,0.0,0.0,0.0,0.0,1.0,1
-0.7479635009760124,-0.5987965493182446,-0.2073338956479329,-0.535138924167408,1.2826317047758444,1.0,0.0,0.0,1.0,0.0,0.0,0.0,1.0,0.0,1
0.35371094076006265,0.8208950634085526,-0.24262493640054567,0.4213115236428604,-0.40904820128567554,1.0,0.0,1.0,0.0,0.0,0.0,0.0,0.0,1.0,1
-0.992780043584029,1.6531280777656405,0.9596923833575903,2.288433766318449,-0.40904820128567554,0.0,1.0,0.0,1.0,0.0,0.0,0.0,1.0,0.0,0
0.7209357546720877,0.33134623143379494,-1.4317946135253554,-0.6870463515601725,0.4367917517450844,1.0,0.0,0.0,1.0,0.0,0.0,0.0,1.0,0.0,0
0.5985274833680794,1.163579245790883,0.04766117331947627,0.9316199137898501,1.2826317047758444,1.0,0.0,1.0,0.0,0.0,0.0,0.0,1.0,0.0,1
-0.8703717722800207,1.0656694793959314,1.1392615024811794,1.8253384163227997,0.4367917517450844,0.0,1.0,1.0,0.0,0.0,1.0,0.0,0.0,0.0,1
1.577793653800146,0.6250755306186495,1.1178100855531206,1.318110518257434,2.128471657806604,1.0,0.0,1.0,0.0,0.0,0.0,0.0,0.0,1.0,1
-0.013513873151962338,0.2823913482363192,1.5534122454309605,1.2111348731342573,-0.40904820128567554,0.0,1.0,1.0,0.0,0.0,0.0,0.0,0.0,1.0,1
-0.013513873151962338,1.4573085449757375,0.6614484899384497,1.7738963157363792,-0.40904820128567554,0.0,1.0,0.0,1.0,0.0,1.0,0.0,0.0,0.0,0
-1.1151883148880375,-1.2352100308854295,-1.0356353815474948,-1.1191091842455858,1.2826317047758444,0.0,1.0,1.0,0.0,0.0,0.0,1.0,0.0,0.0,1
1.3941812468441335,-0.8925258485030991,-1.6843677483234674,-1.1571495563944287,0.4367917517450844,0.0,1.0,1.0,0.0,0.0,1.0,0.0,0.0,0.0,1
0.17009853380405018,0.7719401802110768,-0.09592492386027254,0.507575887811755,-0.40904820128567554,0.0,1.0,0.0,0.0,1.0,0.0,0.0,0.0,1.0,0
-1.666025535756075,0.4782108810262222,0.022749850435278957,0.37961372876480487,1.2826317047758444,1.0,0.0,1.0,0.0,0.0,1.0,0.0,0.0,0.0,1
1.0881605685841127,0.3803011146312707,-0.9231884379729928,-0.3527970818788807,-1.2548881543164354,0.0,1.0,1.0,0.0,0.0,0.0,1.0,0.0,0.0,0
-0.9315759079320248,-0.6967063157131961,-1.323153566502606,-0.9817520536438563,1.2826317047758444,0.0,1.0,1.0,0.0,0.0,0.0,0.0,0.0,1.0,1
-0.5643510940199998,0.8208950634085526,0.2735930322553217,0.8459007226182184,-1.2548881543164354,0.0,1.0,0.0,1.0,0.0,0.0,0.0,0.0,1.0,0
-0.4419428227159915,1.1146243625934071,0.8898022830435924,1.644155728271172,-1.2548881543164354,1.0,0.0,0.0,1.0,0.0,0.0,0.0,1.0,0.0,0
-1.1151883148880375,-0.30506725013339,1.6817747564036993,0.5352050435953869,-0.40904820128567554,1.0,0.0,1.0,0.0,0.0,0.0,1.0,0.0,0.0,1
-0.13592214445597067,-1.3820746804778568,0.869042847306761,-0.9543981308297168,-1.2548881543164354,1.0,0.0,0.0,0.0,1.0,0.0,0.0,1.0,0.0,0
-1.6048214001040708,1.0167145961984556,0.9911775275584508,1.6366662157359537,-0.40904820128567554,1.0,0.0,0.0,1.0,0.0,0.0,0.0,1.0,0.0,0
-0.7479635009760124,-0.7946160821081476,0.37842818272631895,-0.4905511831096851,-0.40904820128567554,1.0,0.0,1.0,0.0,0.0,0.0,0.0,0.0,1.0,0
0.9045481616281003,-0.5498416661207688,1.6565174429238885,0.21269551865127803,-0.40904820128567554,0.0,1.0,0.0,1.0,0.0,0.0,1.0,0.0,0.0,1
1.6389977894521501,-0.8435709653056234,0.459735972695574,-0.5130408924822236,-0.40904820128567554,1.0,0.0,1.0,0.0,0.0,0.0,0.0,0.0,1.0,1
-0.0747180088039665,-1.528939330070284,1.2219532548328902,-1.0859965408389958,0.4367917517450844,1.0,0.0,0.0,1.0,0.0,1.0,0.0,0.0,0.0,1
-0.013513873151962338,-0.45193189972581727,1.5177752140827336,0.27618435459469987,-1.2548881543164354,1.0,0.0,1.0,0.0,0.0,0.0,1.0,0.0,0.0,1
-0.5031469583679957,0.18448158184136765,1.462762709380131,1.0372829093662175,0.4367917517450844,1.0,0.0,0.0,1.0,0.0,0.0,0.0,0.0,1.0,0
1.0881605685841127,-0.500886782923293,-0.4349957075618475,-0.5622176140120555,-1.2548881543164354,0.0,1.0,1.0,0.0,0.0,0.0,0.0,0.0,1.0,1
-0.8091676366280165,-0.45193189972581727,-1.4823092404849776,-0.954668070857488,-0.40904820128567554,0.0,1.0,0.0,0.0,1.0,0.0,0.0,0.0,1.0,0
0.47611921206407104,1.2614890121858344,-1.1598460053728676,-0.13720497969901743,-0.40904820128567554,0.0,1.0,1.0,0.0,0.0,0.0,1.0,0.0,0.0,0
-0.5643510940199998,0.6740304138161253,-1.549777406629679,-0.6661656964708187,-0.40904820128567554,1.0,0.0,0.0,1.0,0.0,1.0,0.0,0.0,0.0,0
-1.4212089931480583,0.2823913482363192,-1.3899297514560793,-0.6879143940024168,1.2826317047758444,1.0,0.0,1.0,0.0,0.0,0.0,1.0,0.0,0.0,0
-0.625555229672004,-0.35402213333086574,-1.1155592091342945,-0.7715058226022053,-0.40904820128567554,0.0,1.0,0.0,0.0,1.0,0.0,0.0,1.0,0.0,1
1.7002019251041545,0.13552669864389189,-0.5744299175942299,-0.2445352519175008,-0.40904820128567554,1.0,0.0,0.0,1.0,0.0,0.0,0.0,1.0,0.0,0
-1.4824131288000624,1.163579245790883,0.12585504792820654,1.0032069505664054,-0.40904820128567554,0.0,1.0,1.0,0.0,0.0,0.0,0.0,1.0,0.0,0
-1.6048214001040708,0.2334364650388434,0.707811229750706,0.6133923786980319,0.4367917517450844,1.0,0.0,0.0,0.0,1.0,0.0,0.0,0.0,1.0,0
-1.727229671408079,-0.1582026005409627,-1.0249096730834653,-0.6519859056002535,-1.2548881543164354,0.0,1.0,1.0,0.0,0.0,0.0,1.0,0.0,0.0,0
0.5373233477160752,-0.9904356148980507,0.5721829162700759,-0.6202864776331711,-0.40904820128567554,0.0,1.0,0.0,1.0,0.0,0.0,0.0,1.0,0.0,1
-0.8703717722800207,-0.6477514325157203,0.6822079256752811,-0.26224543491597435,-0.40904820128567554,0.0,1.0,0.0,1.0,0.0,0.0,0.0,1.0,0.0,0
0.2925068051080585,-1.4310295636753325,0.17809962786589836,-1.0826090581375543,1.2826317047758444,1.0,0.0,1.0,0.0,0.0,0.0,0.0,1.0,0.0,1
0.35371094076006265,-0.500886782923293,1.3717671827336881,0.15388564318922202,-1.2548881543164354,0.0,1.0,0.0,0.0,1.0,0.0,0.0,0.0,1.0,1
1.2105688398881211,-1.1862551476879537,-1.3705542781017035,-1.1629929640544152,-1.2548881543164354,0.0,1.0,1.0,0.0,0.0,0.0,0.0,1.0,0.0,0
-0.258330415759979,-1.528939330070284,-1.1418544944009472,-1.2670839559396454,0.4367917517450844,1.0,0.0,1.0,0.0,0.0,0.0,0.0,1.0,0.0,1
-0.31953455141198317,1.6041731945681648,-0.27134215583649557,0.933885292846439,-1.2548881543164354,0.0,1.0,0.0,0.0,1.0,0.0,1.0,0.0,0.0,0
-1.0539841792360332,0.6250755306186495,-1.3162337545903287,-0.5182597330191319,1.2826317047758444,1.0,0.0,0.0,1.0,0.0,0.0,0.0,0.0,1.0,0
-0.6867593653240082,-0.500886782923293,0.20474090372816484,-0.30985015275466854,0.4367917517450844,1.0,0.0,1.0,0.0,0.0,1.0,0.0,0.0,0.0,1
-0.8703717722800207,-1.528939330070284,-0.3761773063074925,-1.2009433561940015,0.4367917517450844,0.0,1.0,1.0,0.0,0.0,0.0,0.0,0.0,1.0,1
0.9045481616281003,-0.6967063157131961,-0.7699146041160563,-0.7934450660357595,-1.2548881543164354,1.0,0.0,0.0,1.0,0.0,1.0,0.0,0.0,0.0,0
-0.8091676366280165,-1.137300264490478,-1.166419826689531,-1.108211017242042,0.4367917517450844,0.0,1.0,1.0,0.0,0.0,0.0,0.0,1.0,0.0,0
-0.13592214445597067,-0.4029770165283415,-0.5944973721398333,-0.5627310293589928,-1.2548881543164354,1.0,0.0,0.0,0.0,1.0,0.0,1.0,0.0,0.0,0
-1.2988007218440498,-0.1582026005409627,0.34901898209914123,0.044978074337879974,-0.40904820128567554,0.0,1.0,0.0,1.0,0.0,1.0,0.0,0.0,0.0,0
1.0269564329321086,-0.6477514325157203,0.23761001031148088,-0.4247863822262322,-0.40904820128567554,1.0,0.0,1.0,0.0,0.0,0.0,0.0,1.0,0.0,1
-0.258330415759979,-0.8925258485030991,-1.1885632248088174,-1.0218407942387275,-0.40904820128567554,0.0,1.0,1.0,0.0,0.0,0.0,0.0,1.0,0.0,1
-0.7479635009760124,-0.30506725013339,-1.3224615853113781,-0.8509687566596119,1.2826317047758444,1.0,0.0,1.0,0.0,0.0,0.0,0.0,1.0,0.0,1
-0.013513873151962338,-0.500886782923293,-1.662224350204181,-1.056154935415985,0.4367917517450844,0.0,1.0,1.0,0.0,0.0,1.0,0.0,0.0,0.0,0
1.4553853824961378,-0.9904356148980507,-1.711701005376962,-1.1706095071909375,-0.40904820128567554,0.0,1.0,0.0,1.0,0.0,0.0,0.0,0.0,1.0,0
-1.2988007218440498,0.13552669864389189,1.2894214209775914,0.8595882699087305,1.2826317047758444,0.0,1.0,0.0,0.0,1.0,0.0,0.0,0.0,1.0,0
-0.8703717722800207,-0.1582026005409627,-1.598562080611232,-0.9281133822432196,0.4367917517450844,0.0,1.0,0.0,1.0,0.0,0.0,0.0,1.0,0.0,0
-0.13592214445597067,-0.500886782923293,0.7752793958954073,-0.07982949144335305,0.4367917517450844,1.0,0.0,1.0,0.0,0.0,0.0,1.0,0.0,0.0,1
1.0269564329321086,0.5761206474211737,1.2624341545197109,1.3635451299905172,-1.2548881543164354,0.0,1.0,1.0,0.0,0.0,0.0,1.0,0.0,0.0,1
1.2717729755401253,1.4083536617782617,-1.4151870649358904,-0.3403904264848515,0.4367917517450844,1.0,0.0,0.0,1.0,0.0,0.0,0.0,0.0,1.0,0
1.3941812468441335,0.08657181544641612,-0.24504687056984262,-0.07966011730828089,-0.40904820128567554,1.0,0.0,0.0,1.0,0.0,0.0,0.0,0.0,1.0,0
-1.3600048574960542,-1.6758039796627113,1.5748636623590195,-1.242979899342201,0.4367917517450844,1.0,0.0,0.0,1.0,0.0,0.0,1.0,0.0,0.0,1
-1.6048214001040708,-1.4799844468728083,1.1313037187820607,-1.027890626625833,0.4367917517450844,0.0,1.0,1.0,0.0,0.0,1.0,0.0,0.0,0.0,1
-0.013513873151962338,0.4782108810262222,-0.06028789251204574,0.3233921018043189,0.4367917517450844,0.0,1.0,0.0,0.0,1.0,0.0,0.0,0.0,1.0,0
0.9045481616281003,0.6740304138161253,0.8839204429181569,1.1855964293304213,0.4367917517450844,1.0,0.0,1.0,0.0,0.0,0.0,0.0,1.0,0.0,1
1.4553853824961378,0.08657181544641612,1.1288817846127641,0.7169487834694409,-1.2548881543164354,0.0,1.0,0.0,1.0,0.0,1.0,0.0,0.0,0.0,0
-0.31953455141198317,-0.8925258485030991,-0.5505565664968742,-0.836794258730768,-1.2548881543164354,0.0,1.0,0.0,1.0,0.0,0.0,0.0,1.0,0.0,0
-1.6048214001040708,-0.45193189972581727,1.3323242548337089,0.2016967857550355,-0.40904820128567554,1.0,0.0,0.0,1.0,0.0,0.0,0.0,1.0,0.0,0
-0.5643510940199998,0.2334364650388434,-0.1267180868699054,0.09929424227880494,1.2826317047758444,1.0,0.0,1.0,0.0,0.0,0.0,1.0,0.0,0.0,1
1.0269564329321086,-0.9414807317005749,0.07153452441683199,-0.7010355965287813,0.4367917517450844,1.0,0.0,0.0,1.0,0.0,0.0,0.0,0.0,1.0,0
-0.8703717722800207,1.2614890121858344,1.7042641451186,2.575628784100031,0.4367917517450844,0.0,1.0,1.0,0.0,0.0,0.0,1.0,0.0,0.0,1
-0.258330415759979,-0.35402213333086574,1.1631348535785353,0.23770996122473476,-0.40904820128567554,1.0,0.0,0.0,1.0,0.0,0.0,0.0,0.0,1.0,1
0.04769026250004183,1.0656694793959314,-0.5028098643021626,0.3677892969600858,0.4367917517450844,0.0,1.0,1.0,0.0,0.0,0.0,1.0,0.0,0.0,0
-0.9315759079320248,1.6531280777656405,-1.7189668078848526,-0.5828336220153593,-1.2548881543164354,0.0,1.0,1.0,0.0,0.0,0.0,0.0,0.0,1.0,0
-1.3600048574960542,-0.6967063157131961,0.41198927050086254,-0.3985122195231771,-0.40904820128567554,1.0,0.0,1.0,0.0,0.0,1.0,0.0,0.0,0.0,1
-0.7479635009760124,-1.4799844468728083,0.6808239632928255,-1.0713192134466565,-0.40904820128567554,0.0,1.0,0.0,0.0,1.0,0.0,0.0,1.0,0.0,1
0.9045481616281003,-0.500886782923293,0.49710295702186996,-0.18517491051646057,1.2826317047758444,0.0,1.0,0.0,1.0,0.0,0.0,0.0,1.0,0.0,1
-0.5643510940199998,0.13552669864389189,1.5942391357133952,1.0510339719573816,0.4367917517450844,0.0,1.0,0.0,1.0,0.0,0.0,0.0,0.0,1.0,0
0.4149150764120669,-1.1862551476879537,1.231295000914464,-0.6891211847148053,1.2826317047758444,1.0,0.0,0.0,1.0,0.0,1.0,0.0,0.0,0.0,1
-1.2375965861920457,-1.0883453812930022,-0.20179804611811136,-0.8709019751809064,1.2826317047758444,1.0,0.0,0.0,0.0,1.0,0.0,0.0,1.0,0.0,0
0.5373233477160752,-0.6967063157131961,-1.5369757545919664,-1.0469505097631622,0.4367917517450844,1.0,0.0,1.0,0.0,0.0,0.0,0.0,0.0,1.0,1
1.1493647042361168,0.722985297013601,-0.10734261351552961,0.4584944392329012,2.128471657806604,1.0,0.0,0.0,1.0,0.0,0.0,0.0,1.0,0.0,1
1.7002019251041545,-0.6477514325157203,0.6299633457375893,-0.2835177676926824,0.4367917517450844,0.0,1.0,0.0,1.0,0.0,0.0,0.0,1.0,0.0,1
-0.4419428227159915,0.5761206474211737,0.3479810103122996,0.686710207417355,2.128471657806604,0.0,1.0,1.0,0.0,0.0,1.0,0.0,0.0,0.0,1
1.516589518148142,1.7020829609631163,0.1071715557650588,1.4170832354984548,-1.2548881543164354,0.0,1.0,1.0,0.0,0.0,0.0,1.0,0.0,0.0,0
1.4553853824961378,0.6740304138161253,-0.13259992699534096,0.41849038570556624,0.4367917517450844,0.0,1.0,1.0,0.0,0.0,0.0,0.0,1.0,0.0,0
1.4553853824961378,-1.137300264490478,-0.7380834693195819,-1.0240850015284324,0.4367917517450844,0.0,1.0,1.0,0.0,0.0,0.0,0.0,0.0,1.0,1
-1.666025535756075,-1.2841649140829052,-0.7951719175958677,-1.1076552583613368,-0.40904820128567554,1.0,0.0,1.0,0.0,0.0,0.0,1.0,0.0,0.0,1
-0.31953455141198317,0.9188048298035041,-0.023958879972591367,0.6731973272036363,0.4367917517450844,0.0,1.0,1.0,0.0,0.0,1.0,0.0,0.0,0.0,1
-1.2988007218440498,-1.333119797280381,-1.198942942677233,-1.1804067423165128,-0.40904820128567554,0.0,1.0,0.0,1.0,0.0,1.0,0.0,0.0,0.0,0
-1.1151883148880375,0.7719401802110768,-0.5758138799766853,0.1313694691080785,-0.40904820128567554,0.0,1.0,1.0,0.0,0.0,0.0,0.0,1.0,0.0,0
-0.992780043584029,-1.6758039796627113,-0.6335943094441987,-1.3100785215393465,0.4367917517450844,0.0,1.0,1.0,0.0,0.0,0.0,0.0,0.0,1.0,1
-0.7479635009760124,-0.5498416661207688,0.276706947615846,-0.3307890302029534,0.4367917517450844,1.0,0.0,0.0,0.0,1.0,0.0,0.0,0.0,1.0,1
-1.2988007218440498,-1.137300264490478,-1.52382811195864,-1.172176217940354,0.4367917517450844,0.0,1.0,1.0,0.0,0.0,0.0,0.0,0.0,1.0,1
-0.5031469583679957,0.722985297013601,1.1160801325750513,1.415363029439129,-0.40904820128567554,0.0,1.0,1.0,0.0,0.0,0.0,1.0,0.0,0.0,1
-0.6867593653240082,1.0656694793959314,0.1912472704992246,0.9837765615086062,0.4367917517450844,1.0,0.0,0.0,1.0,0.0,0.0,0.0,0.0,1.0,1
0.04769026250004183,-0.10924771734348693,0.5663010761446404,0.20746609223092777,-1.2548881543164354,0.0,1.0,1.0,0.0,0.0,0.0,0.0,1.0,0.0,1
-0.6867593653240082,-0.060292834146011165,0.6780560385279147,0.3021303549110531,-0.40904820128567554,0.0,1.0,1.0,0.0,0.0,0.0,1.0,0.0,0.0,1
1.0269564329321086,-1.6268490964652356,-0.7460412530187006,-1.287408852148294,-0.40904820128567554,0.0,1.0,1.0,0.0,0.0,0.0,0.0,0.0,1.0,1
1.0881605685841127,1.1146243625934071,-0.12706407746551893,0.7304934213334857,-1.2548881543164354,1.0,0.0,0.0,0.0,1.0,0.0,1.0,0.0,0.0,0
0.108894398152046,1.6531280777656405,1.5537582360265745,2.9190295500169356,1.2826317047758444,1.0,0.0,0.0,1.0,0.0,0.0,0.0,0.0,1.0,0
0.5373233477160752,0.5761206474211737,0.8981060573383246,1.0954417529965903,-0.40904820128567554,1.0,0.0,0.0,1.0,0.0,0.0,0.0,1.0,0.0,0
0.17009853380405018,1.359398778580786,1.6001209758388302,2.6029403633804025,0.4367917517450844,0.0,1.0,0.0,0.0,1.0,0.0,0.0,0.0,1.0,0
-1.1151883148880375,-0.8435709653056234,0.8275239758330986,-0.40005775850570985,-0.40904820128567554,1.0,0.0,0.0,0.0,1.0,0.0,0.0,0.0,1.0,1
0.9657522972801044,1.5062634281732132,-1.147044353335155,-0.026704235389653577,-0.40904820128567554,0.0,1.0,0.0,1.0,0.0,0.0,0.0,1.0,0.0,0
-0.258330415759979,-1.528939330070284,-1.5314399050621448,-1.2832909434893545,0.4367917517450844,0.0,1.0,0.0,1.0,0.0,0.0,0.0,0.0,1.0,0
0.23130266945605435,1.5062634281732132,0.244183831628144,1.3942283131471669,-0.40904820128567554,0.0,1.0,1.0,0.0,0.0,0.0,0.0,0.0,1.0,0
0.5373233477160752,-1.2352100308854295,-0.5166494881267165,-1.0302512786334,-0.40904820128567554,0.0,1.0,1.0,0.0,0.0,1.0,0.0,0.0,0.0,1
0.7209357546720877,1.555218311370689,-0.801399748316917,0.3482212914175406,-0.40904820128567554,1.0,0.0,0.0,1.0,0.0,0.0,0.0,1.0,0.0,0
-1.2988007218440498,1.6041731945681648,1.0382322485619346,2.3123896205477057,-1.2548881543164354,1.0,0.0,0.0,1.0,0.0,0.0,0.0,0.0,1.0,0
-1.1151883148880375,-1.724758862860187,-0.48481835333024215,-1.3362468254079816,0.4367917517450844,1.0,0.0,0.0,0.0,1.0,0.0,0.0,1.0,0.0,1
-0.4419428227159915,1.3104438953833102,-0.6578136511371682,0.34879822206512967,0.4367917517450844,1.0,0.0,1.0,0.0,0.0,0.0,0.0,0.0,1.0,0
1.3329771111921294,-0.35402213333086574,1.1863162234846634,0.255039052419296,-1.2548881543164354,1.0,0.0,0.0,1.0,0.0,0.0,0.0,1.0,0.0,0
-0.31953455141198317,-1.1862551476879537,1.1735145714469506,-0.7034491779535583,-0.40904820128567554,0.0,1.0,0.0,1.0,0.0,0.0,0.0,1.0,0.0,1
0.7209357546720877,0.2334364650388434,-0.5214933564653105,-0.14628237475053607,0.4367917517450844,0.0,1.0,1.0,0.0,0.0,0.0,0.0,1.0,0.0,1
-0.7479635009760124,-1.6758039796627113,1.1257678692522393,-1.2528035991763813,-0.40904820128567554,1.0,0.0,0.0,1.0,0.0,0.0,0.0,1.0,0.0,1
-1.0539841792360332,0.03761693224894037,1.1890841482495742,0.6884621711270067,-1.2548881543164354,0.0,1.0,1.0,0.0,0.0,0.0,0.0,0.0,1.0,0
1.7002019251041545,0.42925599782874646,-0.28794970442596035,0.11892047018028123,-0.40904820128567554,1.0,0.0,1.0,0.0,0.0,0.0,1.0,0.0,0.0,0
1.0269564329321086,0.5761206474211737,-1.5245200931498677,-0.6830978170363048,0.4367917517450844,0.0,1.0,1.0,0.0,0.0,0.0,0.0,0.0,1.0,0
0.17009853380405018,-0.5987965493182446,-1.749067989703258,-1.115038912062135,0.4367917517450844,0.0,1.0,1.0,0.0,0.0,0.0,0.0,0.0,1.0,1
-0.8703717722800207,-0.6967063157131961,0.055964947614208546,-0.5158143939440288,-0.40904820128567554,0.0,1.0,1.0,0.0,0.0,0.0,1.0,0.0,0.0,1
-0.8091676366280165,-1.2352100308854295,-0.5640501997258145,-1.0524181185609573,0.4367917517450844,0.0,1.0,0.0,1.0,0.0,0.0,1.0,0.0,0.0,0
1.516589518148142,1.0656694793959314,1.6952683896326397,2.3098913520553923,-0.40904820128567554,0.0,1.0,1.0,0.0,0.0,0.0,1.0,0.0,0.0,1
-0.4419428227159915,0.4782108810262222,0.917827521288314,1.007425425118044,-1.2548881543164354,1.0,0.0,1.0,0.0,0.0,0.0,0.0,1.0,0.0,0
-0.0747180088039665,-0.35402213333086574,0.8794225651751765,0.1168456370256483,-0.40904820128567554,0.0,1.0,1.0,0.0,0.0,1.0,0.0,0.0,0.0,1
-0.5643510940199998,-0.060292834146011165,1.5502983300704356,0.7830840902733638,2.128471657806604,1.0,0.0,1.0,0.0,0.0,0.0,1.0,0.0,0.0,1
0.23130266945605435,-1.0393904980955264,1.3167546780310855,-0.5045298421948521,0.4367917517450844,0.0,1.0,1.0,0.0,0.0,0.0,1.0,0.0,0.0,1
-1.1763924505400416,1.163579245790883,-0.653661763989802,0.28286933998832575,-0.40904820128567554,0.0,1.0,1.0,0.0,0.0,0.0,0.0,0.0,1.0,0
0.6597316190200835,0.2823913482363192,-1.1802594505140849,-0.5417656872021028,0.4367917517450844,0.0,1.0,0.0,1.0,0.0,0.0,0.0,1.0,0.0,0
0.17009853380405018,0.33134623143379494,0.8261400134506435,0.7900231368695978,-0.40904820128567554,1.0,0.0,0.0,0.0,1.0,0.0,1.0,0.0,0.0,0
1.2717729755401253,0.6250755306186495,-0.445721416025877,0.1402192676655944,-1.2548881543164354,0.0,1.0,1.0,0.0,0.0,0.0,0.0,0.0,1.0,1
0.23130266945605435,1.359398778580786,-0.11737634078833153,0.9201289373135542,-1.2548881543164354,1.0,0.0,1.0,0.0,0.0,0.0,0.0,0.0,1.0,0
-1.666025535756075,-0.20715748373843845,0.4265208755166444,0.05218706096188497,-1.2548881543164354,0.0,1.0,1.0,0.0,0.0,0.0,0.0,0.0,1.0,1
0.23130266945605435,1.359398778580786,1.386644778345084,2.389343700229357,0.4367917517450844,1.0,0.0,1.0,0.0,0.0,0.0,0.0,0.0,1.0,1
0.23130266945605435,-1.6758039796627113,-0.3045572530154254,-1.3030018584583667,-0.40904820128567554,0.0,1.0,0.0,1.0,0.0,0.0,0.0,1.0,0.0,1
0.7209357546720877,-0.5987965493182446,0.955540496210224,-0.11721353881879196,-0.40904820128567554,1.0,0.0,0.0,0.0,1.0,0.0,0.0,1.0,0.0,0
-0.992780043584029,1.4573085449757375,-0.8263110712011142,0.27575033337357785,0.4367917517450844,1.0,0.0,0.0,0.0,1.0,0.0,1.0,0.0,0.0,0
0.04769026250004183,0.08657181544641612,0.6604105181516081,0.4366716405172089,1.2826317047758444,1.0,0.0,1.0,0.0,0.0,0.0,0.0,0.0,1.0,1
0.23130266945605435,-0.2561123669359142,-1.749067989703258,-1.0332735483560922,1.2826317047758444,0.0,1.0,0.0,0.0,1.0,0.0,0.0,0.0,1.0,1
-0.992780043584029,-0.500886782923293,1.2607042015416419,0.11377573082746716,-1.2548881543164354,0.0,1.0,1.0,0.0,0.0,0.0,1.0,0.0,0.0,1
1.3941812468441335,-0.35402213333086574,-1.6494226981664684,-1.0115883661251461,-0.40904820128567554,0.0,1.0,0.0,1.0,0.0,0.0,0.0,0.0,1.0,0
-0.19712628010797484,1.5062634281732132,0.7116171263024583,1.8775850440508128,1.2826317047758444,1.0,0.0,0.0,1.0,0.0,0.0,0.0,1.0,0.0,0
-0.4419428227159915,-0.5498416661207688,-1.5944101934638661,-1.0314368975789046,2.128471657806604,1.0,0.0,0.0,1.0,0.0,0.0,0.0,0.0,1.0,0
0.5985274833680794,0.5761206474211737,-0.8335768737090052,-0.1743402588135691,-0.40904820128567554,1.0,0.0,1.0,0.0,0.0,0.0,0.0,1.0,0.0,0
-1.666025535756075,1.4083536617782617,-0.03433859784100683,1.029279981484062,-0.40904820128567554,0.0,1.0,1.0,0.0,0.0,0.0,0.0,1.0,0.0,0
0.5373233477160752,0.8208950634085526,-0.3017893282505144,0.3782163921504603,0.4367917517450844,0.0,1.0,1.0,0.0,0.0,1.0,0.0,0.0,0.0,1
0.5985274833680794,1.5062634281732132,-1.090993876845711,0.02907807740798925,1.2826317047758444,0.0,1.0,1.0,0.0,0.0,0.0,1.0,0.0,0.0,0
-0.19712628010797484,-0.8925258485030991,-0.599687231074041,-0.8546314723305455,-0.40904820128567554,1.0,0.0,1.0,0.0,0.0,1.0,0.0,0.0,0.0,1
1.0269564329321086,-1.333119797280381,0.7631697250489221,-0.9176015999853092,-0.40904820128567554,1.0,0.0,0.0,1.0,0.0,0.0,0.0,1.0,0.0,0
1.2717729755401253,0.08657181544641612,0.5611112172104329,0.38872288146664974,-0.40904820128567554,1.0,0.0,1.0,0.0,0.0,0.0,0.0,0.0,1.0,1
-0.8703717722800207,-0.7456611989106718,-1.5061825915823337,-1.0595530040008685,-0.40904820128567554,0.0,1.0,0.0,1.0,0.0,0.0,0.0,1.0,0.0,0
0.2925068051080585,1.4083536617782617,0.8309838817892374,1.8926064126550173,-0.40904820128567554,1.0,0.0,1.0,0.0,0.0,0.0,0.0,0.0,1.0,0
0.7821398903240918,-0.7456611989106718,-1.5712288235577379,-1.080110789645241,1.2826317047758444,1.0,0.0,0.0,0.0,1.0,0.0,0.0,1.0,0.0,0
1.577793653800146,-0.45193189972581727,0.12377910435452383,-0.2896258224387189,-0.40904820128567554,0.0,1.0,1.0,0.0,0.0,0.0,1.0,0.0,0.0,0
0.9045481616281003,1.6531280777656405,-0.8546823000414502,0.3414410330729367,-1.2548881543164354,1.0,0.0,0.0,0.0,1.0,0.0,0.0,1.0,0.0,0
1.2105688398881211,0.3803011146312707,0.2787828911895292,0.47882992132499186,-1.2548881543164354,1.0,0.0,1.0,0.0,0.0,0.0,0.0,1.0,0.0,1
0.6597316190200835,-0.4029770165283415,-0.8505304128940838,-0.6773179246769704,-0.40904820128567554,1.0,0.0,1.0,0.0,0.0,0.0,0.0,0.0,1.0,1
-1.1151883148880375,0.42925599782874646,1.6534035275633636,1.4570396525503007,-0.40904820128567554,1.0,0.0,0.0,0.0,1.0,0.0,0.0,1.0,0.0,0
-1.6048214001040708,-0.9414807317005749,-0.6830709646169795,-0.9041257703636375,-1.2548881543164354,0.0,1.0,1.0,0.0,0.0,1.0,0.0,0.0,0.0,0
-1.4212089931480583,0.18448158184136765,-0.9173065978475572,-0.4254797575916836,-1.2548881543164354,0.0,1.0,1.0,0.0,0.0,0.0,1.0,0.0,0.0,0
-1.2375965861920457,-1.6268490964652356,-0.7910200304485012,-1.2817348186233797,0.4367917517450844,1.0,0.0,1.0,0.0,0.0,0.0,0.0,1.0,0.0,1
-1.4212089931480583,1.4573085449757375,1.3472018504451049,2.481864321512476,-1.2548881543164354,0.0,1.0,1.0,0.0,0.0,0.0,0.0,0.0,1.0,0
-1.2375965861920457,0.4782108810262222,0.4465883300622478,0.6750498568059872,-0.40904820128567554,1.0,0.0,1.0,0.0,0.0,0.0,1.0,0.0,0.0,0
0.5985274833680794,-0.30506725013339,0.7735494429173376,0.11014477280685954,2.9743116108373644,1.0,0.0,1.0,0.0,0.0,1.0,0.0,0.0,0.0,1
0.108894398152046,1.6041731945681648,1.4215898285020827,2.713139410011669,0.4367917517450844,1.0,0.0,0.0,0.0,1.0,0.0,1.0,0.0,0.0,0
0.17009853380405018,-1.333119797280381,1.4004844021696377,-0.8337455242994707,-0.40904820128567554,1.0,0.0,0.0,1.0,0.0,0.0,0.0,1.0,0.0,0
0.7209357546720877,-1.2352100308854295,0.8019206717576738,-0.8205025841135231,2.9743116108373644,0.0,1.0,1.0,0.0,0.0,0.0,0.0,1.0,0.0,1
1.2717729755401253,1.6041731945681648,-1.07023444110888,0.09458881708883402,1.2826317047758444,0.0,1.0,0.0,0.0,1.0,0.0,0.0,1.0,0.0,0
-1.0539841792360332,1.4573085449757375,1.1634808441741493,2.2867611967346124,-0.40904820128567554,0.0,1.0,1.0,0.0,0.0,0.0,0.0,1.0,0.0,1
-1.2988007218440498,-0.2561123669359142,-1.0494750053720487,-0.6993947845952707,-0.40904820128567554,0.0,1.0,1.0,0.0,0.0,1.0,0.0,0.0,0.0,1
-1.2988007218440498,-0.1582026005409627,0.8157602955822281,0.2892314559369704,0.4367917517450844,0.0,1.0,1.0,0.0,0.0,0.0,0.0,1.0,0.0,1
1.2717729755401253,0.13552669864389189,0.6175076842954906,0.4672595507228809,-0.40904820128567554,0.0,1.0,0.0,1.0,0.0,0.0,0.0,0.0,1.0,0
-0.0747180088039665,0.4782108810262222,0.8711187908804442,0.9833901767629728,-0.40904820128567554,1.0,0.0,1.0,0.0,0.0,0.0,0.0,1.0,0.0,1
-0.5643510940199998,0.03761693224894037,0.08848806360191055,0.07704271528371152,-0.40904820128567554,1.0,0.0,0.0,1.0,0.0,0.0,1.0,0.0,0.0,0
1.0881605685841127,1.163579245790883,0.4552380949525941,1.307074734769144,-0.40904820128567554,0.0,1.0,1.0,0.0,0.0,0.0,0.0,1.0,0.0,1
-1.3600048574960542,-0.2561123669359142,1.5437245087537725,0.5235023494502509,1.2826317047758444,0.0,1.0,0.0,0.0,1.0,0.0,0.0,1.0,0.0,0
-1.1151883148880375,-1.2352100308854295,-1.404807347067475,-1.1920723858696016,-0.40904820128567554,1.0,0.0,0.0,1.0,0.0,1.0,0.0,0.0,0.0,0
-0.5643510940199998,-1.6758039796627113,-0.686184879977504,-1.3047855798183443,-0.40904820128567554,0.0,1.0,1.0,0.0,0.0,0.0,0.0,1.0,0.0,1
-0.8091676366280165,-0.45193189972581727,0.36078266235001233,-0.20981355422772613,0.4367917517450844,0.0,1.0,0.0,1.0,0.0,0.0,0.0,0.0,1.0,0
-1.5436172644520665,-1.6758039796627113,1.5810914930800686,-1.2412544003411545,-0.40904820128567554,0.0,1.0,0.0,1.0,0.0,0.0,0.0,0.0,1.0,1
-1.4212089931480583,-0.7456611989106718,-1.4238368298262367,-1.0263768452936264,1.2826317047758444,1.0,0.0,1.0,0.0,0.0,0.0,1.0,0.0,0.0,1
-0.4419428227159915,1.0656694793959314,-1.6767559552199627,-0.6815469851120511,-1.2548881543164354,0.0,1.0,1.0,0.0,0.0,1.0,0.0,0.0,0.0,0
-0.19712628010797484,-1.528939330070284,-1.5618870774761637,-1.2999160734350224,-1.2548881543164354,1.0,0.0,1.0,0.0,0.0,1.0,0.0,0.0,0.0,0
-1.6048214001040708,0.7719401802110768,-1.573304767131421,-0.6629581737878912,-1.2548881543164354,0.0,1.0,0.0,0.0,1.0,0.0,1.0,0.0,0.0,0
0.7209357546720877,0.42925599782874646,1.38629878774947,1.2883800646105643,-1.2548881543164354,1.0,0.0,0.0,1.0,0.0,0.0,1.0,0.0,0.0,0
0.7821398903240918,-0.7946160821081476,0.7410263269296355,-0.3901864221960406,1.2826317047758444,0.0,1.0,1.0,0.0,0.0,1.0,0.0,0.0,0.0,1
-0.9315759079320248,1.2125341289883587,0.5880984836683129,1.4771845887404353,1.2826317047758444,0.0,1.0,1.0,0.0,0.0,0.0,0.0,0.0,1.0,1
-1.1151883148880375,0.08657181544641612,0.053543013444911816,0.08725809280524596,2.128471657806604,1.0,0.0,1.0,0.0,0.0,1.0,0.0,0.0,0.0,1
-0.6867593653240082,-0.7946160821081476,0.951042618467244,-0.3222409293235347,0.4367917517450844,1.0,0.0,1.0,0.0,0.0,0.0,0.0,0.0,1.0,1
1.516589518148142,-0.5498416661207688,-1.2162424724579255,-0.891004567837273,0.4367917517450844,1.0,0.0,0.0,1.0,0.0,0.0,1.0,0.0,0.0,0
-1.0539841792360332,-1.6758039796627113,-0.3986666950223931,-1.3026631101882225,0.4367917517450844,1.0,0.0,0.0,0.0,1.0,1.0,0.0,0.0,0.0,1
-0.38073868706398734,-0.20715748373843845,-0.059249920725204144,-0.1878690178524508,1.2826317047758444,1.0,0.0,1.0,0.0,0.0,0.0,0.0,1.0,0.0,1
-1.0539841792360332,-0.500886782923293,-1.3726302216753867,-0.9421714354542017,2.128471657806604,1.0,0.0,1.0,0.0,0.0,0.0,0.0,1.0,0.0,1
-0.992780043584029,1.6531280777656405,-0.30317329063296977,0.9351344270925953,1.2826317047758444,1.0,0.0,1.0,0.0,0.0,0.0,0.0,1.0,0.0,1
-0.258330415759979,0.2334364650388434,-0.6595436041152376,-0.2346374508992267,-1.2548881543164354,0.0,1.0,0.0,0.0,1.0,0.0,0.0,1.0,0.0,0
0.9657522972801044,1.5062634281732132,-1.631431187194548,-0.5214884274689432,2.128471657806604,0.0,1.0,1.0,0.0,0.0,0.0,0.0,1.0,0.0,0
1.3329771111921294,-1.724758862860187,-1.2816346950289434,-1.3407617046959968,1.2826317047758444,0.0,1.0,1.0,0.0,0.0,0.0,0.0,0.0,1.0,1
-0.625555229672004,0.722985297013601,0.8887643112567508,1.2494293064857087,-0.40904820128567554,1.0,0.0,0.0,1.0,0.0,0.0,0.0,1.0,0.0,0
1.577793653800146,-1.528939330070284,-1.692325532022586,-1.3046532562753193,2.9743116108373644,0.0,1.0,1.0,0.0,0.0,1.0,0.0,0.0,0.0,1
1.0269564329321086,-1.137300264490478,1.477986295587141,-0.5887617167428818,0.4367917517450844,0.0,1.0,1.0,0.0,0.0,0.0,0.0,1.0,0.0,1
0.4149150764120669,-0.8435709653056234,-1.455667964622711,-1.07244661003323,-0.40904820128567554,1.0,0.0,0.0,1.0,0.0,0.0,0.0,1.0,0.0,0
0.9657522972801044,-1.1862551476879537,1.0105530009128265,-0.7272039003974164,-0.40904820128567554,1.0,0.0,1.0,0.0,0.0,0.0,0.0,0.0,1.0,1
-1.2988007218440498,0.5761206474211737,1.3544676529529955,1.4187346333154074,-1.2548881543164354,1.0,0.0,1.0,0.0,0.0,0.0,1.0,0.0,0.0,0
-0.013513873151962338,-0.5498416661207688,1.5015136560888827,0.14280751616716442,1.2826317047758444,0.0,1.0,1.0,0.0,0.0,0.0,0.0,0.0,1.0,1
1.577793653800146,1.0167145961984556,1.2468645777170875,1.8528087838548015,1.2826317047758444,1.0,0.0,1.0,0.0,0.0,0.0,0.0,0.0,1.0,1
1.4553853824961378,-0.060292834146011165,-0.7595348862476409,-0.4622021872519971,-0.40904820128567554,0.0,1.0,1.0,0.0,0.0,0.0,0.0,0.0,1.0,1
1.577793653800146,-1.528939330070284,-0.602109165243338,-1.2219563348263802,-1.2548881543164354,0.0,1.0,0.0,0.0,1.0,0.0,0.0,1.0,0.0,0
0.17009853380405018,-0.6967063157131961,-0.27895394894000025,-0.6333124072085576,-0.40904820128567554,0.0,1.0,1.0,0.0,0.0,0.0,0.0,0.0,1.0,1
1.3329771111921294,1.0167145961984556,-1.2726389395429833,-0.341644853672729,-0.40904820128567554,0.0,1.0,0.0,1.0,0.0,0.0,0.0,1.0,0.0,0
0.9045481616281003,0.527165764223698,-1.6774479364111903,-0.8148073788217246,-0.40904820128567554,0.0,1.0,1.0,0.0,0.0,0.0,0.0,0.0,1.0,1
-0.6867593653240082,0.8698499466060283,1.252400427246909,1.6965029218918841,-0.40904820128567554,1.0,0.0,1.0,0.0,0.0,1.0,0.0,0.0,0.0,0
-1.4212089931480583,-1.6268490964652356,0.16253005106327492,-1.2408203791200323,-1.2548881543164354,0.0,1.0,1.0,0.0,0.0,1.0,0.0,0.0,0.0,1
-0.6867593653240082,0.8208950634085526,0.35144091626843843,0.9082092325578569,-0.40904820128567554,1.0,0.0,1.0,0.0,0.0,0.0,0.0,1.0,0.0,1
-0.625555229672004,-0.2561123669359142,1.4527289821073297,0.49742931853259365,1.2826317047758444,1.0,0.0,1.0,0.0,0.0,1.0,0.0,0.0,0.0,1
-0.4419428227159915,1.6041731945681648,0.546579612194651,1.7991383548038387,0.4367917517450844,0.0,1.0,1.0,0.0,0.0,0.0,0.0,1.0,0.0,1
0.47611921206407104,-0.1582026005409627,0.6358451858630249,0.19298460368226578,0.4367917517450844,1.0,0.0,1.0,0.0,0.0,0.0,0.0,1.0,0.0,1
0.17009853380405018,0.6740304138161253,0.9683421482479366,1.2503238136365578,-1.2548881543164354,0.0,1.0,1.0,0.0,0.0,0.0,0.0,1.0,0.0,0
1.6389977894521501,-0.9904356148980507,-1.3522167765341695,-1.0927926780087625,-1.2548881543164354,1.0,0.0,0.0,0.0,1.0,0.0,0.0,0.0,1.0,0
0.7209357546720877,0.13552669864389189,-0.508345713831984,-0.20153010043435757,-0.40904820128567554,0.0,1.0,1.0,0.0,0.0,0.0,0.0,1.0,0.0,0
-1.6048214001040708,0.4782108810262222,1.5952771075002363,1.48285862226535,-0.40904820128567554,0.0,1.0,1.0,0.0,0.0,1.0,0.0,0.0,0.0,1
-0.0747180088039665,0.527165764223698,1.4385433676871617,1.4219527418817768,-0.40904820128567554,0.0,1.0,1.0,0.0,0.0,0.0,1.0,0.0,0.0,0
-1.1763924505400416,0.3803011146312707,1.3042990165889867,1.1612594832972534,-1.2548881543164354,1.0,0.0,1.0,0.0,0.0,0.0,0.0,1.0,0.0,1
1.3329771111921294,-1.333119797280381,-0.1903803564628543,-1.0505391242500015,-1.2548881543164354,1.0,0.0,0.0,1.0,0.0,0.0,0.0,0.0,1.0,0
0.35371094076006265,0.6740304138161253,1.2112275463688607,1.4435691158703499,1.2826317047758444,0.0,1.0,1.0,0.0,0.0,0.0,0.0,1.0,0.0,1
-0.013513873151962338,1.163579245790883,-1.5871443909559748,-0.5764820919501566,0.4367917517450844,1.0,0.0,1.0,0.0,0.0,0.0,0.0,0.0,1.0,0
1.516589518148142,-1.0393904980955264,-1.240807804746509,-1.0931473051040697,0.4367917517450844,1.0,0.0,1.0,0.0,0.0,0.0,0.0,1.0,0.0,1
-0.8703717722800207,-0.011337950948535399,-0.32220277339173176,-0.1908912875751431,-0.40904820128567554,1.0,0.0,0.0,1.0,0.0,0.0,1.0,0.0,0.0,0
0.23130266945605435,1.3104438953833102,-0.08208530003571826,0.9222355281185128,-0.40904820128567554,1.0,0.0,1.0,0.0,0.0,0.0,0.0,0.0,1.0,0
-1.3600048574960542,1.6041731945681648,-0.8429186197905791,0.32950015655035547,0.4367917517450844,1.0,0.0,1.0,0.0,0.0,1.0,0.0,0.0,0.0,0
-1.0539841792360332,0.2334364650388434,-0.5211473658696968,-0.14090474596199787,2.128471657806604,1.0,0.0,1.0,0.0,0.0,0.0,0.0,1.0,0.0,1
1.2105688398881211,-0.5987965493182446,-1.1913311495737282,-0.888950906449524,-0.40904820128567554,1.0,0.0,1.0,0.0,0.0,0.0,1.0,0.0,0.0,0
0.04769026250004183,0.6250755306186495,-0.06236383608572893,0.4256464429123613,-0.40904820128567554,0.0,1.0,1.0,0.0,0.0,0.0,1.0,0.0,0.0,1
-0.5031469583679957,-0.8925258485030991,0.9918695087496784,-0.4133695069340304,-0.40904820128567554,0.0,1.0,0.0,0.0,1.0,1.0,0.0,0.0,0.0,1
0.108894398152046,-1.4310295636753325,0.5337779601569383,-1.0347820367465779,-0.40904820128567554,0.0,1.0,0.0,1.0,0.0,0.0,1.0,0.0,0.0,0
-0.31953455141198317,-1.5778942132677598,-1.3816259771613468,-1.296491540141534,-0.40904820128567554,1.0,0.0,0.0,1.0,0.0,0.0,0.0,1.0,0.0,0
-0.5643510940199998,1.6041731945681648,-0.06755369501993642,1.1457670428798794,1.2826317047758444,1.0,0.0,1.0,0.0,0.0,0.0,0.0,0.0,1.0,1
0.47611921206407104,1.163579245790883,0.6590265557691529,1.4940902445973163,0.4367917517450844,0.0,1.0,1.0,0.0,0.0,1.0,0.0,0.0,0.0,1
-1.5436172644520665,0.9188048298035041,0.07880032692472266,0.7660990402906678,1.2826317047758444,1.0,0.0,1.0,0.0,0.0,0.0,0.0,0.0,1.0,1
-0.0747180088039665,-0.9904356148980507,-0.3993586762136207,-0.8643598992137476,0.4367917517450844,0.0,1.0,0.0,1.0,0.0,0.0,1.0,0.0,0.0,1
0.9045481616281003,-0.35402213333086574,0.3971116748894667,-0.09812719097285764,0.4367917517450844,0.0,1.0,1.0,0.0,0.0,0.0,0.0,1.0,0.0,1
-0.5643510940199998,-0.6477514325157203,1.596661069882692,0.06059754535655747,-0.40904820128567554,1.0,0.0,0.0,0.0,1.0,0.0,0.0,1.0,0.0,0
-0.31953455141198317,-1.0883453812930022,-1.426258763995534,-1.1446952645249104,0.4367917517450844,0.0,1.0,1.0,0.0,0.0,0.0,0.0,1.0,0.0,1
1.2717729755401253,0.6250755306186495,-0.4052405163390562,0.16484732549341768,1.2826317047758444,0.0,1.0,0.0,0.0,1.0,0.0,1.0,0.0,0.0,0
1.2105688398881211,-0.1582026005409627,-0.3478060774671569,-0.30101094008059476,1.2826317047758444,1.0,0.0,1.0,0.0,0.0,0.0,1.0,0.0,0.0,1
1.3329771111921294,-0.5498416661207688,0.24176189745884727,-0.33443586704872397,0.4367917517450844,1.0,0.0,1.0,0.0,0.0,0.0,0.0,0.0,1.0,1
0.17009853380405018,-0.7456611989106718,-1.2280061527087966,-0.9681968298963697,-1.2548881543164354,0.0,1.0,1.0,0.0,0.0,0.0,0.0,0.0,1.0,1
0.7209357546720877,-0.9414807317005749,-1.1435844473790167,-1.0179769467823958,-0.40904820128567554,1.0,0.0,0.0,1.0,0.0,1.0,0.0,0.0,0.0,0
0.4149150764120669,-0.6477514325157203,-0.7671466793511456,-0.7690393117602182,-1.2548881543164354,1.0,0.0,1.0,0.0,0.0,1.0,0.0,0.0,0.0,1
1.4553853824961378,1.0167145961984556,1.5527202642397329,2.127459529757608,0.4367917517450844,0.0,1.0,0.0,0.0,1.0,0.0,0.0,1.0,0.0,0
0.2925068051080585,1.0656694793959314,0.7853131231682087,1.5035540243944683,0.4367917517450844,0.0,1.0,0.0,0.0,1.0,1.0,0.0,0.0,0.0,0
0.4149150764120669,-1.0883453812930022,0.53481593194378,-0.716438056936898,-0.40904820128567554,1.0,0.0,0.0,1.0,0.0,0.0,0.0,0.0,1.0,0
-1.666025535756075,-0.7946160821081476,1.0721393269320922,-0.2890912353248977,-1.2548881543164354,0.0,1.0,0.0,1.0,0.0,0.0,0.0,0.0,1.0,0
-0.8703717722800207,-0.30506725013339,-1.3131198392298042,-0.8495237835697784,1.2826317047758444,1.0,0.0,0.0,1.0,0.0,0.0,0.0,1.0,0.0,0
0.2925068051080585,-0.8435709653056234,1.2184933488767518,-0.30155611307785796,-1.2548881543164354,1.0,0.0,0.0,1.0,0.0,1.0,0.0,0.0,0.0,1
0.4149150764120669,0.8208950634085526,0.30334822347811297,0.8739109702057622,-0.40904820128567554,1.0,0.0,1.0,0.0,0.0,0.0,1.0,0.0,0.0,0
-1.4212089931480583,0.9677597130009798,-0.5944973721398333,0.22790214021571747,-0.40904820128567554,0.0,1.0,0.0,1.0,0.0,1.0,0.0,0.0,0.0,0
0.5985274833680794,-0.6477514325157203,1.06833343038034,-0.11750465061344693,-0.40904820128567554,1.0,0.0,0.0,0.0,1.0,1.0,0.0,0.0,0.0,0
0.7821398903240918,1.2614890121858344,1.0223166811636977,1.921971653323138,0.4367917517450844,0.0,1.0,1.0,0.0,0.0,0.0,0.0,0.0,1.0,0
1.3329771111921294,-0.1582026005409627,1.1714386278732676,0.4775913729622775,-0.40904820128567554,0.0,1.0,0.0,0.0,1.0,1.0,0.0,0.0,0.0,0
1.3329771111921294,-0.8925258485030991,-1.3549847012990803,-1.0620989089686705,0.4367917517450844,0.0,1.0,1.0,0.0,0.0,0.0,0.0,0.0,1.0,1
1.516589518148142,-0.1582026005409627,1.5994289946476028,0.6720593447336208,-1.2548881543164354,0.0,1.0,1.0,0.0,0.0,1.0,0.0,0.0,0.0,0
-1.0539841792360332,-0.20715748373843845,1.565521916277445,0.6145038964594424,1.2826317047758444,1.0,0.0,1.0,0.0,0.0,0.0,0.0,0.0,1.0,1
-1.6048214001040708,1.2125341289883587,-0.5176874599135581,0.43188152825970205,-1.2548881543164354,0.0,1.0,1.0,0.0,0.0,1.0,0.0,0.0,0.0,0
0.9657522972801044,0.8698499466060283,-1.5265960367235507,-0.6032961347087539,0.4367917517450844,0.0,1.0,0.0,0.0,1.0,1.0,0.0,0.0,0.0,0
-0.6867593653240082,-0.9414807317005749,-1.1764535539623324,-1.0319556058675627,-1.2548881543164354,1.0,0.0,0.0,0.0,1.0,1.0,0.0,0.0,0.0,1
0.6597316190200835,-0.8435709653056234,1.6803907940212441,-0.15928183961731757,2.9743116108373644,0.0,1.0,0.0,1.0,0.0,1.0,0.0,0.0,0.0,1
-0.5031469583679957,1.6531280777656405,0.19332321407290778,1.4615915824303627,-1.2548881543164354,1.0,0.0,0.0,0.0,1.0,0.0,0.0,0.0,1.0,0
-0.8703717722800207,-0.10924771734348693,-0.520801375274083,-0.3540250443581533,-0.40904820128567554,0.0,1.0,1.0,0.0,0.0,0.0,1.0,0.0,0.0,1
0.23130266945605435,-0.5498416661207688,-0.7574589426739576,-0.7111874587496637,0.4367917517450844,1.0,0.0,1.0,0.0,0.0,0.0,0.0,0.0,1.0,1
0.35371094076006265,1.555218311370689,-0.8654080085054794,0.28375326125573314,-0.40904820128567554,1.0,0.0,1.0,0.0,0.0,0.0,1.0,0.0,0.0,0
-0.19712628010797484,-1.2352100308854295,0.5434656968341263,-0.8510163931351009,-0.40904820128567554,0.0,1.0,0.0,0.0,1.0,1.0,0.0,0.0,0.0,1
-1.2988007218440498,-0.9904356148980507,-0.3035192812285838,-0.836990097574445,0.4367917517450844,0.0,1.0,1.0,0.0,0.0,0.0,0.0,1.0,0.0,1
0.4149150764120669,1.2125341289883587,1.5855893708230488,2.40007778603955,0.4367917517450844,0.0,1.0,0.0,0.0,1.0,0.0,1.0,0.0,0.0,0
1.1493647042361168,-1.4310295636753325,0.611279853574441,-1.023153443785536,-1.2548881543164354,1.0,0.0,0.0,1.0,0.0,0.0,0.0,0.0,1.0,1
0.04769026250004183,-0.9904356148980507,0.9856416780286292,-0.5195194531487304,1.2826317047758444,0.0,1.0,0.0,0.0,1.0,0.0,1.0,0.0,0.0,1
-0.38073868706398734,-0.9904356148980507,-0.7418893658713342,-0.9491475326424825,0.4367917517450844,0.0,1.0,1.0,0.0,0.0,1.0,0.0,0.0,0.0,1
0.7821398903240918,0.18448158184136765,-1.4805792875069084,-0.7745651429169446,1.2826317047758444,0.0,1.0,1.0,0.0,0.0,0.0,0.0,1.0,0.0,1
0.9045481616281003,-1.1862551476879537,-0.06686171382870885,-0.9242230700782831,-1.2548881543164354,0.0,1.0,0.0,1.0,0.0,0.0,0.0,0.0,1.0,1
-0.9315759079320248,-0.060292834146011165,-0.6661174254319007,-0.42056261473287254,0.4367917517450844,0.0,1.0,0.0,1.0,0.0,0.0,0.0,0.0,1.0,0
-0.9315759079320248,-0.7456611989106718,-1.0553568454974842,-0.9175910141018673,1.2826317047758444,1.0,0.0,1.0,0.0,0.0,0.0,1.0,0.0,0.0,0
-1.666025535756075,0.6740304138161253,1.5413025745844757,1.68861114578587,0.4367917517450844,0.0,1.0,0.0,0.0,1.0,1.0,0.0,0.0,0.0,0
1.577793653800146,0.33134623143379494,-0.21840559470757592,0.10365562625691092,-0.40904820128567554,0.0,1.0,0.0,0.0,1.0,0.0,0.0,0.0,1.0,0
0.47611921206407104,-0.9414807317005749,-1.1501582686956797,-1.030680006912801,0.4367917517450844,1.0,0.0,1.0,0.0,0.0,1.0,0.0,0.0,0.0,0
-1.4824131288000624,-0.20715748373843845,-1.0671205257483554,-0.688263728156003,-0.40904820128567554,1.0,0.0,1.0,0.0,0.0,0.0,0.0,0.0,1.0,0
0.5373233477160752,0.2334364650388434,-0.7834082373449965,-0.3117661976576713,-1.2548881543164354,0.0,1.0,1.0,0.0,0.0,0.0,0.0,1.0,0.0,0
0.9657522972801044,-1.4799844468728083,1.7028801827361448,-0.9751623412012087,0.4367917517450844,0.0,1.0,1.0,0.0,0.0,0.0,0.0,1.0,0.0,1
0.7209357546720877,-0.45193189972581727,-0.8273490429879559,-0.6918576355845635,-1.2548881543164354,0.0,1.0,0.0,1.0,0.0,0.0,0.0,1.0,0.0,0
1.516589518148142,-0.7946160821081476,-0.6169867608547336,-0.801765570421175,0.4367917517450844,1.0,0.0,1.0,0.0,0.0,0.0,0.0,1.0,0.0,1
1.0881605685841127,-0.5498416661207688,0.5265121576490477,-0.22498312520011848,-1.2548881543164354,0.0,1.0,0.0,1.0,0.0,0.0,0.0,1.0,0.0,0
-0.9315759079320248,1.4573085449757375,-0.7373914881283543,0.3657779791061051,-1.2548881543164354,1.0,0.0,0.0,1.0,0.0,0.0,0.0,1.0,0.0,0
1.6389977894521501,-1.333119797280381,-1.0079561338983867,-1.162564235775014,1.2826317047758444,1.0,0.0,1.0,0.0,0.0,0.0,1.0,0.0,0.0,1
0.5985274833680794,0.8208950634085526,-1.20586275458951,-0.3535010431277741,0.4367917517450844,1.0,0.0,1.0,0.0,0.0,0.0,0.0,1.0,0.0,1
-0.258330415759979,1.2125341289883587,-0.6726912467485638,0.2968268273066086,-0.40904820128567554,0.0,1.0,1.0,0.0,0.0,0.0,0.0,1.0,0.0,0
-0.5643510940199998,0.08657181544641612,-1.38819979847801,-0.7523294947470142,-0.40904820128567554,0.0,1.0,1.0,0.0,0.0,0.0,0.0,1.0,0.0,1
-1.666025535756075,-1.6268490964652356,-1.6902495884489028,-1.3281115739828013,-1.2548881543164354,0.0,1.0,0.0,1.0,0.0,0.0,0.0,0.0,1.0,1
0.5985274833680794,1.6531280777656405,1.0292364930759743,2.3619686056483333,2.128471657806604,0.0,1.0,0.0,0.0,1.0,0.0,0.0,0.0,1.0,0
-1.4212089931480583,0.9188048298035041,-1.2774828078815774,-0.3826281014184494,-1.2548881543164354,1.0,0.0,1.0,0.0,0.0,0.0,0.0,1.0,0.0,0
-0.7479635009760124,-1.724758862860187,0.9302831827304127,-1.3130902053785969,0.4367917517450844,1.0,0.0,1.0,0.0,0.0,1.0,0.0,0.0,0.0,1
-0.258330415759979,1.6531280777656405,1.004671160787391,2.333460821539015,0.4367917517450844,1.0,0.0,1.0,0.0,0.0,1.0,0.0,0.0,0.0,0
1.7002019251041545,0.42925599782874646,0.10647957457383123,0.39547138216092764,0.4367917517450844,1.0,0.0,1.0,0.0,0.0,0.0,0.0,0.0,1.0,0
-0.0747180088039665,0.527165764223698,-0.6830709646169795,-0.09206147976058905,0.4367917517450844,0.0,1.0,1.0,0.0,0.0,0.0,0.0,0.0,1.0,1
-1.666025535756075,-0.500886782923293,-1.252917475592994,-0.8908934160611319,-0.40904820128567554,0.0,1.0,0.0,1.0,0.0,0.0,0.0,0.0,1.0,0
0.35371094076006265,-1.0883453812930022,0.794654869249783,-0.6618784136768068,-1.2548881543164354,0.0,1.0,1.0,0.0,0.0,0.0,0.0,1.0,0.0,1
0.47611921206407104,0.8698499466060283,0.3261836027886271,0.9284335628738065,-1.2548881543164354,1.0,0.0,0.0,0.0,1.0,1.0,0.0,0.0,0.0,0
-1.4824131288000624,1.7020829609631163,0.513364515015721,1.8545448687392903,-0.40904820128567554,1.0,0.0,1.0,0.0,0.0,0.0,1.0,0.0,0.0,0
-1.727229671408079,0.4782108810262222,-1.724502657414674,-0.8550072711927366,-0.40904820128567554,1.0,0.0,0.0,0.0,1.0,1.0,0.0,0.0,0.0,0
0.6597316190200835,-0.2561123669359142,1.4544589350853987,0.49008271542384274,-1.2548881543164354,0.0,1.0,0.0,0.0,1.0,0.0,0.0,1.0,0.0,0
-1.0539841792360332,1.1146243625934071,-1.5252120743410955,-0.5207262438611189,-1.2548881543164354,0.0,1.0,1.0,0.0,0.0,0.0,1.0,0.0,0.0,0
1.6389977894521501,-0.35402213333086574,-0.4855103345214699,-0.49317648220330224,-0.40904820128567554,1.0,0.0,1.0,0.0,0.0,0.0,0.0,0.0,1.0,1
0.4149150764120669,-0.9414807317005749,-0.3612997106960969,-0.8217517183596795,-1.2548881543164354,0.0,1.0,0.0,1.0,0.0,0.0,0.0,1.0,0.0,0
0.9657522972801044,-1.0883453812930022,-1.7497599708944855,-1.2163352307186759,0.4367917517450844,1.0,0.0,0.0,1.0,0.0,0.0,0.0,0.0,1.0,0
-0.38073868706398734,-0.011337950948535399,-0.03468458843662086,-0.033203967823044196,-0.40904820128567554,1.0,0.0,0.0,0.0,1.0,1.0,0.0,0.0,0.0,0
1.0881605685841127,1.0656694793959314,0.8500133645479991,1.5634489529093296,-0.40904820128567554,1.0,0.0,0.0,1.0,0.0,0.0,1.0,0.0,0.0,0
0.108894398152046,-0.5987965493182446,1.093936734455765,-0.06100779068346909,-1.2548881543164354,0.0,1.0,1.0,0.0,0.0,0.0,0.0,0.0,1.0,0
-1.1151883148880375,1.3104438953833102,1.2880374585951357,2.2406120378691936,-1.2548881543164354,0.0,1.0,0.0,0.0,1.0,0.0,0.0,1.0,0.0,0
-1.1763924505400416,-0.5498416661207688,-0.06720770442432288,-0.44938268240372964,0.4367917517450844,0.0,1.0,0.0,0.0,1.0,1.0,0.0,0.0,0.0,1
-1.6048214001040708,1.1146243625934071,0.42721285670787196,1.2325236506288277,-1.2548881543164354,0.0,1.0,0.0,1.0,0.0,0.0,1.0,0.0,0.0,0
1.516589518148142,-0.20715748373843845,-1.479541315720067,-0.8774387582063442,0.4367917517450844,0.0,1.0,0.0,0.0,1.0,0.0,0.0,1.0,0.0,0
-0.9315759079320248,-0.8925258485030991,-0.06616973263748128,-0.7020465483974928,-0.40904820128567554,1.0,0.0,0.0,1.0,0.0,0.0,1.0,0.0,0.0,0
-0.8091676366280165,0.03761693224894037,-1.2190103972228366,-0.6721096700235042,-1.2548881543164354,1.0,0.0,0.0,1.0,0.0,0.0,0.0,0.0,1.0,0
-1.1763924505400416,-0.500886782923293,-0.47582259784428205,-0.5854959717010234,-0.40904820128567554,0.0,1.0,0.0,1.0,0.0,1.0,0.0,0.0,0.0,0
-0.013513873151962338,-1.333119797280381,-0.6152568078766645,-1.112725896530057,1.2826317047758444,0.0,1.0,0.0,1.0,0.0,0.0,0.0,0.0,1.0,1
-1.1763924505400416,1.359398778580786,-0.2893336668084157,0.7517234105764256,1.2826317047758444,0.0,1.0,1.0,0.0,0.0,0.0,0.0,0.0,1.0,0
-1.0539841792360332,-0.7946160821081476,0.22307840529569906,-0.5484983090712177,-0.40904820128567554,0.0,1.0,0.0,1.0,0.0,1.0,0.0,0.0,0.0,1
0.04769026250004183,0.8698499466060283,1.3693452485643913,1.78779028775401,-0.40904820128567554,1.0,0.0,0.0,1.0,0.0,0.0,1.0,0.0,0.0,0
0.7209357546720877,-0.30506725013339,-0.3896709395364328,-0.417048101430127,-1.2548881543164354,0.0,1.0,1.0,0.0,0.0,0.0,0.0,1.0,0.0,1
-1.727229671408079,0.8208950634085526,1.6399098943344235,1.9502994774139417,-0.40904820128567554,0.0,1.0,1.0,0.0,0.0,0.0,0.0,0.0,1.0,0
-1.4824131288000624,1.3104438953833102,0.8714647814760582,1.8258147810776901,0.4367917517450844,0.0,1.0,0.0,1.0,0.0,0.0,0.0,1.0,0.0,0
-0.5643510940199998,-1.2352100308854295,0.015138057331774252,-0.9412292918278632,-1.2548881543164354,1.0,0.0,0.0,1.0,0.0,0.0,0.0,1.0,0.0,1
-1.2988007218440498,-0.2561123669359142,0.47357559652012826,0.028135933781650743,1.2826317047758444,1.0,0.0,1.0,0.0,0.0,1.0,0.0,0.0,0.0,1
0.843344025976096,0.6250755306186495,-1.4010014505157227,-0.5842150798045408,-0.40904820128567554,0.0,1.0,0.0,0.0,1.0,0.0,0.0,1.0,0.0,0
-1.0539841792360332,-0.8435709653056234,1.1672867407259016,-0.31046942693602586,0.4367917517450844,1.0,0.0,0.0,0.0,1.0,1.0,0.0,0.0,0.0,1
-1.727229671408079,-1.1862551476879537,0.26044538962199504,-0.8701503774565241,2.128471657806604,1.0,0.0,1.0,0.0,0.0,0.0,0.0,0.0,1.0,1
1.7002019251041545,-1.0393904980955264,1.657209424115116,-0.4227115490715994,-1.2548881543164354,1.0,0.0,1.0,0.0,0.0,0.0,1.0,0.0,0.0,1
1.516589518148142,-0.2561123669359142,0.44728031125347534,0.013765597009129603,2.128471657806604,0.0,1.0,0.0,0.0,1.0,0.0,0.0,1.0,0.0,1
-0.5643510940199998,0.33134623143379494,1.1313037187820607,0.9966807534244092,-1.2548881543164354,1.0,0.0,0.0,0.0,1.0,0.0,0.0,1.0,0.0,0
-0.0747180088039665,0.03761693224894037,1.0126289444865098,0.6009804303622818,1.2826317047758444,1.0,0.0,1.0,0.0,0.0,0.0,0.0,1.0,0.0,1
1.7002019251041545,-0.35402213333086574,-0.5592063313872205,-0.5225681875800277,0.4367917517450844,1.0,0.0,1.0,0.0,0.0,0.0,1.0,0.0,0.0,1
0.843344025976096,-0.500886782923293,-0.8564122530195193,-0.7219480092684613,-1.2548881543164354,1.0,0.0,1.0,0.0,0.0,0.0,0.0,0.0,1.0,1
0.47611921206407104,-1.6758039796627113,-0.26511432511544625,-1.2976718661453175,0.4367917517450844,1.0,0.0,0.0,1.0,0.0,0.0,0.0,1.0,0.0,1
1.0881605685841127,-1.0393904980955264,-0.13813577652516246,-0.8335232207471887,-0.40904820128567554,0.0,1.0,1.0,0.0,0.0,0.0,1.0,0.0,0.0,1
0.47611921206407104,-1.5778942132677598,-0.9238804191642206,-1.2817401115651006,-0.40904820128567554,1.0,0.0,1.0,0.0,0.0,0.0,1.0,0.0,0.0,0
-1.0539841792360332,0.6740304138161253,1.3406280291284411,1.5351528864688517,-0.40904820128567554,1.0,0.0,1.0,0.0,0.0,0.0,1.0,0.0,0.0,0
0.47611921206407104,0.08657181544641612,0.1223951419720682,0.13529153892334134,-0.40904820128567554,1.0,0.0,0.0,0.0,1.0,0.0,0.0,1.0,0.0,0
1.2105688398881211,-0.6477514325157203,1.6305681482528496,0.07488319506154265,-1.2548881543164354,0.0,1.0,1.0,0.0,0.0,0.0,0.0,0.0,1.0,0
1.2105688398881211,1.1146243625934071,1.0479199852391226,1.7895793020557087,0.4367917517450844,1.0,0.0,1.0,0.0,0.0,1.0,0.0,0.0,0.0,1
1.6389977894521501,-0.4029770165283415,0.16806590059309645,-0.2367440417041856,-0.40904820128567554,1.0,0.0,0.0,0.0,1.0,0.0,0.0,0.0,1.0,0
0.9045481616281003,1.4573085449757375,1.5219271012301,2.6452891900901414,-0.40904820128567554,0.0,1.0,1.0,0.0,0.0,0.0,0.0,1.0,0.0,0
1.6389977894521501,-1.3820746804778568,-0.00769732197874036,-1.058647910966577,0.4367917517450844,1.0,0.0,1.0,0.0,0.0,0.0,0.0,1.0,0.0,1
-0.0747180088039665,-0.35402213333086574,1.3146787344574022,0.31003800984223023,-0.40904820128567554,1.0,0.0,0.0,1.0,0.0,0.0,1.0,0.0,0.0,0
1.0881605685841127,-1.2352100308854295,-0.515611516339875,-1.0287004467091465,-0.40904820128567554,1.0,0.0,1.0,0.0,0.0,0.0,0.0,1.0,0.0,1
-0.8703717722800207,-0.8925258485030991,-0.4446834442390354,-0.8081382722532618,0.4367917517450844,0.0,1.0,0.0,0.0,1.0,1.0,0.0,0.0,0.0,0
-1.4212089931480583,0.9188048298035041,-0.30801715897156373,0.4414088233575061,0.4367917517450844,0.0,1.0,1.0,0.0,0.0,0.0,0.0,0.0,1.0,0
0.9045481616281003,0.6740304138161253,0.13658075639223602,0.6142657140819974,-0.40904820128567554,1.0,0.0,1.0,0.0,0.0,1.0,0.0,0.0,0.0,1
-0.5643510940199998,-1.0883453812930022,0.16045410748959174,-0.8054918013927608,0.4367917517450844,0.0,1.0,0.0,0.0,1.0,1.0,0.0,0.0,0.0,1
1.2717729755401253,-1.333119797280381,-0.03710652260591759,-1.0268426241650745,-1.2548881543164354,1.0,0.0,1.0,0.0,0.0,0.0,0.0,0.0,1.0,1
-0.9315759079320248,-1.2352100308854295,-0.6958726166546919,-1.058621446257972,0.4367917517450844,0.0,1.0,0.0,1.0,0.0,0.0,0.0,0.0,1.0,1
-1.666025535756075,1.3104438953833102,1.453420963298557,2.394266136029889,0.4367917517450844,1.0,0.0,1.0,0.0,0.0,1.0,0.0,0.0,0.0,0
-1.2375965861920457,1.5062634281732132,0.281896806550054,1.434094750189756,-0.40904820128567554,0.0,1.0,1.0,0.0,0.0,0.0,0.0,1.0,0.0,0
0.47611921206407104,0.8208950634085526,-0.3440001809154043,0.34371699801296757,-1.2548881543164354,1.0,0.0,0.0,0.0,1.0,1.0,0.0,0.0,0.0,0
-0.5643510940199998,0.13552669864389189,0.4984869194043256,0.3995310684609364,0.4367917517450844,0.0,1.0,1.0,0.0,0.0,1.0,0.0,0.0,0.0,1
-0.19712628010797484,0.9677597130009798,0.9026039350813045,1.509842039159019,-1.2548881543164354,0.0,1.0,1.0,0.0,0.0,0.0,0.0,0.0,1.0,0
-0.013513873151962338,-0.4029770165283415,1.5693278128291974,0.3638354694944972,-1.2548881543164354,0.0,1.0,1.0,0.0,0.0,0.0,0.0,0.0,1.0,1
-1.727229671408079,0.13552669864389189,-0.026380814141888097,0.09320735929965236,0.4367917517450844,0.0,1.0,1.0,0.0,0.0,0.0,0.0,1.0,0.0,1
1.577793653800146,-0.5498416661207688,-1.3667483815499513,-0.9515822858341435,-0.40904820128567554,1.0,0.0,0.0,1.0,0.0,1.0,0.0,0.0,0.0,0
0.35371094076006265,-0.7456611989106718,-0.22947729376721943,-0.6456925978939819,-0.40904820128567554,1.0,0.0,0.0,0.0,1.0,0.0,0.0,1.0,0.0,0
-1.4212089931480583,-1.2841649140829052,-0.09730888624272768,-1.0000920967071292,-0.40904820128567554,0.0,1.0,0.0,1.0,0.0,0.0,1.0,0.0,0.0,1
0.47611921206407104,0.33134623143379494,1.3489318034231739,1.1356522312510444,0.4367917517450844,1.0,0.0,0.0,1.0,0.0,0.0,1.0,0.0,0.0,1
1.4553853824961378,-1.0393904980955264,-0.38863296774959144,-0.8857380908248758,0.4367917517450844,0.0,1.0,1.0,0.0,0.0,0.0,0.0,1.0,0.0,1
-1.4824131288000624,0.5761206474211737,1.5437245087537725,1.5674927603841755,0.4367917517450844,1.0,0.0,1.0,0.0,0.0,0.0,0.0,1.0,0.0,1
0.23130266945605435,-0.7456611989106718,-0.07620345991028273,-0.5979714353374257,-1.2548881543164354,1.0,0.0,0.0,1.0,0.0,0.0,0.0,0.0,1.0,0
1.2105688398881211,1.163579245790883,1.6146525808546122,2.3596238324659295,0.4367917517450844,1.0,0.0,1.0,0.0,0.0,0.0,1.0,0.0,0.0,0
1.3329771111921294,0.6740304138161253,-1.7262326103927434,-0.81303953628691,0.4367917517450844,0.0,1.0,1.0,0.0,0.0,0.0,0.0,0.0,1.0,1
